"GroupID","GroupLevel","Numerator","Denominator","Metric","Score","Flag","MetricID","SnapshotDate","StudyID"
"Japan","Country",690,7403,0.093205457247062,1.42953009943658,0,"Analysis_cou0001",2026-07-28,"AA-AA-000-0000"
"US","Country",927,10766,0.0861044027493962,-0.409461045449696,0,"Analysis_cou0001",2026-07-28,"AA-AA-000-0000"
"UK","Country",691,8218,0.0840837186663422,-0.888135883220633,0,"Analysis_cou0001",2026-07-28,"AA-AA-000-0000"
"Japan","Country",340,7403,0.0459273267594219,1.46874632273947,0,"Analysis_cou0002",2026-07-28,"AA-AA-000-0000"
"UK","Country",354,8218,0.0430761742516427,-0.573746635668599,0,"Analysis_cou0002",2026-07-28,"AA-AA-000-0000"
"US","Country",463,10766,0.0430057588705183,-0.716658243166332,0,"Analysis_cou0002",2026-07-28,"AA-AA-000-0000"
"Japan","Country",338,7403,0.0456571660137782,1.34070526721142,0,"Analysis_cou0003",2026-07-28,"AA-AA-000-0000"
"UK","Country",357,8218,0.0434412265758092,-0.0175204804179087,0,"Analysis_cou0003",2026-07-28,"AA-AA-000-0000"
"US","Country",452,10766,0.0419840237785621,-1.09644991642914,0,"Analysis_cou0003",2026-07-28,"AA-AA-000-0000"
"Japan","Country",346,7403,0.0467378089963528,1.3228105268149,0,"Analysis_cou0004",2026-07-28,"AA-AA-000-0000"
"US","Country",474,10766,0.0440274939624745,-0.126290692465438,0,"Analysis_cou0004",2026-07-28,"AA-AA-000-0000"
"UK","Country",347,8218,0.0422243854952543,-1.11095588172722,0,"Analysis_cou0004",2026-07-28,"AA-AA-000-0000"
"UK","Country",1201,77248,0.015547328086164,1.0088911476663,0,"Analysis_cou0005",2026-07-28,"AA-AA-000-0000"
"US","Country",1475,96754,0.0152448477582322,0.254313833591637,0,"Analysis_cou0005",2026-07-28,"AA-AA-000-0000"
"Japan","Country",983,67406,0.0145832715188559,-1.38472492799274,0,"Analysis_cou0005",2026-07-28,"AA-AA-000-0000"
"Japan","Country",7,216,0.0324074074074074,1.39353460568233,0,"Analysis_cou0006",2026-07-28,"AA-AA-000-0000"
"US","Country",5,319,0.0156739811912226,-0.315329823758466,0,"Analysis_cou0006",2026-07-28,"AA-AA-000-0000"
"UK","Country",2,230,0.00869565217391304,NA,NA,"Analysis_cou0006",2026-07-28,"AA-AA-000-0000"
"UK","Country",8,230,0.0347826086956522,1.33577296646432,0,"Analysis_cou0007",2026-07-28,"AA-AA-000-0000"
"US","Country",5,319,0.0156739811912226,-0.250703996998568,0,"Analysis_cou0007",2026-07-28,"AA-AA-000-0000"
"Japan","Country",1,216,0.00462962962962963,NA,NA,"Analysis_cou0007",2026-07-28,"AA-AA-000-0000"
"UK","Country",42582,178000,0.239224719101124,1.25994759003635,0,"Analysis_cou0008",2026-07-28,"AA-AA-000-0000"
"Japan","Country",37036,161000,0.230037267080745,0.102673942897849,0,"Analysis_cou0008",2026-07-28,"AA-AA-000-0000"
"US","Country",51700,234000,0.220940170940171,-1.18405664214657,0,"Analysis_cou0008",2026-07-28,"AA-AA-000-0000"
"Japan","Country",33968,37036,0.917161680527055,1.3657815865581,0,"Analysis_cou0009",2026-07-28,"AA-AA-000-0000"
"US","Country",47388,51700,0.916595744680851,-0.20784356810525,0,"Analysis_cou0009",2026-07-28,"AA-AA-000-0000"
"UK","Country",39018,42582,0.916302663097083,-1.04472087612726,0,"Analysis_cou0009",2026-07-28,"AA-AA-000-0000"
"Japan","Country",7480,148144,0.0504914137595853,1.41129927605381,0,"Analysis_cou0010",2026-07-28,"AA-AA-000-0000"
"US","Country",10385,206800,0.0502176015473888,-0.335645884996491,0,"Analysis_cou0010",2026-07-28,"AA-AA-000-0000"
"UK","Country",8537,170328,0.0501209431215067,-0.946348875042867,0,"Analysis_cou0010",2026-07-28,"AA-AA-000-0000"
"US","Country",61068,234000,0.260974358974359,1.33188956290607,0,"Analysis_cou0011",2026-07-28,"AA-AA-000-0000"
"UK","Country",46416,178000,0.26076404494382,-0.774378117952435,0,"Analysis_cou0011",2026-07-28,"AA-AA-000-0000"
"Japan","Country",41982,161000,0.260757763975155,-0.791459868002364,0,"Analysis_cou0011",2026-07-28,"AA-AA-000-0000"
"Japan","Country",74,290,0.255172413793103,1.45425494594568,0,"Analysis_cou0012",2026-07-28,"AA-AA-000-0000"
"US","Country",97,416,0.233173076923077,-0.59946718623069,0,"Analysis_cou0012",2026-07-28,"AA-AA-000-0000"
"UK","Country",69,299,0.230769230769231,-0.72510802286637,0,"Analysis_cou0012",2026-07-28,"AA-AA-000-0000"
"5960","Site",26,125,0.208,3.18111276210866,2,"Analysis_kri0001",2026-07-28,"AA-AA-000-0000"
"30776","Site",8,32,0.25,2.17037572828893,1,"Analysis_kri0001",2026-07-28,"AA-AA-000-0000"
"531","Site",54,774,0.0697674418604651,-1.16241128292832,-1,"Analysis_kri0001",2026-07-28,"AA-AA-000-0000"
"2392","Site",32,497,0.0643863179074447,-1.21465223134266,-1,"Analysis_kri0001",2026-07-28,"AA-AA-000-0000"
"33617","Site",28,440,0.0636363636363636,-1.18001332402104,-1,"Analysis_kri0001",2026-07-28,"AA-AA-000-0000"
"12417","Site",27,435,0.0620689655172414,-1.25045859961996,-1,"Analysis_kri0001",2026-07-28,"AA-AA-000-0000"
"37702","Site",35,570,0.0614035087719298,-1.46890754318179,-1,"Analysis_kri0001",2026-07-28,"AA-AA-000-0000"
"33296","Site",16,271,0.0590405904059041,-1.10466517912414,-1,"Analysis_kri0001",2026-07-28,"AA-AA-000-0000"
"9075","Site",7,155,0.0451612903225806,-1.24333246101097,-1,"Analysis_kri0001",2026-07-28,"AA-AA-000-0000"
"22033","Site",5,126,0.0396825396825397,-1.2661758550175,-1,"Analysis_kri0001",2026-07-28,"AA-AA-000-0000"
"21541","Site",2,61,0.0327868852459016,-1.00812885447294,-1,"Analysis_kri0001",2026-07-28,"AA-AA-000-0000"
"5444","Site",1,79,0.0126582278481013,-1.56959321552841,-1,"Analysis_kri0001",2026-07-28,"AA-AA-000-0000"
"10388","Site",8,39,0.205128205128205,1.7345373646118,0,"Analysis_kri0001",2026-07-28,"AA-AA-000-0000"
"35223","Site",10,49,0.204081632653061,1.92694421512122,0,"Analysis_kri0001",2026-07-28,"AA-AA-000-0000"
"37781","Site",7,35,0.2,1.57156348727956,0,"Analysis_kri0001",2026-07-28,"AA-AA-000-0000"
"38166","Site",8,42,0.19047619047619,1.57586321739743,0,"Analysis_kri0001",2026-07-28,"AA-AA-000-0000"
"24964","Site",11,59,0.186440677966102,1.79458304651964,0,"Analysis_kri0001",2026-07-28,"AA-AA-000-0000"
"10531","Site",5,30,0.166666666666667,1.02400359920746,0,"Analysis_kri0001",2026-07-28,"AA-AA-000-0000"
"14393","Site",12,72,0.166666666666667,1.58637955447478,0,"Analysis_kri0001",2026-07-28,"AA-AA-000-0000"
"6452","Site",11,67,0.164179104477612,1.48224073614753,0,"Analysis_kri0001",2026-07-28,"AA-AA-000-0000"
"32900","Site",6,38,0.157894736842105,1.02483233366468,0,"Analysis_kri0001",2026-07-28,"AA-AA-000-0000"
"14449","Site",6,40,0.15,0.933590242251613,0,"Analysis_kri0001",2026-07-28,"AA-AA-000-0000"
"16498","Site",21,149,0.140939597315436,1.54078161880593,0,"Analysis_kri0001",2026-07-28,"AA-AA-000-0000"
"25970","Site",10,71,0.140845070422535,1.06171686298846,0,"Analysis_kri0001",2026-07-28,"AA-AA-000-0000"
"37191","Site",6,45,0.133333333333333,0.726300817021252,0,"Analysis_kri0001",2026-07-28,"AA-AA-000-0000"
"4659","Site",14,106,0.132075471698113,1.08414269089085,0,"Analysis_kri0001",2026-07-28,"AA-AA-000-0000"
"17172","Site",29,228,0.12719298245614,1.4159824285747,0,"Analysis_kri0001",2026-07-28,"AA-AA-000-0000"
"8560","Site",50,396,0.126262626262626,1.82240992436709,0,"Analysis_kri0001",2026-07-28,"AA-AA-000-0000"
"13081","Site",17,138,0.123188405797101,0.990566177606818,0,"Analysis_kri0001",2026-07-28,"AA-AA-000-0000"
"18548","Site",21,171,0.12280701754386,1.09088805107486,0,"Analysis_kri0001",2026-07-28,"AA-AA-000-0000"
"12432","Site",26,212,0.122641509433962,1.20895832545718,0,"Analysis_kri0001",2026-07-28,"AA-AA-000-0000"
"1028","Site",11,93,0.118279569892473,0.701429777464091,0,"Analysis_kri0001",2026-07-28,"AA-AA-000-0000"
"384","Site",29,253,0.114624505928854,1.01968105815199,0,"Analysis_kri0001",2026-07-28,"AA-AA-000-0000"
"30212","Site",12,105,0.114285714285714,0.64870425704969,0,"Analysis_kri0001",2026-07-28,"AA-AA-000-0000"
"37912","Site",5,45,0.111111111111111,0.374405924091507,0,"Analysis_kri0001",2026-07-28,"AA-AA-000-0000"
"38404","Site",14,127,0.110236220472441,0.60570793755872,0,"Analysis_kri0001",2026-07-28,"AA-AA-000-0000"
"13333","Site",13,118,0.110169491525424,0.58214041403724,0,"Analysis_kri0001",2026-07-28,"AA-AA-000-0000"
"34694","Site",38,345,0.110144927536232,0.994319894276929,0,"Analysis_kri0001",2026-07-28,"AA-AA-000-0000"
"26115","Site",45,411,0.109489051094891,1.05388134286654,0,"Analysis_kri0001",2026-07-28,"AA-AA-000-0000"
"25476","Site",14,130,0.107692307692308,0.544351349147449,0,"Analysis_kri0001",2026-07-28,"AA-AA-000-0000"
"26674","Site",13,122,0.10655737704918,0.497744547670838,0,"Analysis_kri0001",2026-07-28,"AA-AA-000-0000"
"25605","Site",36,338,0.106508875739645,0.826380667631893,0,"Analysis_kri0001",2026-07-28,"AA-AA-000-0000"
"20531","Site",37,349,0.106017191977077,0.81803710729745,0,"Analysis_kri0001",2026-07-28,"AA-AA-000-0000"
"30729","Site",34,322,0.105590062111801,0.767664087444186,0,"Analysis_kri0001",2026-07-28,"AA-AA-000-0000"
"33824","Site",19,180,0.105555555555556,0.572864401718141,0,"Analysis_kri0001",2026-07-28,"AA-AA-000-0000"
"9522","Site",44,417,0.105515587529976,0.870007358413494,0,"Analysis_kri0001",2026-07-28,"AA-AA-000-0000"
"14648","Site",14,137,0.102189781021898,0.406780485964945,0,"Analysis_kri0001",2026-07-28,"AA-AA-000-0000"
"29060","Site",16,161,0.0993788819875776,0.356780502478589,0,"Analysis_kri0001",2026-07-28,"AA-AA-000-0000"
"29192","Site",9,91,0.0989010989010989,0.257471969818614,0,"Analysis_kri0001",2026-07-28,"AA-AA-000-0000"
"16992","Site",20,203,0.0985221674876847,0.371809303470169,0,"Analysis_kri0001",2026-07-28,"AA-AA-000-0000"
"12392","Site",10,102,0.0980392156862745,0.252041726012597,0,"Analysis_kri0001",2026-07-28,"AA-AA-000-0000"
"34903","Site",7,73,0.0958904109589041,0.169884000415959,0,"Analysis_kri0001",2026-07-28,"AA-AA-000-0000"
"21380","Site",38,399,0.0952380952380952,0.366412585505298,0,"Analysis_kri0001",2026-07-28,"AA-AA-000-0000"
"9044","Site",5,53,0.0943396226415094,0.118102705406107,0,"Analysis_kri0001",2026-07-28,"AA-AA-000-0000"
"37186","Site",76,808,0.0940594059405941,0.442331831237388,0,"Analysis_kri0001",2026-07-28,"AA-AA-000-0000"
"38711","Site",28,301,0.0930232558139535,0.227541281908855,0,"Analysis_kri0001",2026-07-28,"AA-AA-000-0000"
"17961","Site",32,344,0.0930232558139535,0.243251862357223,0,"Analysis_kri0001",2026-07-28,"AA-AA-000-0000"
"37908","Site",18,194,0.0927835051546392,0.174791664974078,0,"Analysis_kri0001",2026-07-28,"AA-AA-000-0000"
"31107","Site",38,415,0.091566265060241,0.197113359787709,0,"Analysis_kri0001",2026-07-28,"AA-AA-000-0000"
"8594","Site",66,725,0.0910344827586207,0.226731544726844,0,"Analysis_kri0001",2026-07-28,"AA-AA-000-0000"
"28822","Site",12,132,0.0909090909090909,0.0933445513014492,0,"Analysis_kri0001",2026-07-28,"AA-AA-000-0000"
"1881","Site",25,277,0.0902527075812274,0.109432359081411,0,"Analysis_kri0001",2026-07-28,"AA-AA-000-0000"
"10497","Site",16,178,0.0898876404494382,0.0762260240445775,0,"Analysis_kri0001",2026-07-28,"AA-AA-000-0000"
"14601","Site",31,348,0.089080459770115,0.0710366716168178,0,"Analysis_kri0001",2026-07-28,"AA-AA-000-0000"
"34071","Site",28,316,0.0886075949367089,0.0478492170099849,0,"Analysis_kri0001",2026-07-28,"AA-AA-000-0000"
"34341","Site",49,557,0.0879712746858169,0.0280765635424176,0,"Analysis_kri0001",2026-07-28,"AA-AA-000-0000"
"17541","Site",50,576,0.0868055555555556,-0.0374912217547831,0,"Analysis_kri0001",2026-07-28,"AA-AA-000-0000"
"6022","Site",12,141,0.0851063829787234,-0.0661777465244922,0,"Analysis_kri0001",2026-07-28,"AA-AA-000-0000"
"17815","Site",4,47,0.0851063829787234,-0.0382077397702784,0,"Analysis_kri0001",2026-07-28,"AA-AA-000-0000"
"37728","Site",37,436,0.0848623853211009,-0.128397985776028,0,"Analysis_kri0001",2026-07-28,"AA-AA-000-0000"
"34696","Site",24,283,0.0848056537102474,-0.105697562974558,0,"Analysis_kri0001",2026-07-28,"AA-AA-000-0000"
"34355","Site",27,319,0.0846394984326019,-0.119224513468816,0,"Analysis_kri0001",2026-07-28,"AA-AA-000-0000"
"28689","Site",27,321,0.0841121495327103,-0.141901007701234,0,"Analysis_kri0001",2026-07-28,"AA-AA-000-0000"
"20578","Site",10,120,0.0833333333333333,-0.10690012850806,0,"Analysis_kri0001",2026-07-28,"AA-AA-000-0000"
"39044","Site",5,61,0.0819672131147541,-0.10140392151986,0,"Analysis_kri0001",2026-07-28,"AA-AA-000-0000"
"34","Site",4,49,0.0816326530612245,-0.0964123888025739,0,"Analysis_kri0001",2026-07-28,"AA-AA-000-0000"
"27025","Site",4,49,0.0816326530612245,-0.0964123888025739,0,"Analysis_kri0001",2026-07-28,"AA-AA-000-0000"
"4354","Site",9,111,0.0810810810810811,-0.158827400121854,0,"Analysis_kri0001",2026-07-28,"AA-AA-000-0000"
"30816","Site",3,37,0.0810810810810811,-0.0916990422150408,0,"Analysis_kri0001",2026-07-28,"AA-AA-000-0000"
"16996","Site",19,240,0.0791666666666667,-0.303554569925108,0,"Analysis_kri0001",2026-07-28,"AA-AA-000-0000"
"6416","Site",17,216,0.0787037037037037,-0.304038881428897,0,"Analysis_kri0001",2026-07-28,"AA-AA-000-0000"
"257","Site",7,89,0.0786516853932584,-0.196321327738401,0,"Analysis_kri0001",2026-07-28,"AA-AA-000-0000"
"5927","Site",13,167,0.0778443113772455,-0.293554022463358,0,"Analysis_kri0001",2026-07-28,"AA-AA-000-0000"
"39000","Site",7,90,0.0777777777777778,-0.21699185948357,0,"Analysis_kri0001",2026-07-28,"AA-AA-000-0000"
"25616","Site",12,158,0.0759493670886076,-0.34176124728299,0,"Analysis_kri0001",2026-07-28,"AA-AA-000-0000"
"39048","Site",6,79,0.0759493670886076,-0.241661695500574,0,"Analysis_kri0001",2026-07-28,"AA-AA-000-0000"
"32913","Site",17,224,0.0758928571428571,-0.408925157685598,0,"Analysis_kri0001",2026-07-28,"AA-AA-000-0000"
"38272","Site",21,277,0.075812274368231,-0.457902315329156,0,"Analysis_kri0001",2026-07-28,"AA-AA-000-0000"
"17187","Site",57,753,0.0756972111553785,-0.762424680194395,0,"Analysis_kri0001",2026-07-28,"AA-AA-000-0000"
"4695","Site",16,214,0.0747663551401869,-0.438593910903691,0,"Analysis_kri0001",2026-07-28,"AA-AA-000-0000"
"34713","Site",47,633,0.0742496050552923,-0.785013711034349,0,"Analysis_kri0001",2026-07-28,"AA-AA-000-0000"
"8995","Site",22,297,0.0740740740740741,-0.544857679551923,0,"Analysis_kri0001",2026-07-28,"AA-AA-000-0000"
"30019","Site",4,54,0.0740740740740741,-0.232328095184651,0,"Analysis_kri0001",2026-07-28,"AA-AA-000-0000"
"38497","Site",14,190,0.0736842105263158,-0.448479938132635,0,"Analysis_kri0001",2026-07-28,"AA-AA-000-0000"
"10371","Site",7,95,0.0736842105263158,-0.317123205479709,0,"Analysis_kri0001",2026-07-28,"AA-AA-000-0000"
"18777","Site",35,477,0.0733752620545073,-0.726528455609423,0,"Analysis_kri0001",2026-07-28,"AA-AA-000-0000"
"12937","Site",22,301,0.0730897009966777,-0.588829068761325,0,"Analysis_kri0001",2026-07-28,"AA-AA-000-0000"
"14729","Site",19,266,0.0714285714285714,-0.617490586239516,0,"Analysis_kri0001",2026-07-28,"AA-AA-000-0000"
"17808","Site",35,498,0.070281124497992,-0.90534368056659,0,"Analysis_kri0001",2026-07-28,"AA-AA-000-0000"
"22677","Site",27,385,0.0701298701298701,-0.803035306192676,0,"Analysis_kri0001",2026-07-28,"AA-AA-000-0000"
"5968","Site",19,277,0.0685920577617329,-0.741569652534439,0,"Analysis_kri0001",2026-07-28,"AA-AA-000-0000"
"28676","Site",20,292,0.0684931506849315,-0.765373230348584,0,"Analysis_kri0001",2026-07-28,"AA-AA-000-0000"
"26880","Site",22,324,0.0679012345679012,-0.831372253290464,0,"Analysis_kri0001",2026-07-28,"AA-AA-000-0000"
"33620","Site",13,194,0.0670103092783505,-0.672608140947687,0,"Analysis_kri0001",2026-07-28,"AA-AA-000-0000"
"10630","Site",17,255,0.0666666666666667,-0.784090424777701,0,"Analysis_kri0001",2026-07-28,"AA-AA-000-0000"
"18260","Site",2,30,0.0666666666666667,-0.268940796946329,0,"Analysis_kri0001",2026-07-28,"AA-AA-000-0000"
"534","Site",13,202,0.0643564356435644,-0.775374201425528,0,"Analysis_kri0001",2026-07-28,"AA-AA-000-0000"
"10624","Site",7,110,0.0636363636363636,-0.590006662010519,0,"Analysis_kri0001",2026-07-28,"AA-AA-000-0000"
"24917","Site",4,63,0.0634920634920635,-0.449213334292331,0,"Analysis_kri0001",2026-07-28,"AA-AA-000-0000"
"6530","Site",14,223,0.062780269058296,-0.870243424226159,0,"Analysis_kri0001",2026-07-28,"AA-AA-000-0000"
"34869","Site",9,144,0.0625,-0.707248899712572,0,"Analysis_kri0001",2026-07-28,"AA-AA-000-0000"
"13139","Site",7,113,0.0619469026548673,-0.640392302976784,0,"Analysis_kri0001",2026-07-28,"AA-AA-000-0000"
"14105","Site",8,135,0.0592592592592593,-0.773676194934834,0,"Analysis_kri0001",2026-07-28,"AA-AA-000-0000"
"12407","Site",3,52,0.0576923076923077,-0.506842175994559,0,"Analysis_kri0001",2026-07-28,"AA-AA-000-0000"
"34660","Site",9,162,0.0555555555555556,-0.958798744205053,0,"Analysis_kri0001",2026-07-28,"AA-AA-000-0000"
"14164","Site",6,116,0.0517241379310345,-0.908743566366207,0,"Analysis_kri0001",2026-07-28,"AA-AA-000-0000"
"34664","Site",5,107,0.0467289719626168,-0.994751159364755,0,"Analysis_kri0001",2026-07-28,"AA-AA-000-0000"
"17731","Site",2,52,0.0384615384615385,-0.83419609835335,0,"Analysis_kri0001",2026-07-28,"AA-AA-000-0000"
"16725","Site",1,35,0.0285714285714286,-0.822504332415371,0,"Analysis_kri0001",2026-07-28,"AA-AA-000-0000"
"21129","Site",1,36,0.0277777777777778,-0.845412513309986,0,"Analysis_kri0001",2026-07-28,"AA-AA-000-0000"
"18033","Site",1,43,0.0232558139534884,-0.993953942095421,0,"Analysis_kri0001",2026-07-28,"AA-AA-000-0000"
"24680","Site",6,11,0.545454545454545,NA,NA,"Analysis_kri0001",2026-07-28,"AA-AA-000-0000"
"25664","Site",1,2,0.5,NA,NA,"Analysis_kri0001",2026-07-28,"AA-AA-000-0000"
"21015","Site",2,4,0.5,NA,NA,"Analysis_kri0001",2026-07-28,"AA-AA-000-0000"
"17938","Site",3,6,0.5,NA,NA,"Analysis_kri0001",2026-07-28,"AA-AA-000-0000"
"30516","Site",5,10,0.5,NA,NA,"Analysis_kri0001",2026-07-28,"AA-AA-000-0000"
"8240","Site",2,5,0.4,NA,NA,"Analysis_kri0001",2026-07-28,"AA-AA-000-0000"
"18806","Site",2,6,0.333333333333333,NA,NA,"Analysis_kri0001",2026-07-28,"AA-AA-000-0000"
"6209","Site",6,23,0.260869565217391,NA,NA,"Analysis_kri0001",2026-07-28,"AA-AA-000-0000"
"18179","Site",4,17,0.235294117647059,NA,NA,"Analysis_kri0001",2026-07-28,"AA-AA-000-0000"
"24867","Site",4,19,0.210526315789474,NA,NA,"Analysis_kri0001",2026-07-28,"AA-AA-000-0000"
"36994","Site",4,20,0.2,NA,NA,"Analysis_kri0001",2026-07-28,"AA-AA-000-0000"
"18244","Site",1,6,0.166666666666667,NA,NA,"Analysis_kri0001",2026-07-28,"AA-AA-000-0000"
"17444","Site",4,24,0.166666666666667,NA,NA,"Analysis_kri0001",2026-07-28,"AA-AA-000-0000"
"38758","Site",3,21,0.142857142857143,NA,NA,"Analysis_kri0001",2026-07-28,"AA-AA-000-0000"
"34343","Site",2,15,0.133333333333333,NA,NA,"Analysis_kri0001",2026-07-28,"AA-AA-000-0000"
"30995","Site",3,24,0.125,NA,NA,"Analysis_kri0001",2026-07-28,"AA-AA-000-0000"
"18549","Site",3,28,0.107142857142857,NA,NA,"Analysis_kri0001",2026-07-28,"AA-AA-000-0000"
"16424","Site",2,24,0.0833333333333333,NA,NA,"Analysis_kri0001",2026-07-28,"AA-AA-000-0000"
"29254","Site",2,25,0.08,NA,NA,"Analysis_kri0001",2026-07-28,"AA-AA-000-0000"
"17013","Site",2,28,0.0714285714285714,NA,NA,"Analysis_kri0001",2026-07-28,"AA-AA-000-0000"
"33633","Site",1,14,0.0714285714285714,NA,NA,"Analysis_kri0001",2026-07-28,"AA-AA-000-0000"
"34326","Site",1,27,0.037037037037037,NA,NA,"Analysis_kri0001",2026-07-28,"AA-AA-000-0000"
"14169","Site",1,28,0.0357142857142857,NA,NA,"Analysis_kri0001",2026-07-28,"AA-AA-000-0000"
"6453","Site",0,26,0,NA,NA,"Analysis_kri0001",2026-07-28,"AA-AA-000-0000"
"4723","Site",0,21,0,NA,NA,"Analysis_kri0001",2026-07-28,"AA-AA-000-0000"
"20869","Site",0,10,0,NA,NA,"Analysis_kri0001",2026-07-28,"AA-AA-000-0000"
"8290","Site",0,4,0,NA,NA,"Analysis_kri0001",2026-07-28,"AA-AA-000-0000"
"38166","Site",6,42,0.142857142857143,2.51564463066019,1,"Analysis_kri0002",2026-07-28,"AA-AA-000-0000"
"10388","Site",5,39,0.128205128205128,2.06539885078391,1,"Analysis_kri0002",2026-07-28,"AA-AA-000-0000"
"5960","Site",12,125,0.096,2.28600873197182,1,"Analysis_kri0002",2026-07-28,"AA-AA-000-0000"
"16498","Site",13,149,0.087248322147651,2.07701240719206,1,"Analysis_kri0002",2026-07-28,"AA-AA-000-0000"
"17808","Site",15,498,0.0301204819277108,-1.2009711966563,-1,"Analysis_kri0002",2026-07-28,"AA-AA-000-0000"
"12417","Site",13,435,0.0298850574712644,-1.14168901482396,-1,"Analysis_kri0002",2026-07-28,"AA-AA-000-0000"
"531","Site",23,774,0.0297157622739018,-1.54137354433875,-1,"Analysis_kri0002",2026-07-28,"AA-AA-000-0000"
"17187","Site",22,753,0.0292164674634794,-1.57403532274265,-1,"Analysis_kri0002",2026-07-28,"AA-AA-000-0000"
"34355","Site",9,319,0.0282131661442006,-1.09475520965088,-1,"Analysis_kri0002",2026-07-28,"AA-AA-000-0000"
"8995","Site",8,297,0.0269360269360269,-1.14262119800753,-1,"Analysis_kri0002",2026-07-28,"AA-AA-000-0000"
"2392","Site",13,497,0.0261569416498994,-1.54618878689731,-1,"Analysis_kri0002",2026-07-28,"AA-AA-000-0000"
"33296","Site",7,271,0.025830258302583,-1.16282885991271,-1,"Analysis_kri0002",2026-07-28,"AA-AA-000-0000"
"5968","Site",7,277,0.0252707581227437,-1.21213891052938,-1,"Analysis_kri0002",2026-07-28,"AA-AA-000-0000"
"25616","Site",3,158,0.0189873417721519,-1.22511338621131,-1,"Analysis_kri0002",2026-07-28,"AA-AA-000-0000"
"14105","Site",2,135,0.0148148148148148,-1.32250804110108,-1,"Analysis_kri0002",2026-07-28,"AA-AA-000-0000"
"9075","Site",2,155,0.0129032258064516,-1.51039493783917,-1,"Analysis_kri0002",2026-07-28,"AA-AA-000-0000"
"5444","Site",0,79,0,-1.52792971613537,-1,"Analysis_kri0002",2026-07-28,"AA-AA-000-0000"
"21129","Site",0,36,0,-1.03143314225355,-1,"Analysis_kri0002",2026-07-28,"AA-AA-000-0000"
"16725","Site",0,35,0,-1.01700679341752,-1,"Analysis_kri0002",2026-07-28,"AA-AA-000-0000"
"37781","Site",4,35,0.114285714285714,1.63376572248894,0,"Analysis_kri0002",2026-07-28,"AA-AA-000-0000"
"35223","Site",5,49,0.102040816326531,1.59705092170723,0,"Analysis_kri0002",2026-07-28,"AA-AA-000-0000"
"10531","Site",3,30,0.1,1.20580583480583,0,"Analysis_kri0002",2026-07-28,"AA-AA-000-0000"
"14449","Site",4,40,0.1,1.39234464663114,0,"Analysis_kri0002",2026-07-28,"AA-AA-000-0000"
"30776","Site",3,32,0.09375,1.10673869847168,0,"Analysis_kri0002",2026-07-28,"AA-AA-000-0000"
"13081","Site",12,138,0.0869565217391304,1.98543521800602,0,"Analysis_kri0002",2026-07-28,"AA-AA-000-0000"
"25970","Site",6,71,0.0845070422535211,1.34319714908478,0,"Analysis_kri0002",2026-07-28,"AA-AA-000-0000"
"18548","Site",14,171,0.0818713450292398,1.94940600782343,0,"Analysis_kri0002",2026-07-28,"AA-AA-000-0000"
"32900","Site",3,38,0.0789473684210526,0.848292532713583,0,"Analysis_kri0002",2026-07-28,"AA-AA-000-0000"
"6452","Site",5,67,0.0746268656716418,0.987746924356503,0,"Analysis_kri0002",2026-07-28,"AA-AA-000-0000"
"14393","Site",5,72,0.0694444444444444,0.851536806850292,0,"Analysis_kri0002",2026-07-28,"AA-AA-000-0000"
"29060","Site",11,161,0.0683229813664596,1.21756834315955,0,"Analysis_kri0002",2026-07-28,"AA-AA-000-0000"
"24964","Site",4,59,0.0677966101694915,0.721214773676309,0,"Analysis_kri0002",2026-07-28,"AA-AA-000-0000"
"5927","Site",11,167,0.0658682634730539,1.11568109516823,0,"Analysis_kri0002",2026-07-28,"AA-AA-000-0000"
"39044","Site",4,61,0.0655737704918033,0.665272553415878,0,"Analysis_kri0002",2026-07-28,"AA-AA-000-0000"
"17815","Site",3,47,0.0638297872340425,0.537086079814744,0,"Analysis_kri0002",2026-07-28,"AA-AA-000-0000"
"6022","Site",9,141,0.0638297872340425,0.930260378277129,0,"Analysis_kri0002",2026-07-28,"AA-AA-000-0000"
"34071","Site",20,316,0.0632911392405063,1.35509878788221,0,"Analysis_kri0002",2026-07-28,"AA-AA-000-0000"
"25476","Site",8,130,0.0615384615384615,0.790812106738445,0,"Analysis_kri0002",2026-07-28,"AA-AA-000-0000"
"12432","Site",13,212,0.0613207547169811,0.997451940298386,0,"Analysis_kri0002",2026-07-28,"AA-AA-000-0000"
"34694","Site",21,345,0.0608695652173913,1.23957308618699,0,"Analysis_kri0002",2026-07-28,"AA-AA-000-0000"
"9522","Site",25,417,0.0599520383693046,1.28933825314,0,"Analysis_kri0002",2026-07-28,"AA-AA-000-0000"
"12937","Site",18,301,0.0598006644518272,1.08512729676307,0,"Analysis_kri0002",2026-07-28,"AA-AA-000-0000"
"37186","Site",48,808,0.0594059405940594,1.73389362221036,0,"Analysis_kri0002",2026-07-28,"AA-AA-000-0000"
"30212","Site",6,105,0.0571428571428571,0.53412890058674,0,"Analysis_kri0002",2026-07-28,"AA-AA-000-0000"
"17172","Site",13,228,0.0570175438596491,0.77966154032169,0,"Analysis_kri0002",2026-07-28,"AA-AA-000-0000"
"9044","Site",3,53,0.0566037735849057,0.364093887585772,0,"Analysis_kri0002",2026-07-28,"AA-AA-000-0000"
"4659","Site",6,106,0.0566037735849057,0.514906513800943,0,"Analysis_kri0002",2026-07-28,"AA-AA-000-0000"
"10497","Site",10,178,0.0561797752808989,0.645067284397322,0,"Analysis_kri0002",2026-07-28,"AA-AA-000-0000"
"39000","Site",5,90,0.0555555555555556,0.435469875813579,0,"Analysis_kri0002",2026-07-28,"AA-AA-000-0000"
"384","Site",14,253,0.0553359683794466,0.716431362213258,0,"Analysis_kri0002",2026-07-28,"AA-AA-000-0000"
"16996","Site",13,240,0.0541666666666667,0.626762623118104,0,"Analysis_kri0002",2026-07-28,"AA-AA-000-0000"
"30816","Site",2,37,0.0540540540540541,0.243406915997489,0,"Analysis_kri0002",2026-07-28,"AA-AA-000-0000"
"26115","Site",22,411,0.0535279805352798,0.769433494505493,0,"Analysis_kri0002",2026-07-28,"AA-AA-000-0000"
"21380","Site",21,399,0.0526315789473684,0.68791793140441,0,"Analysis_kri0002",2026-07-28,"AA-AA-000-0000"
"14601","Site",18,348,0.0517241379310345,0.576083340100349,0,"Analysis_kri0002",2026-07-28,"AA-AA-000-0000"
"13333","Site",6,118,0.0508474576271186,0.298120793418945,0,"Analysis_kri0002",2026-07-28,"AA-AA-000-0000"
"8560","Site",20,396,0.0505050505050505,0.519419677100408,0,"Analysis_kri0002",2026-07-28,"AA-AA-000-0000"
"25605","Site",17,338,0.0502958579881657,0.464797886492606,0,"Analysis_kri0002",2026-07-28,"AA-AA-000-0000"
"26674","Site",6,122,0.0491803278688525,0.230938458233058,0,"Analysis_kri0002",2026-07-28,"AA-AA-000-0000"
"17541","Site",28,576,0.0486111111111111,0.448237090846332,0,"Analysis_kri0002",2026-07-28,"AA-AA-000-0000"
"34341","Site",26,557,0.0466786355475763,0.261973825321016,0,"Analysis_kri0002",2026-07-28,"AA-AA-000-0000"
"37908","Site",9,194,0.0463917525773196,0.138941934026712,0,"Analysis_kri0002",2026-07-28,"AA-AA-000-0000"
"31107","Site",19,415,0.0457831325301205,0.154606344646155,0,"Analysis_kri0002",2026-07-28,"AA-AA-000-0000"
"28822","Site",6,132,0.0454545454545455,0.0723939713103097,0,"Analysis_kri0002",2026-07-28,"AA-AA-000-0000"
"4354","Site",5,111,0.045045045045045,0.0494714418510761,0,"Analysis_kri0002",2026-07-28,"AA-AA-000-0000"
"257","Site",4,89,0.0449438202247191,0.0405544674618903,0,"Analysis_kri0002",2026-07-28,"AA-AA-000-0000"
"37191","Site",2,45,0.0444444444444444,0.0157034997196825,0,"Analysis_kri0002",2026-07-28,"AA-AA-000-0000"
"37912","Site",2,45,0.0444444444444444,0.0157034997196825,0,"Analysis_kri0002",2026-07-28,"AA-AA-000-0000"
"33824","Site",8,180,0.0444444444444444,0.0314069994393649,0,"Analysis_kri0002",2026-07-28,"AA-AA-000-0000"
"8594","Site",32,725,0.0441379310344828,0.0306749697813644,0,"Analysis_kri0002",2026-07-28,"AA-AA-000-0000"
"29192","Site",4,91,0.043956043956044,0.00406514727360283,0,"Analysis_kri0002",2026-07-28,"AA-AA-000-0000"
"30729","Site",14,322,0.0434782608695652,-0.0259659723905693,0,"Analysis_kri0002",2026-07-28,"AA-AA-000-0000"
"38272","Site",12,277,0.0433212996389892,-0.0343251886211921,0,"Analysis_kri0002",2026-07-28,"AA-AA-000-0000"
"1028","Site",4,93,0.043010752688172,-0.03163034638432,0,"Analysis_kri0002",2026-07-28,"AA-AA-000-0000"
"20531","Site",15,349,0.0429799426934097,-0.0635304330285513,0,"Analysis_kri0002",2026-07-28,"AA-AA-000-0000"
"34869","Site",6,144,0.0416666666666667,-0.102593573138299,0,"Analysis_kri0002",2026-07-28,"AA-AA-000-0000"
"14729","Site",11,266,0.0413533834586466,-0.159469550324864,0,"Analysis_kri0002",2026-07-28,"AA-AA-000-0000"
"28676","Site",12,292,0.0410958904109589,-0.184332073349168,0,"Analysis_kri0002",2026-07-28,"AA-AA-000-0000"
"34903","Site",3,73,0.0410958904109589,-0.0921660366745841,0,"Analysis_kri0002",2026-07-28,"AA-AA-000-0000"
"34","Site",2,49,0.0408163265306122,-0.0831828308945887,0,"Analysis_kri0002",2026-07-28,"AA-AA-000-0000"
"28689","Site",13,321,0.0404984423676012,-0.235235062516078,0,"Analysis_kri0002",2026-07-28,"AA-AA-000-0000"
"18777","Site",19,477,0.039832285115304,-0.343793884585847,0,"Analysis_kri0002",2026-07-28,"AA-AA-000-0000"
"534","Site",8,202,0.0396039603960396,-0.236447642271518,0,"Analysis_kri0002",2026-07-28,"AA-AA-000-0000"
"38404","Site",5,127,0.0393700787401575,-0.197816114775918,0,"Analysis_kri0002",2026-07-28,"AA-AA-000-0000"
"10630","Site",10,255,0.0392156862745098,-0.289970297294211,0,"Analysis_kri0002",2026-07-28,"AA-AA-000-0000"
"12392","Site",4,102,0.0392156862745098,-0.183393318649174,0,"Analysis_kri0002",2026-07-28,"AA-AA-000-0000"
"37728","Site",17,436,0.0389908256880734,-0.397571476635618,0,"Analysis_kri0002",2026-07-28,"AA-AA-000-0000"
"22677","Site",15,385,0.038961038961039,-0.375887497605623,0,"Analysis_kri0002",2026-07-28,"AA-AA-000-0000"
"12407","Site",2,52,0.0384615384615385,-0.152264702884803,0,"Analysis_kri0002",2026-07-28,"AA-AA-000-0000"
"17731","Site",2,52,0.0384615384615385,-0.152264702884803,0,"Analysis_kri0002",2026-07-28,"AA-AA-000-0000"
"39048","Site",3,79,0.0379746835443038,-0.204642250089485,0,"Analysis_kri0002",2026-07-28,"AA-AA-000-0000"
"17961","Site",13,344,0.0377906976744186,-0.440411133164947,0,"Analysis_kri0002",2026-07-28,"AA-AA-000-0000"
"34664","Site",4,107,0.0373831775700935,-0.262150837237209,0,"Analysis_kri0002",2026-07-28,"AA-AA-000-0000"
"30019","Site",2,54,0.037037037037037,-0.19620514014598,0,"Analysis_kri0002",2026-07-28,"AA-AA-000-0000"
"37702","Site",21,570,0.0368421052631579,-0.655703003165193,0,"Analysis_kri0002",2026-07-28,"AA-AA-000-0000"
"14648","Site",5,137,0.0364963503649635,-0.337328565836931,0,"Analysis_kri0002",2026-07-28,"AA-AA-000-0000"
"33617","Site",16,440,0.0363636363636364,-0.615445974290205,0,"Analysis_kri0002",2026-07-28,"AA-AA-000-0000"
"10624","Site",4,110,0.0363636363636364,-0.307722987145102,0,"Analysis_kri0002",2026-07-28,"AA-AA-000-0000"
"34713","Site",23,633,0.0363349131121643,-0.741018631852434,0,"Analysis_kri0002",2026-07-28,"AA-AA-000-0000"
"32913","Site",8,224,0.0357142857142857,-0.477226613141122,0,"Analysis_kri0002",2026-07-28,"AA-AA-000-0000"
"13139","Site",4,113,0.0353982300884956,-0.352125225194363,0,"Analysis_kri0002",2026-07-28,"AA-AA-000-0000"
"34696","Site",10,283,0.0353356890459364,-0.561376174066879,0,"Analysis_kri0002",2026-07-28,"AA-AA-000-0000"
"16992","Site",7,203,0.0344827586206897,-0.523098286834884,0,"Analysis_kri0002",2026-07-28,"AA-AA-000-0000"
"18260","Site",1,30,0.0333333333333333,-0.225774942365502,0,"Analysis_kri0002",2026-07-28,"AA-AA-000-0000"
"38711","Site",10,301,0.0332225913621262,-0.722684554309046,0,"Analysis_kri0002",2026-07-28,"AA-AA-000-0000"
"21541","Site",2,61,0.0327868852459016,-0.338676253709155,0,"Analysis_kri0002",2026-07-28,"AA-AA-000-0000"
"4695","Site",7,214,0.0327102803738318,-0.63874023713276,0,"Analysis_kri0002",2026-07-28,"AA-AA-000-0000"
"1881","Site",9,277,0.0324909747292419,-0.741013421766105,0,"Analysis_kri0002",2026-07-28,"AA-AA-000-0000"
"6416","Site",7,216,0.0324074074074074,-0.65916960804505,0,"Analysis_kri0002",2026-07-28,"AA-AA-000-0000"
"24917","Site",2,63,0.0317460317460317,-0.376573204453895,0,"Analysis_kri0002",2026-07-28,"AA-AA-000-0000"
"38497","Site",6,190,0.0315789473684211,-0.662996564553233,0,"Analysis_kri0002",2026-07-28,"AA-AA-000-0000"
"10371","Site",3,95,0.0315789473684211,-0.468809366698976,0,"Analysis_kri0002",2026-07-28,"AA-AA-000-0000"
"6530","Site",7,223,0.031390134529148,-0.729322925803464,0,"Analysis_kri0002",2026-07-28,"AA-AA-000-0000"
"33620","Site",6,194,0.0309278350515464,-0.705494337719051,0,"Analysis_kri0002",2026-07-28,"AA-AA-000-0000"
"26880","Site",10,324,0.0308641975308642,-0.916218636350868,0,"Analysis_kri0002",2026-07-28,"AA-AA-000-0000"
"14164","Site",3,116,0.0258620689655172,-0.759438640688027,0,"Analysis_kri0002",2026-07-28,"AA-AA-000-0000"
"20578","Site",3,120,0.025,-0.809445079023838,0,"Analysis_kri0002",2026-07-28,"AA-AA-000-0000"
"34660","Site",4,162,0.0246913580246914,-0.95589155018737,0,"Analysis_kri0002",2026-07-28,"AA-AA-000-0000"
"22033","Site",3,126,0.0238095238095238,-0.8818248791833,0,"Analysis_kri0002",2026-07-28,"AA-AA-000-0000"
"18033","Site",1,43,0.0232558139534884,-0.529382331817692,0,"Analysis_kri0002",2026-07-28,"AA-AA-000-0000"
"27025","Site",1,49,0.0204081632653061,-0.643260748428529,0,"Analysis_kri0002",2026-07-28,"AA-AA-000-0000"
"25664","Site",1,2,0.5,NA,NA,"Analysis_kri0002",2026-07-28,"AA-AA-000-0000"
"8240","Site",2,5,0.4,NA,NA,"Analysis_kri0002",2026-07-28,"AA-AA-000-0000"
"24680","Site",3,11,0.272727272727273,NA,NA,"Analysis_kri0002",2026-07-28,"AA-AA-000-0000"
"30516","Site",2,10,0.2,NA,NA,"Analysis_kri0002",2026-07-28,"AA-AA-000-0000"
"17938","Site",1,6,0.166666666666667,NA,NA,"Analysis_kri0002",2026-07-28,"AA-AA-000-0000"
"18244","Site",1,6,0.166666666666667,NA,NA,"Analysis_kri0002",2026-07-28,"AA-AA-000-0000"
"18806","Site",1,6,0.166666666666667,NA,NA,"Analysis_kri0002",2026-07-28,"AA-AA-000-0000"
"24867","Site",3,19,0.157894736842105,NA,NA,"Analysis_kri0002",2026-07-28,"AA-AA-000-0000"
"6209","Site",3,23,0.130434782608696,NA,NA,"Analysis_kri0002",2026-07-28,"AA-AA-000-0000"
"18179","Site",2,17,0.117647058823529,NA,NA,"Analysis_kri0002",2026-07-28,"AA-AA-000-0000"
"36994","Site",2,20,0.1,NA,NA,"Analysis_kri0002",2026-07-28,"AA-AA-000-0000"
"16424","Site",2,24,0.0833333333333333,NA,NA,"Analysis_kri0002",2026-07-28,"AA-AA-000-0000"
"17444","Site",2,24,0.0833333333333333,NA,NA,"Analysis_kri0002",2026-07-28,"AA-AA-000-0000"
"33633","Site",1,14,0.0714285714285714,NA,NA,"Analysis_kri0002",2026-07-28,"AA-AA-000-0000"
"17013","Site",2,28,0.0714285714285714,NA,NA,"Analysis_kri0002",2026-07-28,"AA-AA-000-0000"
"34343","Site",1,15,0.0666666666666667,NA,NA,"Analysis_kri0002",2026-07-28,"AA-AA-000-0000"
"38758","Site",1,21,0.0476190476190476,NA,NA,"Analysis_kri0002",2026-07-28,"AA-AA-000-0000"
"30995","Site",1,24,0.0416666666666667,NA,NA,"Analysis_kri0002",2026-07-28,"AA-AA-000-0000"
"18549","Site",1,28,0.0357142857142857,NA,NA,"Analysis_kri0002",2026-07-28,"AA-AA-000-0000"
"14169","Site",0,28,0,NA,NA,"Analysis_kri0002",2026-07-28,"AA-AA-000-0000"
"34326","Site",0,27,0,NA,NA,"Analysis_kri0002",2026-07-28,"AA-AA-000-0000"
"6453","Site",0,26,0,NA,NA,"Analysis_kri0002",2026-07-28,"AA-AA-000-0000"
"29254","Site",0,25,0,NA,NA,"Analysis_kri0002",2026-07-28,"AA-AA-000-0000"
"4723","Site",0,21,0,NA,NA,"Analysis_kri0002",2026-07-28,"AA-AA-000-0000"
"20869","Site",0,10,0,NA,NA,"Analysis_kri0002",2026-07-28,"AA-AA-000-0000"
"8290","Site",0,4,0,NA,NA,"Analysis_kri0002",2026-07-28,"AA-AA-000-0000"
"21015","Site",0,4,0,NA,NA,"Analysis_kri0002",2026-07-28,"AA-AA-000-0000"
"38711","Site",23,301,0.0764119601328904,2.15723642082425,1,"Analysis_kri0003",2026-07-28,"AA-AA-000-0000"
"10388","Site",4,39,0.102564102564103,1.39293875252954,0,"Analysis_kri0003",2026-07-28,"AA-AA-000-0000"
"35223","Site",5,49,0.102040816326531,1.54751547128642,0,"Analysis_kri0003",2026-07-28,"AA-AA-000-0000"
"38166","Site",4,42,0.0952380952380952,1.26632184033154,0,"Analysis_kri0003",2026-07-28,"AA-AA-000-0000"
"5960","Site",11,125,0.088,1.87917481910597,0,"Analysis_kri0003",2026-07-28,"AA-AA-000-0000"
"37781","Site",3,35,0.0857142857142857,0.943327149301871,0,"Analysis_kri0003",2026-07-28,"AA-AA-000-0000"
"30816","Site",3,37,0.0810810810810811,0.863533275929175,0,"Analysis_kri0003",2026-07-28,"AA-AA-000-0000"
"38404","Site",10,127,0.078740157480315,1.5002820169495,0,"Analysis_kri0003",2026-07-28,"AA-AA-000-0000"
"12407","Site",4,52,0.0769230769230769,0.910547219349104,0,"Analysis_kri0003",2026-07-28,"AA-AA-000-0000"
"8995","Site",21,297,0.0707070707070707,1.77177336991521,0,"Analysis_kri0003",2026-07-28,"AA-AA-000-0000"
"4659","Site",7,106,0.0660377358490566,0.877032791299222,0,"Analysis_kri0003",2026-07-28,"AA-AA-000-0000"
"17815","Site",3,47,0.0638297872340425,0.526866353877527,0,"Analysis_kri0003",2026-07-28,"AA-AA-000-0000"
"39048","Site",5,79,0.0632911392405063,0.664999626054319,0,"Analysis_kri0003",2026-07-28,"AA-AA-000-0000"
"4354","Site",7,111,0.0630630630630631,0.779190202852488,0,"Analysis_kri0003",2026-07-28,"AA-AA-000-0000"
"30776","Site",2,32,0.0625,0.40634460774064,0,"Analysis_kri0003",2026-07-28,"AA-AA-000-0000"
"10497","Site",11,178,0.0617977528089888,0.922999285117137,0,"Analysis_kri0003",2026-07-28,"AA-AA-000-0000"
"27025","Site",3,49,0.0612244897959184,0.469126131487266,0,"Analysis_kri0003",2026-07-28,"AA-AA-000-0000"
"17961","Site",21,344,0.061046511627907,1.23053989350481,0,"Analysis_kri0003",2026-07-28,"AA-AA-000-0000"
"16498","Site",9,149,0.0604026845637584,0.780196989117148,0,"Analysis_kri0003",2026-07-28,"AA-AA-000-0000"
"16992","Site",12,203,0.0591133004926108,0.841327646469506,0,"Analysis_kri0003",2026-07-28,"AA-AA-000-0000"
"12392","Site",6,102,0.0588235294117647,0.585326135509388,0,"Analysis_kri0003",2026-07-28,"AA-AA-000-0000"
"18548","Site",10,171,0.0584795321637427,0.740893645227621,0,"Analysis_kri0003",2026-07-28,"AA-AA-000-0000"
"32913","Site",13,224,0.0580357142857143,0.822901563731463,0,"Analysis_kri0003",2026-07-28,"AA-AA-000-0000"
"5968","Site",16,277,0.0577617328519856,0.897878959727843,0,"Analysis_kri0003",2026-07-28,"AA-AA-000-0000"
"17731","Site",3,52,0.0576923076923077,0.387137288254541,0,"Analysis_kri0003",2026-07-28,"AA-AA-000-0000"
"6022","Site",8,141,0.0567375886524823,0.594700614755112,0,"Analysis_kri0003",2026-07-28,"AA-AA-000-0000"
"21129","Site",2,36,0.0555555555555556,0.273728429393948,0,"Analysis_kri0003",2026-07-28,"AA-AA-000-0000"
"384","Site",14,253,0.0553359683794466,0.71246997024176,0,"Analysis_kri0003",2026-07-28,"AA-AA-000-0000"
"34341","Site",30,557,0.0538599640933573,0.925663652918412,0,"Analysis_kri0003",2026-07-28,"AA-AA-000-0000"
"25476","Site",7,130,0.0538461538461538,0.44660104581169,0,"Analysis_kri0003",2026-07-28,"AA-AA-000-0000"
"1028","Site",5,93,0.0537634408602151,0.374726366285161,0,"Analysis_kri0003",2026-07-28,"AA-AA-000-0000"
"34355","Site",17,319,0.0532915360501567,0.662201644502736,0,"Analysis_kri0003",2026-07-28,"AA-AA-000-0000"
"17808","Site",26,498,0.0522088353413655,0.736194603042419,0,"Analysis_kri0003",2026-07-28,"AA-AA-000-0000"
"22677","Site",20,385,0.051948051948052,0.627990861502516,0,"Analysis_kri0003",2026-07-28,"AA-AA-000-0000"
"12432","Site",11,212,0.0518867924528302,0.462638786778194,0,"Analysis_kri0003",2026-07-28,"AA-AA-000-0000"
"20531","Site",18,349,0.0515759312320917,0.571671229487761,0,"Analysis_kri0003",2026-07-28,"AA-AA-000-0000"
"37702","Site",29,570,0.0508771929824561,0.667621029731611,0,"Analysis_kri0003",2026-07-28,"AA-AA-000-0000"
"13081","Site",7,138,0.0507246376811594,0.321733434390229,0,"Analysis_kri0003",2026-07-28,"AA-AA-000-0000"
"31107","Site",21,415,0.0506024096385542,0.548533199659911,0,"Analysis_kri0003",2026-07-28,"AA-AA-000-0000"
"34660","Site",8,162,0.0493827160493827,0.284123746744074,0,"Analysis_kri0003",2026-07-28,"AA-AA-000-0000"
"6530","Site",11,223,0.0493273542600897,0.330231162887984,0,"Analysis_kri0003",2026-07-28,"AA-AA-000-0000"
"8594","Site",35,725,0.0482758620689655,0.488574500356777,0,"Analysis_kri0003",2026-07-28,"AA-AA-000-0000"
"17172","Site",11,228,0.0482456140350877,0.272262648277588,0,"Analysis_kri0003",2026-07-28,"AA-AA-000-0000"
"8560","Site",19,396,0.047979797979798,0.338847910065968,0,"Analysis_kri0003",2026-07-28,"AA-AA-000-0000"
"5927","Site",8,167,0.0479041916167665,0.216359261680016,0,"Analysis_kri0003",2026-07-28,"AA-AA-000-0000"
"531","Site",37,774,0.0478036175710594,0.455226521060377,0,"Analysis_kri0003",2026-07-28,"AA-AA-000-0000"
"24917","Site",3,63,0.0476190476190476,0.12434617467137,0,"Analysis_kri0003",2026-07-28,"AA-AA-000-0000"
"34071","Site",15,316,0.0474683544303797,0.26837680324996,0,"Analysis_kri0003",2026-07-28,"AA-AA-000-0000"
"18033","Site",2,43,0.0465116279069767,0.0753209803373331,0,"Analysis_kri0003",2026-07-28,"AA-AA-000-0000"
"37908","Site",9,194,0.0463917525773196,0.153684288052546,0,"Analysis_kri0003",2026-07-28,"AA-AA-000-0000"
"6416","Site",10,216,0.0462962962962963,0.156869274943256,0,"Analysis_kri0003",2026-07-28,"AA-AA-000-0000"
"26880","Site",15,324,0.0462962962962963,0.19212483996567,0,"Analysis_kri0003",2026-07-28,"AA-AA-000-0000"
"9522","Site",19,417,0.0455635491606715,0.161484883563136,0,"Analysis_kri0003",2026-07-28,"AA-AA-000-0000"
"28822","Site",6,132,0.0454545454545455,0.0861285638110166,0,"Analysis_kri0003",2026-07-28,"AA-AA-000-0000"
"14729","Site",12,266,0.0451127819548872,0.101226417033788,0,"Analysis_kri0003",2026-07-28,"AA-AA-000-0000"
"37191","Site",2,45,0.0444444444444444,0.0247133029159896,0,"Analysis_kri0003",2026-07-28,"AA-AA-000-0000"
"37912","Site",2,45,0.0444444444444444,0.0247133029159896,0,"Analysis_kri0003",2026-07-28,"AA-AA-000-0000"
"33824","Site",8,180,0.0444444444444444,0.0494266058319791,0,"Analysis_kri0003",2026-07-28,"AA-AA-000-0000"
"29192","Site",4,91,0.043956043956044,0.0175585970458408,0,"Analysis_kri0003",2026-07-28,"AA-AA-000-0000"
"28689","Site",14,321,0.043613707165109,0.00982786427382597,0,"Analysis_kri0003",2026-07-28,"AA-AA-000-0000"
"29060","Site",7,161,0.0434782608695652,0.000473467273729198,0,"Analysis_kri0003",2026-07-28,"AA-AA-000-0000"
"17541","Site",25,576,0.0434027777777778,-0.005942066802512,0,"Analysis_kri0003",2026-07-28,"AA-AA-000-0000"
"14164","Site",5,116,0.0431034482758621,-0.0148346666548471,0,"Analysis_kri0003",2026-07-28,"AA-AA-000-0000"
"34696","Site",12,283,0.0424028268551237,-0.0676565352874666,0,"Analysis_kri0003",2026-07-28,"AA-AA-000-0000"
"13333","Site",5,118,0.0423728813559322,-0.044915302516873,0,"Analysis_kri0003",2026-07-28,"AA-AA-000-0000"
"38497","Site",8,190,0.0421052631578947,-0.0709172338321915,0,"Analysis_kri0003",2026-07-28,"AA-AA-000-0000"
"16996","Site",10,240,0.0416666666666667,-0.105349780948822,0,"Analysis_kri0003",2026-07-28,"AA-AA-000-0000"
"34869","Site",6,144,0.0416666666666667,-0.0816035894282777,0,"Analysis_kri0003",2026-07-28,"AA-AA-000-0000"
"14393","Site",3,72,0.0416666666666667,-0.057702451453898,0,"Analysis_kri0003",2026-07-28,"AA-AA-000-0000"
"12417","Site",18,435,0.0413793103448276,-0.164452338151402,0,"Analysis_kri0003",2026-07-28,"AA-AA-000-0000"
"34","Site",2,49,0.0408163265306122,-0.070068538412311,0,"Analysis_kri0003",2026-07-28,"AA-AA-000-0000"
"1881","Site",11,277,0.0397111913357401,-0.236018416165382,0,"Analysis_kri0003",2026-07-28,"AA-AA-000-0000"
"38272","Site",11,277,0.0397111913357401,-0.236018416165382,0,"Analysis_kri0003",2026-07-28,"AA-AA-000-0000"
"17187","Site",29,753,0.0385126162018592,-0.513276336187132,0,"Analysis_kri0003",2026-07-28,"AA-AA-000-0000"
"25605","Site",13,338,0.0384615384615385,-0.347428432505064,0,"Analysis_kri0003",2026-07-28,"AA-AA-000-0000"
"30212","Site",4,105,0.0380952380952381,-0.207809861159648,0,"Analysis_kri0003",2026-07-28,"AA-AA-000-0000"
"34713","Site",24,633,0.037914691943128,-0.527383506969386,0,"Analysis_kri0003",2026-07-28,"AA-AA-000-0000"
"9044","Site",2,53,0.0377358490566038,-0.157517047272452,0,"Analysis_kri0003",2026-07-28,"AA-AA-000-0000"
"21380","Site",15,399,0.037593984962406,-0.442886890982191,0,"Analysis_kri0003",2026-07-28,"AA-AA-000-0000"
"37186","Site",30,808,0.0371287128712871,-0.6801667455855,0,"Analysis_kri0003",2026-07-28,"AA-AA-000-0000"
"37728","Site",16,436,0.036697247706422,-0.533639325301144,0,"Analysis_kri0003",2026-07-28,"AA-AA-000-0000"
"14648","Site",5,137,0.0364963503649635,-0.308008570208893,0,"Analysis_kri0003",2026-07-28,"AA-AA-000-0000"
"33617","Site",16,440,0.0363636363636364,-0.562494200348433,0,"Analysis_kri0003",2026-07-28,"AA-AA-000-0000"
"10630","Site",9,255,0.0352941176470588,-0.492676678524952,0,"Analysis_kri0003",2026-07-28,"AA-AA-000-0000"
"534","Site",7,202,0.0346534653465347,-0.472864988848301,0,"Analysis_kri0003",2026-07-28,"AA-AA-000-0000"
"14601","Site",12,348,0.0344827586206897,-0.63267562889246,0,"Analysis_kri0003",2026-07-28,"AA-AA-000-0000"
"2392","Site",17,497,0.03420523138833,-0.779435535993419,0,"Analysis_kri0003",2026-07-28,"AA-AA-000-0000"
"257","Site",3,89,0.0337078651685393,-0.347545058720828,0,"Analysis_kri0003",2026-07-28,"AA-AA-000-0000"
"10531","Site",1,30,0.0333333333333333,-0.209522071013869,0,"Analysis_kri0003",2026-07-28,"AA-AA-000-0000"
"21541","Site",2,61,0.0327868852459016,-0.314876579496479,0,"Analysis_kri0003",2026-07-28,"AA-AA-000-0000"
"39044","Site",2,61,0.0327868852459016,-0.314876579496479,0,"Analysis_kri0003",2026-07-28,"AA-AA-000-0000"
"9075","Site",5,155,0.032258064516129,-0.526777363441516,0,"Analysis_kri0003",2026-07-28,"AA-AA-000-0000"
"26115","Site",13,411,0.0316301703163017,-0.905837656199676,0,"Analysis_kri0003",2026-07-28,"AA-AA-000-0000"
"10371","Site",3,95,0.0315789473684211,-0.437387498159401,0,"Analysis_kri0003",2026-07-28,"AA-AA-000-0000"
"12937","Site",9,301,0.0299003322259136,-0.88847266104743,0,"Analysis_kri0003",2026-07-28,"AA-AA-000-0000"
"14105","Site",4,135,0.0296296296296296,-0.606886140979736,0,"Analysis_kri0003",2026-07-28,"AA-AA-000-0000"
"18777","Site",14,477,0.0293501048218029,-1.16381592521566,0,"Analysis_kri0003",2026-07-28,"AA-AA-000-0000"
"34694","Site",10,345,0.0289855072463768,-1.0153311967401,0,"Analysis_kri0003",2026-07-28,"AA-AA-000-0000"
"16725","Site",1,35,0.0285714285714286,-0.332640324997312,0,"Analysis_kri0003",2026-07-28,"AA-AA-000-0000"
"4695","Site",6,214,0.0280373831775701,-0.852009321719405,0,"Analysis_kri0003",2026-07-28,"AA-AA-000-0000"
"30729","Site",9,322,0.0279503105590062,-1.05101546271143,0,"Analysis_kri0003",2026-07-28,"AA-AA-000-0000"
"34903","Site",2,73,0.0273972602739726,-0.518264009360544,0,"Analysis_kri0003",2026-07-28,"AA-AA-000-0000"
"10624","Site",3,110,0.0272727272727273,-0.641118462423127,0,"Analysis_kri0003",2026-07-28,"AA-AA-000-0000"
"13139","Site",3,113,0.0265486725663717,-0.678852719594912,0,"Analysis_kri0003",2026-07-28,"AA-AA-000-0000"
"33296","Site",7,271,0.025830258302583,-1.0959240993061,0,"Analysis_kri0003",2026-07-28,"AA-AA-000-0000"
"33620","Site",5,194,0.0257731958762887,-0.930249506492733,0,"Analysis_kri0003",2026-07-28,"AA-AA-000-0000"
"5444","Site",2,79,0.0253164556962025,-0.608947312576094,0,"Analysis_kri0003",2026-07-28,"AA-AA-000-0000"
"20578","Site",3,120,0.025,-0.763594739550046,0,"Analysis_kri0003",2026-07-28,"AA-AA-000-0000"
"39000","Site",2,90,0.0222222222222222,-0.760755632760978,0,"Analysis_kri0003",2026-07-28,"AA-AA-000-0000"
"28676","Site",5,292,0.0171232876712329,-1.69916162735549,0,"Analysis_kri0003",2026-07-28,"AA-AA-000-0000"
"24964","Site",1,59,0.0169491525423729,-0.768830167238079,0,"Analysis_kri0003",2026-07-28,"AA-AA-000-0000"
"26674","Site",2,122,0.0163934426229508,-1.12873221301868,0,"Analysis_kri0003",2026-07-28,"AA-AA-000-0000"
"22033","Site",2,126,0.0158730158730159,-1.16913576637646,0,"Analysis_kri0003",2026-07-28,"AA-AA-000-0000"
"25616","Site",2,158,0.0126582278481013,-1.46172589433403,0,"Analysis_kri0003",2026-07-28,"AA-AA-000-0000"
"34664","Site",0,107,0,-1.69710580941273,0,"Analysis_kri0003",2026-07-28,"AA-AA-000-0000"
"25970","Site",0,71,0,-1.38243972714202,0,"Analysis_kri0003",2026-07-28,"AA-AA-000-0000"
"6452","Site",0,67,0,-1.34293326811385,0,"Analysis_kri0003",2026-07-28,"AA-AA-000-0000"
"30019","Site",0,54,0,-1.20562962544179,0,"Analysis_kri0003",2026-07-28,"AA-AA-000-0000"
"14449","Site",0,40,0,-1.03764076911786,0,"Analysis_kri0003",2026-07-28,"AA-AA-000-0000"
"32900","Site",0,38,0,-1.01136711803811,0,"Analysis_kri0003",2026-07-28,"AA-AA-000-0000"
"18260","Site",0,30,0,-0.898623266058486,0,"Analysis_kri0003",2026-07-28,"AA-AA-000-0000"
"25664","Site",3,2,1.5,NA,NA,"Analysis_kri0003",2026-07-28,"AA-AA-000-0000"
"17938","Site",1,6,0.166666666666667,NA,NA,"Analysis_kri0003",2026-07-28,"AA-AA-000-0000"
"18244","Site",1,6,0.166666666666667,NA,NA,"Analysis_kri0003",2026-07-28,"AA-AA-000-0000"
"18806","Site",1,6,0.166666666666667,NA,NA,"Analysis_kri0003",2026-07-28,"AA-AA-000-0000"
"6453","Site",4,26,0.153846153846154,NA,NA,"Analysis_kri0003",2026-07-28,"AA-AA-000-0000"
"18179","Site",2,17,0.117647058823529,NA,NA,"Analysis_kri0003",2026-07-28,"AA-AA-000-0000"
"36994","Site",2,20,0.1,NA,NA,"Analysis_kri0003",2026-07-28,"AA-AA-000-0000"
"24680","Site",1,11,0.0909090909090909,NA,NA,"Analysis_kri0003",2026-07-28,"AA-AA-000-0000"
"14169","Site",2,28,0.0714285714285714,NA,NA,"Analysis_kri0003",2026-07-28,"AA-AA-000-0000"
"6209","Site",1,23,0.0434782608695652,NA,NA,"Analysis_kri0003",2026-07-28,"AA-AA-000-0000"
"16424","Site",1,24,0.0416666666666667,NA,NA,"Analysis_kri0003",2026-07-28,"AA-AA-000-0000"
"30995","Site",1,24,0.0416666666666667,NA,NA,"Analysis_kri0003",2026-07-28,"AA-AA-000-0000"
"29254","Site",1,25,0.04,NA,NA,"Analysis_kri0003",2026-07-28,"AA-AA-000-0000"
"34326","Site",1,27,0.037037037037037,NA,NA,"Analysis_kri0003",2026-07-28,"AA-AA-000-0000"
"17013","Site",1,28,0.0357142857142857,NA,NA,"Analysis_kri0003",2026-07-28,"AA-AA-000-0000"
"18549","Site",0,28,0,NA,NA,"Analysis_kri0003",2026-07-28,"AA-AA-000-0000"
"17444","Site",0,24,0,NA,NA,"Analysis_kri0003",2026-07-28,"AA-AA-000-0000"
"4723","Site",0,21,0,NA,NA,"Analysis_kri0003",2026-07-28,"AA-AA-000-0000"
"38758","Site",0,21,0,NA,NA,"Analysis_kri0003",2026-07-28,"AA-AA-000-0000"
"24867","Site",0,19,0,NA,NA,"Analysis_kri0003",2026-07-28,"AA-AA-000-0000"
"34343","Site",0,15,0,NA,NA,"Analysis_kri0003",2026-07-28,"AA-AA-000-0000"
"33633","Site",0,14,0,NA,NA,"Analysis_kri0003",2026-07-28,"AA-AA-000-0000"
"20869","Site",0,10,0,NA,NA,"Analysis_kri0003",2026-07-28,"AA-AA-000-0000"
"30516","Site",0,10,0,NA,NA,"Analysis_kri0003",2026-07-28,"AA-AA-000-0000"
"8240","Site",0,5,0,NA,NA,"Analysis_kri0003",2026-07-28,"AA-AA-000-0000"
"8290","Site",0,4,0,NA,NA,"Analysis_kri0003",2026-07-28,"AA-AA-000-0000"
"21015","Site",0,4,0,NA,NA,"Analysis_kri0003",2026-07-28,"AA-AA-000-0000"
"30776","Site",7,32,0.21875,4.04503712203309,2,"Analysis_kri0004",2026-07-28,"AA-AA-000-0000"
"10388","Site",4,39,0.102564102564103,1.49270973012408,0,"Analysis_kri0004",2026-07-28,"AA-AA-000-0000"
"35223","Site",5,49,0.102040816326531,1.6581657066246,0,"Analysis_kri0004",2026-07-28,"AA-AA-000-0000"
"16725","Site",3,35,0.0857142857142857,1.00565564256655,0,"Analysis_kri0004",2026-07-28,"AA-AA-000-0000"
"37781","Site",3,35,0.0857142857142857,1.00565564256655,0,"Analysis_kri0004",2026-07-28,"AA-AA-000-0000"
"21129","Site",3,36,0.0833333333333333,0.961388736193858,0,"Analysis_kri0004",2026-07-28,"AA-AA-000-0000"
"14393","Site",6,72,0.0833333333333333,1.35960898943808,0,"Analysis_kri0004",2026-07-28,"AA-AA-000-0000"
"34","Site",4,49,0.0816326530612245,1.07284332728086,0,"Analysis_kri0004",2026-07-28,"AA-AA-000-0000"
"257","Site",7,89,0.0786516853932584,1.33065872594691,0,"Analysis_kri0004",2026-07-28,"AA-AA-000-0000"
"38166","Site",3,42,0.0714285714285714,0.722308304481914,0,"Analysis_kri0004",2026-07-28,"AA-AA-000-0000"
"14729","Site",19,266,0.0714285714285714,1.81776937001986,0,"Analysis_kri0004",2026-07-28,"AA-AA-000-0000"
"6022","Site",10,141,0.0709219858156028,1.29880342342756,0,"Analysis_kri0004",2026-07-28,"AA-AA-000-0000"
"8995","Site",21,297,0.0707070707070707,1.86982786834333,0,"Analysis_kri0004",2026-07-28,"AA-AA-000-0000"
"28689","Site",22,321,0.0685358255451713,1.78452134581577,0,"Analysis_kri0004",2026-07-28,"AA-AA-000-0000"
"28822","Site",9,132,0.0681818181818182,1.12767843982522,0,"Analysis_kri0004",2026-07-28,"AA-AA-000-0000"
"24964","Site",4,59,0.0677966101694915,0.74179523369913,0,"Analysis_kri0004",2026-07-28,"AA-AA-000-0000"
"18260","Site",2,30,0.0666666666666667,0.50359717989891,0,"Analysis_kri0004",2026-07-28,"AA-AA-000-0000"
"37191","Site",3,45,0.0666666666666667,0.616778063328457,0,"Analysis_kri0004",2026-07-28,"AA-AA-000-0000"
"14105","Site",9,135,0.0666666666666667,1.06829094267882,0,"Analysis_kri0004",2026-07-28,"AA-AA-000-0000"
"14648","Site",9,137,0.0656934306569343,1.02950148098135,0,"Analysis_kri0004",2026-07-28,"AA-AA-000-0000"
"9075","Site",10,155,0.0645161290322581,1.03499178222195,0,"Analysis_kri0004",2026-07-28,"AA-AA-000-0000"
"16992","Site",13,203,0.0640394088669951,1.15662692388114,0,"Analysis_kri0004",2026-07-28,"AA-AA-000-0000"
"17815","Site",3,47,0.0638297872340425,0.55064907040514,0,"Analysis_kri0004",2026-07-28,"AA-AA-000-0000"
"37908","Site",12,194,0.0618556701030928,1.00607474896169,0,"Analysis_kri0004",2026-07-28,"AA-AA-000-0000"
"10497","Site",11,178,0.0617977528089888,0.96052850677139,0,"Analysis_kri0004",2026-07-28,"AA-AA-000-0000"
"34355","Site",19,319,0.0595611285266458,1.12219096424714,0,"Analysis_kri0004",2026-07-28,"AA-AA-000-0000"
"20578","Site",7,120,0.0583333333333333,0.633167710788798,0,"Analysis_kri0004",2026-07-28,"AA-AA-000-0000"
"17731","Site",3,52,0.0576923076923077,0.397862437753849,0,"Analysis_kri0004",2026-07-28,"AA-AA-000-0000"
"4659","Site",6,106,0.0566037735849057,0.522128360171,0,"Analysis_kri0004",2026-07-28,"AA-AA-000-0000"
"22033","Site",7,126,0.0555555555555556,0.521049413986405,0,"Analysis_kri0004",2026-07-28,"AA-AA-000-0000"
"34869","Site",8,144,0.0555555555555556,0.557025253918991,0,"Analysis_kri0004",2026-07-28,"AA-AA-000-0000"
"34660","Site",9,162,0.0555555555555556,0.590814501507415,0,"Analysis_kri0004",2026-07-28,"AA-AA-000-0000"
"17541","Site",32,576,0.0555555555555556,1.11405050783798,0,"Analysis_kri0004",2026-07-28,"AA-AA-000-0000"
"30816","Site",2,37,0.0540540540540541,0.244932981642974,0,"Analysis_kri0004",2026-07-28,"AA-AA-000-0000"
"34071","Site",17,316,0.0537974683544304,0.697108850642592,0,"Analysis_kri0004",2026-07-28,"AA-AA-000-0000"
"32900","Site",2,38,0.0526315789473684,0.212293101007969,0,"Analysis_kri0004",2026-07-28,"AA-AA-000-0000"
"38497","Site",10,190,0.0526315789473684,0.474701805008047,0,"Analysis_kri0004",2026-07-28,"AA-AA-000-0000"
"2392","Site",26,497,0.0523138832997988,0.738735321987784,0,"Analysis_kri0004",2026-07-28,"AA-AA-000-0000"
"22677","Site",20,385,0.051948051948052,0.620780483562069,0,"Analysis_kri0004",2026-07-28,"AA-AA-000-0000"
"33620","Site",10,194,0.0515463917525773,0.417742980221756,0,"Analysis_kri0004",2026-07-28,"AA-AA-000-0000"
"5444","Site",4,79,0.0506329113924051,0.233310078071643,0,"Analysis_kri0004",2026-07-28,"AA-AA-000-0000"
"34341","Site",28,557,0.0502692998204668,0.584348124500653,0,"Analysis_kri0004",2026-07-28,"AA-AA-000-0000"
"14449","Site",2,40,0.05,0.149615161776639,0,"Analysis_kri0004",2026-07-28,"AA-AA-000-0000"
"16996","Site",12,240,0.05,0.366480804136723,0,"Analysis_kri0004",2026-07-28,"AA-AA-000-0000"
"34694","Site",17,345,0.0492753623188406,0.384247827508021,0,"Analysis_kri0004",2026-07-28,"AA-AA-000-0000"
"21541","Site",3,61,0.0491803278688525,0.158531097457857,0,"Analysis_kri0004",2026-07-28,"AA-AA-000-0000"
"17187","Site",37,753,0.049136786188579,0.552094050209701,0,"Analysis_kri0004",2026-07-28,"AA-AA-000-0000"
"12392","Site",5,102,0.0490196078431373,0.19834736787592,0,"Analysis_kri0004",2026-07-28,"AA-AA-000-0000"
"20531","Site",17,349,0.0487106017191977,0.343240421021475,0,"Analysis_kri0004",2026-07-28,"AA-AA-000-0000"
"5960","Site",6,125,0.048,0.172867294623943,0,"Analysis_kri0004",2026-07-28,"AA-AA-000-0000"
"9522","Site",20,417,0.0479616306954436,0.312526978571762,0,"Analysis_kri0004",2026-07-28,"AA-AA-000-0000"
"28676","Site",14,292,0.047945205479452,0.260373621169251,0,"Analysis_kri0004",2026-07-28,"AA-AA-000-0000"
"24917","Site",3,63,0.0476190476190476,0.110334665205707,0,"Analysis_kri0004",2026-07-28,"AA-AA-000-0000"
"384","Site",12,253,0.0474308300395257,0.208840431981993,0,"Analysis_kri0004",2026-07-28,"AA-AA-000-0000"
"8594","Site",34,725,0.0468965517241379,0.29458494192302,0,"Analysis_kri0004",2026-07-28,"AA-AA-000-0000"
"18548","Site",8,171,0.0467836257309941,0.137016626480216,0,"Analysis_kri0004",2026-07-28,"AA-AA-000-0000"
"38711","Site",14,301,0.0465116279069767,0.162450278893588,0,"Analysis_kri0004",2026-07-28,"AA-AA-000-0000"
"26880","Site",15,324,0.0462962962962963,0.152661771644124,0,"Analysis_kri0004",2026-07-28,"AA-AA-000-0000"
"14601","Site",16,348,0.0459770114942529,0.133810911122822,0,"Analysis_kri0004",2026-07-28,"AA-AA-000-0000"
"37728","Site",20,436,0.0458715596330275,0.140755260518984,0,"Analysis_kri0004",2026-07-28,"AA-AA-000-0000"
"6452","Site",3,67,0.0447761194029851,0.0184387729201807,0,"Analysis_kri0004",2026-07-28,"AA-AA-000-0000"
"13139","Site",5,113,0.0442477876106195,0.000934854245224053,0,"Analysis_kri0004",2026-07-28,"AA-AA-000-0000"
"30729","Site",14,322,0.0434782608695652,-0.0549995460507115,0,"Analysis_kri0004",2026-07-28,"AA-AA-000-0000"
"33617","Site",19,440,0.0431818181818182,-0.0897697863586617,0,"Analysis_kri0004",2026-07-28,"AA-AA-000-0000"
"14164","Site",5,116,0.0431034482758621,-0.0495511444800335,0,"Analysis_kri0004",2026-07-28,"AA-AA-000-0000"
"1028","Site",4,93,0.043010752688172,-0.0480302593123627,0,"Analysis_kri0004",2026-07-28,"AA-AA-000-0000"
"34696","Site",12,283,0.0424028268551237,-0.125687292799383,0,"Analysis_kri0004",2026-07-28,"AA-AA-000-0000"
"25970","Site",3,71,0.0422535211267606,-0.0681092252993526,0,"Analysis_kri0004",2026-07-28,"AA-AA-000-0000"
"10371","Site",4,95,0.0421052631578947,-0.0847047977756714,0,"Analysis_kri0004",2026-07-28,"AA-AA-000-0000"
"4695","Site",9,214,0.0420560747663551,-0.130079716340364,0,"Analysis_kri0004",2026-07-28,"AA-AA-000-0000"
"6416","Site",9,216,0.0416666666666667,-0.154135189607746,0,"Analysis_kri0004",2026-07-28,"AA-AA-000-0000"
"12417","Site",18,435,0.0413793103448276,-0.243291693905895,0,"Analysis_kri0004",2026-07-28,"AA-AA-000-0000"
"34903","Site",3,73,0.0410958904109589,-0.109586999068234,0,"Analysis_kri0004",2026-07-28,"AA-AA-000-0000"
"26674","Site",5,122,0.040983606557377,-0.146751359942079,0,"Analysis_kri0004",2026-07-28,"AA-AA-000-0000"
"16498","Site",6,149,0.0402684563758389,-0.197946360363474,0,"Analysis_kri0004",2026-07-28,"AA-AA-000-0000"
"1881","Site",11,277,0.0397111913357401,-0.307895631958124,0,"Analysis_kri0004",2026-07-28,"AA-AA-000-0000"
"534","Site",8,202,0.0396039603960396,-0.269173882336607,0,"Analysis_kri0004",2026-07-28,"AA-AA-000-0000"
"38404","Site",5,127,0.0393700787401575,-0.224230974042087,0,"Analysis_kri0004",2026-07-28,"AA-AA-000-0000"
"26115","Site",16,411,0.0389294403892944,-0.439981559906168,0,"Analysis_kri0004",2026-07-28,"AA-AA-000-0000"
"17808","Site",19,498,0.0381526104417671,-0.55534404112827,0,"Analysis_kri0004",2026-07-28,"AA-AA-000-0000"
"30212","Site",4,105,0.0380952380952381,-0.257409866606283,0,"Analysis_kri0004",2026-07-28,"AA-AA-000-0000"
"25616","Site",6,158,0.0379746835443038,-0.32197019882193,0,"Analysis_kri0004",2026-07-28,"AA-AA-000-0000"
"39048","Site",3,79,0.0379746835443038,-0.227667310926968,0,"Analysis_kri0004",2026-07-28,"AA-AA-000-0000"
"8560","Site",15,396,0.0378787878787879,-0.517542374126122,0,"Analysis_kri0004",2026-07-28,"AA-AA-000-0000"
"21380","Site",15,399,0.037593984962406,-0.542808084919438,0,"Analysis_kri0004",2026-07-28,"AA-AA-000-0000"
"37186","Site",30,808,0.0371287128712871,-0.826629736960578,0,"Analysis_kri0004",2026-07-28,"AA-AA-000-0000"
"30019","Site",2,54,0.037037037037037,-0.216459096900644,0,"Analysis_kri0004",2026-07-28,"AA-AA-000-0000"
"37702","Site",21,570,0.0368421052631579,-0.722329122333342,0,"Analysis_kri0004",2026-07-28,"AA-AA-000-0000"
"4354","Site",4,111,0.036036036036036,-0.353552414370817,0,"Analysis_kri0004",2026-07-28,"AA-AA-000-0000"
"5927","Site",6,167,0.0359281437125748,-0.439373893321752,0,"Analysis_kri0004",2026-07-28,"AA-AA-000-0000"
"17172","Site",8,228,0.0350877192982456,-0.565380029674463,0,"Analysis_kri0004",2026-07-28,"AA-AA-000-0000"
"531","Site",26,774,0.0335917312661499,-1.21222851254559,0,"Analysis_kri0004",2026-07-28,"AA-AA-000-0000"
"18777","Site",16,477,0.0335429769392034,-0.956003931993231,0,"Analysis_kri0004",2026-07-28,"AA-AA-000-0000"
"10531","Site",1,30,0.0333333333333333,-0.244456118119134,0,"Analysis_kri0004",2026-07-28,"AA-AA-000-0000"
"34713","Site",21,633,0.033175355450237,-1.13918786572292,0,"Analysis_kri0004",2026-07-28,"AA-AA-000-0000"
"38272","Site",9,277,0.0324909747292419,-0.800256218618268,0,"Analysis_kri0004",2026-07-28,"AA-AA-000-0000"
"6530","Site",7,223,0.031390134529148,-0.785383377434723,0,"Analysis_kri0004",2026-07-28,"AA-AA-000-0000"
"31107","Site",13,415,0.0313253012048193,-1.07681561776693,0,"Analysis_kri0004",2026-07-28,"AA-AA-000-0000"
"29060","Site",5,161,0.031055900621118,-0.684708673406244,0,"Analysis_kri0004",2026-07-28,"AA-AA-000-0000"
"25605","Site",10,338,0.029585798816568,-1.1028289615718,0,"Analysis_kri0004",2026-07-28,"AA-AA-000-0000"
"33296","Site",8,271,0.029520295202952,-0.991912159396249,0,"Analysis_kri0004",2026-07-28,"AA-AA-000-0000"
"17961","Site",10,344,0.0290697674418605,-1.1517889898916,0,"Analysis_kri0004",2026-07-28,"AA-AA-000-0000"
"34664","Site",3,107,0.0280373831775701,-0.686125376584045,0,"Analysis_kri0004",2026-07-28,"AA-AA-000-0000"
"12432","Site",5,212,0.0235849056603774,-1.23140418864844,0,"Analysis_kri0004",2026-07-28,"AA-AA-000-0000"
"12937","Site",7,301,0.0232558139534884,-1.49068335364213,0,"Analysis_kri0004",2026-07-28,"AA-AA-000-0000"
"25476","Site",3,130,0.0230769230769231,-0.988013563687823,0,"Analysis_kri0004",2026-07-28,"AA-AA-000-0000"
"32913","Site",5,224,0.0223214285714286,-1.34325465481181,0,"Analysis_kri0004",2026-07-28,"AA-AA-000-0000"
"37912","Site",1,45,0.0222222222222222,-0.604787857038427,0,"Analysis_kri0004",2026-07-28,"AA-AA-000-0000"
"5968","Site",6,277,0.0216606498194946,-1.53879709860848,0,"Analysis_kri0004",2026-07-28,"AA-AA-000-0000"
"27025","Site",1,49,0.0204081632653061,-0.683123810750362,0,"Analysis_kri0004",2026-07-28,"AA-AA-000-0000"
"10630","Site",5,255,0.0196078431372549,-1.61073650812562,0,"Analysis_kri0004",2026-07-28,"AA-AA-000-0000"
"12407","Site",1,52,0.0192307692307692,-0.738512097615617,0,"Analysis_kri0004",2026-07-28,"AA-AA-000-0000"
"9044","Site",1,53,0.0188679245283019,-0.756402465531497,0,"Analysis_kri0004",2026-07-28,"AA-AA-000-0000"
"10624","Site",2,110,0.0181818181818182,-1.11919465153284,0,"Analysis_kri0004",2026-07-28,"AA-AA-000-0000"
"13333","Site",2,118,0.0169491525423729,-1.21404140798811,0,"Analysis_kri0004",2026-07-28,"AA-AA-000-0000"
"33824","Site",3,180,0.0166666666666667,-1.51496719416858,0,"Analysis_kri0004",2026-07-28,"AA-AA-000-0000"
"13081","Site",2,138,0.0144927536231884,-1.43113224915307,0,"Analysis_kri0004",2026-07-28,"AA-AA-000-0000"
"39000","Site",1,90,0.0111111111111111,-1.28718796276121,0,"Analysis_kri0004",2026-07-28,"AA-AA-000-0000"
"29192","Site",1,91,0.010989010989011,-1.29909157705331,0,"Analysis_kri0004",2026-07-28,"AA-AA-000-0000"
"39044","Site",0,61,0,-1.41526877786964,0,"Analysis_kri0004",2026-07-28,"AA-AA-000-0000"
"18033","Site",0,43,0,-1.18825113041817,0,"Analysis_kri0004",2026-07-28,"AA-AA-000-0000"
"25664","Site",1,2,0.5,NA,NA,"Analysis_kri0004",2026-07-28,"AA-AA-000-0000"
"30516","Site",3,10,0.3,NA,NA,"Analysis_kri0004",2026-07-28,"AA-AA-000-0000"
"21015","Site",1,4,0.25,NA,NA,"Analysis_kri0004",2026-07-28,"AA-AA-000-0000"
"24867","Site",4,19,0.210526315789474,NA,NA,"Analysis_kri0004",2026-07-28,"AA-AA-000-0000"
"8240","Site",1,5,0.2,NA,NA,"Analysis_kri0004",2026-07-28,"AA-AA-000-0000"
"20869","Site",2,10,0.2,NA,NA,"Analysis_kri0004",2026-07-28,"AA-AA-000-0000"
"24680","Site",2,11,0.181818181818182,NA,NA,"Analysis_kri0004",2026-07-28,"AA-AA-000-0000"
"18806","Site",1,6,0.166666666666667,NA,NA,"Analysis_kri0004",2026-07-28,"AA-AA-000-0000"
"38758","Site",3,21,0.142857142857143,NA,NA,"Analysis_kri0004",2026-07-28,"AA-AA-000-0000"
"36994","Site",2,20,0.1,NA,NA,"Analysis_kri0004",2026-07-28,"AA-AA-000-0000"
"6209","Site",2,23,0.0869565217391304,NA,NA,"Analysis_kri0004",2026-07-28,"AA-AA-000-0000"
"34343","Site",1,15,0.0666666666666667,NA,NA,"Analysis_kri0004",2026-07-28,"AA-AA-000-0000"
"18179","Site",1,17,0.0588235294117647,NA,NA,"Analysis_kri0004",2026-07-28,"AA-AA-000-0000"
"4723","Site",1,21,0.0476190476190476,NA,NA,"Analysis_kri0004",2026-07-28,"AA-AA-000-0000"
"16424","Site",1,24,0.0416666666666667,NA,NA,"Analysis_kri0004",2026-07-28,"AA-AA-000-0000"
"17444","Site",1,24,0.0416666666666667,NA,NA,"Analysis_kri0004",2026-07-28,"AA-AA-000-0000"
"30995","Site",1,24,0.0416666666666667,NA,NA,"Analysis_kri0004",2026-07-28,"AA-AA-000-0000"
"29254","Site",1,25,0.04,NA,NA,"Analysis_kri0004",2026-07-28,"AA-AA-000-0000"
"6453","Site",1,26,0.0384615384615385,NA,NA,"Analysis_kri0004",2026-07-28,"AA-AA-000-0000"
"34326","Site",1,27,0.037037037037037,NA,NA,"Analysis_kri0004",2026-07-28,"AA-AA-000-0000"
"14169","Site",1,28,0.0357142857142857,NA,NA,"Analysis_kri0004",2026-07-28,"AA-AA-000-0000"
"18549","Site",1,28,0.0357142857142857,NA,NA,"Analysis_kri0004",2026-07-28,"AA-AA-000-0000"
"17013","Site",0,28,0,NA,NA,"Analysis_kri0004",2026-07-28,"AA-AA-000-0000"
"33633","Site",0,14,0,NA,NA,"Analysis_kri0004",2026-07-28,"AA-AA-000-0000"
"17938","Site",0,6,0,NA,NA,"Analysis_kri0004",2026-07-28,"AA-AA-000-0000"
"18244","Site",0,6,0,NA,NA,"Analysis_kri0004",2026-07-28,"AA-AA-000-0000"
"8290","Site",0,4,0,NA,NA,"Analysis_kri0004",2026-07-28,"AA-AA-000-0000"
"5444","Site",24,1013,0.0236920039486673,2.02078266936726,1,"Analysis_kri0005",2026-07-28,"AA-AA-000-0000"
"33296","Site",49,2126,0.0230479774223895,2.70659922218326,1,"Analysis_kri0005",2026-07-28,"AA-AA-000-0000"
"18548","Site",36,1567,0.02297383535418,2.30185005647615,1,"Analysis_kri0005",2026-07-28,"AA-AA-000-0000"
"25476","Site",35,1577,0.0221940393151554,2.07882498731798,1,"Analysis_kri0005",2026-07-28,"AA-AA-000-0000"
"34071","Site",45,2050,0.0219512195121951,2.28838346712741,1,"Analysis_kri0005",2026-07-28,"AA-AA-000-0000"
"26880","Site",67,3233,0.0207237859573152,2.35462039442699,1,"Analysis_kri0005",2026-07-28,"AA-AA-000-0000"
"34","Site",24,1037,0.0231436837029894,1.91323064204036,0,"Analysis_kri0005",2026-07-28,"AA-AA-000-0000"
"4723","Site",12,554,0.0216606498194946,1.13874000305391,0,"Analysis_kri0005",2026-07-28,"AA-AA-000-0000"
"10624","Site",22,1020,0.0215686274509804,1.52328440144665,0,"Analysis_kri0005",2026-07-28,"AA-AA-000-0000"
"18260","Site",11,526,0.0209125475285171,0.981957789357716,0,"Analysis_kri0005",2026-07-28,"AA-AA-000-0000"
"37781","Site",33,1587,0.0207939508506616,1.67049874166337,0,"Analysis_kri0005",2026-07-28,"AA-AA-000-0000"
"24964","Site",11,538,0.0204460966542751,0.912612734488983,0,"Analysis_kri0005",2026-07-28,"AA-AA-000-0000"
"17938","Site",10,496,0.0201612903225806,0.829082267125767,0,"Analysis_kri0005",2026-07-28,"AA-AA-000-0000"
"10388","Site",11,554,0.01985559566787,0.82269288166276,0,"Analysis_kri0005",2026-07-28,"AA-AA-000-0000"
"27025","Site",10,507,0.019723865877712,0.764957404333677,0,"Analysis_kri0005",2026-07-28,"AA-AA-000-0000"
"24917","Site",21,1074,0.0195530726256983,1.07172247258311,0,"Analysis_kri0005",2026-07-28,"AA-AA-000-0000"
"26115","Site",39,2029,0.0192212912764909,1.36188955814321,0,"Analysis_kri0005",2026-07-28,"AA-AA-000-0000"
"37908","Site",50,2637,0.0189609404626469,1.4531333001597,0,"Analysis_kri0005",2026-07-28,"AA-AA-000-0000"
"21015","Site",10,529,0.0189035916824197,0.641033952229923,0,"Analysis_kri0005",2026-07-28,"AA-AA-000-0000"
"38404","Site",39,2111,0.0184746565608716,1.1339494169582,0,"Analysis_kri0005",2026-07-28,"AA-AA-000-0000"
"32913","Site",19,1038,0.0183044315992293,0.754351457636301,0,"Analysis_kri0005",2026-07-28,"AA-AA-000-0000"
"38166","Site",19,1059,0.0179414542020774,0.674075254648083,0,"Analysis_kri0005",2026-07-28,"AA-AA-000-0000"
"1028","Site",27,1516,0.0178100263852243,0.768443902764472,0,"Analysis_kri0005",2026-07-28,"AA-AA-000-0000"
"12392","Site",27,1518,0.0177865612648221,0.762149740392349,0,"Analysis_kri0005",2026-07-28,"AA-AA-000-0000"
"2392","Site",63,3548,0.0177564825253664,1.15186080655582,0,"Analysis_kri0005",2026-07-28,"AA-AA-000-0000"
"21541","Site",19,1071,0.0177404295051354,0.62894509503391,0,"Analysis_kri0005",2026-07-28,"AA-AA-000-0000"
"29060","Site",46,2593,0.0177400694176629,0.978495250164183,0,"Analysis_kri0005",2026-07-28,"AA-AA-000-0000"
"14393","Site",18,1034,0.0174081237911025,0.538496885018983,0,"Analysis_kri0005",2026-07-28,"AA-AA-000-0000"
"25616","Site",18,1038,0.0173410404624277,0.523459904739717,0,"Analysis_kri0005",2026-07-28,"AA-AA-000-0000"
"30212","Site",27,1557,0.0173410404624277,0.641104833709099,0,"Analysis_kri0005",2026-07-28,"AA-AA-000-0000"
"38711","Site",44,2547,0.0172752257557911,0.795263995391467,0,"Analysis_kri0005",2026-07-28,"AA-AA-000-0000"
"20531","Site",53,3112,0.0170308483290488,0.777644609550726,0,"Analysis_kri0005",2026-07-28,"AA-AA-000-0000"
"38497","Site",27,1593,0.0169491525423729,0.53212139139356,0,"Analysis_kri0005",2026-07-28,"AA-AA-000-0000"
"34694","Site",53,3133,0.016916693265241,0.732732435443682,0,"Analysis_kri0005",2026-07-28,"AA-AA-000-0000"
"534","Site",35,2077,0.0168512277323062,0.574406192963097,0,"Analysis_kri0005",2026-07-28,"AA-AA-000-0000"
"16996","Site",26,1543,0.016850291639663,0.494816096107822,0,"Analysis_kri0005",2026-07-28,"AA-AA-000-0000"
"12432","Site",36,2152,0.016728624535316,0.542376365802365,0,"Analysis_kri0005",2026-07-28,"AA-AA-000-0000"
"531","Site",87,5233,0.0166252627555895,0.790153866529462,0,"Analysis_kri0005",2026-07-28,"AA-AA-000-0000"
"31107","Site",79,4755,0.0166140904311251,0.74747123503901,0,"Analysis_kri0005",2026-07-28,"AA-AA-000-0000"
"34869","Site",26,1575,0.0165079365079365,0.398850350083807,0,"Analysis_kri0005",2026-07-28,"AA-AA-000-0000"
"12417","Site",68,4121,0.0165008493084203,0.641780899356512,0,"Analysis_kri0005",2026-07-28,"AA-AA-000-0000"
"17541","Site",68,4130,0.0164648910411622,0.625291138205524,0,"Analysis_kri0005",2026-07-28,"AA-AA-000-0000"
"6530","Site",41,2526,0.0162311955661124,0.401644673655413,0,"Analysis_kri0005",2026-07-28,"AA-AA-000-0000"
"384","Site",58,3585,0.0161785216178522,0.455025717800814,0,"Analysis_kri0005",2026-07-28,"AA-AA-000-0000"
"14648","Site",25,1547,0.0161603102779573,0.293578936383073,0,"Analysis_kri0005",2026-07-28,"AA-AA-000-0000"
"37186","Site",109,6747,0.0161553282940566,0.610061190583518,0,"Analysis_kri0005",2026-07-28,"AA-AA-000-0000"
"25970","Site",17,1055,0.0161137440758294,0.231189616019879,0,"Analysis_kri0005",2026-07-28,"AA-AA-000-0000"
"10497","Site",25,1572,0.0159033078880407,0.220141427113403,0,"Analysis_kri0005",2026-07-28,"AA-AA-000-0000"
"34341","Site",82,5183,0.015820953115956,0.355624593674621,0,"Analysis_kri0005",2026-07-28,"AA-AA-000-0000"
"37702","Site",90,5720,0.0157342657342657,0.324822518599157,0,"Analysis_kri0005",2026-07-28,"AA-AA-000-0000"
"4695","Site",25,1597,0.0156543519098309,0.14787648738037,0,"Analysis_kri0005",2026-07-28,"AA-AA-000-0000"
"5968","Site",49,3134,0.0156349712827058,0.199084416178837,0,"Analysis_kri0005",2026-07-28,"AA-AA-000-0000"
"9522","Site",32,2051,0.0156021452949781,0.14999487700098,0,"Analysis_kri0005",2026-07-28,"AA-AA-000-0000"
"8594","Site",87,5623,0.0154721678819136,0.175854258265087,0,"Analysis_kri0005",2026-07-28,"AA-AA-000-0000"
"5960","Site",24,1554,0.0154440154440154,0.0841917338387268,0,"Analysis_kri0005",2026-07-28,"AA-AA-000-0000"
"34664","Site",24,1554,0.0154440154440154,0.0841917338387268,0,"Analysis_kri0005",2026-07-28,"AA-AA-000-0000"
"25605","Site",46,2986,0.0154052243804421,0.100936591495773,0,"Analysis_kri0005",2026-07-28,"AA-AA-000-0000"
"29192","Site",16,1049,0.0152526215443279,0.0230593033256247,0,"Analysis_kri0005",2026-07-28,"AA-AA-000-0000"
"6022","Site",24,1591,0.0150848522941546,-0.0213815402631142,0,"Analysis_kri0005",2026-07-28,"AA-AA-000-0000"
"17961","Site",31,2057,0.0150704910063199,-0.0291572818094037,0,"Analysis_kri0005",2026-07-28,"AA-AA-000-0000"
"14105","Site",16,1066,0.0150093808630394,-0.0358320210383898,0,"Analysis_kri0005",2026-07-28,"AA-AA-000-0000"
"34713","Site",69,4643,0.0148610811975016,-0.149951425108919,0,"Analysis_kri0005",2026-07-28,"AA-AA-000-0000"
"18033","Site",15,1010,0.0148514851485149,-0.072206406225235,0,"Analysis_kri0005",2026-07-28,"AA-AA-000-0000"
"9044","Site",23,1559,0.0147530468248877,-0.118622486171839,0,"Analysis_kri0005",2026-07-28,"AA-AA-000-0000"
"17187","Site",88,6082,0.0144689246958237,-0.399126758224448,0,"Analysis_kri0005",2026-07-28,"AA-AA-000-0000"
"35223","Site",22,1527,0.014407334643091,-0.217892935544017,0,"Analysis_kri0005",2026-07-28,"AA-AA-000-0000"
"28689","Site",30,2090,0.0143540669856459,-0.273031025497133,0,"Analysis_kri0005",2026-07-28,"AA-AA-000-0000"
"21380","Site",52,3631,0.0143211236573947,-0.374642083252068,0,"Analysis_kri0005",2026-07-28,"AA-AA-000-0000"
"13139","Site",14,979,0.0143003064351379,-0.199378972428832,0,"Analysis_kri0005",2026-07-28,"AA-AA-000-0000"
"34903","Site",15,1051,0.0142721217887726,-0.213377572826191,0,"Analysis_kri0005",2026-07-28,"AA-AA-000-0000"
"10630","Site",29,2035,0.0142506142506142,-0.304130658797218,0,"Analysis_kri0005",2026-07-28,"AA-AA-000-0000"
"30816","Site",15,1063,0.0141110065851364,-0.253668235691766,0,"Analysis_kri0005",2026-07-28,"AA-AA-000-0000"
"33620","Site",31,2202,0.014078110808356,-0.376579877293603,0,"Analysis_kri0005",2026-07-28,"AA-AA-000-0000"
"13081","Site",22,1573,0.013986013986014,-0.345454171081944,0,"Analysis_kri0005",2026-07-28,"AA-AA-000-0000"
"17808","Site",71,5120,0.0138671875,-0.68649742712924,0,"Analysis_kri0005",2026-07-28,"AA-AA-000-0000"
"38272","Site",28,2059,0.0135988343856241,-0.525925464986598,0,"Analysis_kri0005",2026-07-28,"AA-AA-000-0000"
"8560","Site",42,3114,0.0134874759152216,-0.693004451887081,0,"Analysis_kri0005",2026-07-28,"AA-AA-000-0000"
"16498","Site",21,1560,0.0134615384615385,-0.498120735123754,0,"Analysis_kri0005",2026-07-28,"AA-AA-000-0000"
"10371","Site",20,1512,0.0132275132275132,-0.558090705885612,0,"Analysis_kri0005",2026-07-28,"AA-AA-000-0000"
"14729","Site",28,2122,0.0131950989632422,-0.672259889418053,0,"Analysis_kri0005",2026-07-28,"AA-AA-000-0000"
"16992","Site",13,1007,0.012909632571996,-0.530491809862742,0,"Analysis_kri0005",2026-07-28,"AA-AA-000-0000"
"17172","Site",27,2099,0.0128632682229633,-0.781698101440358,0,"Analysis_kri0005",2026-07-28,"AA-AA-000-0000"
"34355","Site",26,2036,0.012770137524558,-0.801137636143411,0,"Analysis_kri0005",2026-07-28,"AA-AA-000-0000"
"14601","Site",32,2516,0.0127186009538951,-0.909811212075472,0,"Analysis_kri0005",2026-07-28,"AA-AA-000-0000"
"9075","Site",27,2124,0.0127118644067797,-0.838245890601606,0,"Analysis_kri0005",2026-07-28,"AA-AA-000-0000"
"12937","Site",33,2599,0.0126971912273952,-0.932815615005107,0,"Analysis_kri0005",2026-07-28,"AA-AA-000-0000"
"22677","Site",39,3074,0.0126870527000651,-1.01866410593879,0,"Analysis_kri0005",2026-07-28,"AA-AA-000-0000"
"18777","Site",32,2535,0.0126232741617357,-0.948943538570517,0,"Analysis_kri0005",2026-07-28,"AA-AA-000-0000"
"14449","Site",13,1031,0.0126091173617847,-0.608556080416659,0,"Analysis_kri0005",2026-07-28,"AA-AA-000-0000"
"5927","Site",26,2092,0.0124282982791587,-0.928388482622126,0,"Analysis_kri0005",2026-07-28,"AA-AA-000-0000"
"18549","Site",13,1056,0.0123106060606061,-0.688050600664889,0,"Analysis_kri0005",2026-07-28,"AA-AA-000-0000"
"30729","Site",20,1628,0.0122850122850123,-0.86199214827643,0,"Analysis_kri0005",2026-07-28,"AA-AA-000-0000"
"6416","Site",19,1556,0.0122107969151671,-0.864492719807394,0,"Analysis_kri0005",2026-07-28,"AA-AA-000-0000"
"14164","Site",13,1072,0.0121268656716418,-0.737995127427998,0,"Analysis_kri0005",2026-07-28,"AA-AA-000-0000"
"33617","Site",49,4065,0.0120541205412054,-1.47159970670709,0,"Analysis_kri0005",2026-07-28,"AA-AA-000-0000"
"1881","Site",25,2103,0.011887779362815,-1.11521602808851,0,"Analysis_kri0005",2026-07-28,"AA-AA-000-0000"
"6452","Site",19,1613,0.0117792932424055,-1.0091009917968,0,"Analysis_kri0005",2026-07-28,"AA-AA-000-0000"
"39044","Site",12,1023,0.0117302052785924,-0.815307755218827,0,"Analysis_kri0005",2026-07-28,"AA-AA-000-0000"
"26674","Site",24,2064,0.0116279069767442,-1.19265254768158,0,"Analysis_kri0005",2026-07-28,"AA-AA-000-0000"
"8995","Site",29,2496,0.0116185897435897,-1.31500223712791,0,"Analysis_kri0005",2026-07-28,"AA-AA-000-0000"
"37728","Site",36,3122,0.011531069827034,-1.50706561119228,0,"Analysis_kri0005",2026-07-28,"AA-AA-000-0000"
"28822","Site",23,2126,0.0108184383819379,-1.48807695242132,0,"Analysis_kri0005",2026-07-28,"AA-AA-000-0000"
"33824","Site",11,1018,0.0108055009823183,-1.03278707714169,0,"Analysis_kri0005",2026-07-28,"AA-AA-000-0000"
"34660","Site",17,1579,0.0107663077897403,-1.29784298169563,0,"Analysis_kri0005",2026-07-28,"AA-AA-000-0000"
"13333","Site",11,1066,0.0103189493433396,-1.17502716074703,0,"Analysis_kri0005",2026-07-28,"AA-AA-000-0000"
"17444","Site",11,1074,0.0102420856610801,-1.19816632092088,0,"Analysis_kri0005",2026-07-28,"AA-AA-000-0000"
"20578","Site",15,1529,0.00981033355134074,-1.5552007994278,0,"Analysis_kri0005",2026-07-28,"AA-AA-000-0000"
"34696","Site",19,2031,0.00935499753815854,-1.94506027025644,0,"Analysis_kri0005",2026-07-28,"AA-AA-000-0000"
"16424","Site",9,495,0.0181818181818182,NA,NA,"Analysis_kri0005",2026-07-28,"AA-AA-000-0000"
"37191","Site",9,509,0.0176817288801572,NA,NA,"Analysis_kri0005",2026-07-28,"AA-AA-000-0000"
"33633","Site",9,522,0.0172413793103448,NA,NA,"Analysis_kri0005",2026-07-28,"AA-AA-000-0000"
"4354","Site",8,494,0.0161943319838057,NA,NA,"Analysis_kri0005",2026-07-28,"AA-AA-000-0000"
"39048","Site",7,500,0.014,NA,NA,"Analysis_kri0005",2026-07-28,"AA-AA-000-0000"
"24867","Site",6,498,0.0120481927710843,NA,NA,"Analysis_kri0005",2026-07-28,"AA-AA-000-0000"
"4659","Site",6,535,0.011214953271028,NA,NA,"Analysis_kri0005",2026-07-28,"AA-AA-000-0000"
"10531","Site",5,493,0.0101419878296146,NA,NA,"Analysis_kri0005",2026-07-28,"AA-AA-000-0000"
"12407","Site",5,495,0.0101010101010101,NA,NA,"Analysis_kri0005",2026-07-28,"AA-AA-000-0000"
"6453","Site",5,497,0.0100603621730382,NA,NA,"Analysis_kri0005",2026-07-28,"AA-AA-000-0000"
"34326","Site",5,527,0.0094876660341556,NA,NA,"Analysis_kri0005",2026-07-28,"AA-AA-000-0000"
"18806","Site",5,538,0.00929368029739777,NA,NA,"Analysis_kri0005",2026-07-28,"AA-AA-000-0000"
"30019","Site",5,557,0.00897666068222621,NA,NA,"Analysis_kri0005",2026-07-28,"AA-AA-000-0000"
"17731","Site",9,1013,0.00888450148075025,NA,NA,"Analysis_kri0005",2026-07-28,"AA-AA-000-0000"
"257","Site",9,1047,0.00859598853868195,NA,NA,"Analysis_kri0005",2026-07-28,"AA-AA-000-0000"
"39000","Site",4,499,0.00801603206412826,NA,NA,"Analysis_kri0005",2026-07-28,"AA-AA-000-0000"
"22033","Site",8,1034,0.00773694390715667,NA,NA,"Analysis_kri0005",2026-07-28,"AA-AA-000-0000"
"37912","Site",3,472,0.00635593220338983,NA,NA,"Analysis_kri0005",2026-07-28,"AA-AA-000-0000"
"21129","Site",3,523,0.00573613766730402,NA,NA,"Analysis_kri0005",2026-07-28,"AA-AA-000-0000"
"28676","Site",5,989,0.00505561172901921,NA,NA,"Analysis_kri0005",2026-07-28,"AA-AA-000-0000"
"6416","Site",2,6,0.333333333333333,NA,NA,"Analysis_kri0006",2026-07-28,"AA-AA-000-0000"
"34071","Site",2,6,0.333333333333333,NA,NA,"Analysis_kri0006",2026-07-28,"AA-AA-000-0000"
"34355","Site",2,6,0.333333333333333,NA,NA,"Analysis_kri0006",2026-07-28,"AA-AA-000-0000"
"26674","Site",1,5,0.2,NA,NA,"Analysis_kri0006",2026-07-28,"AA-AA-000-0000"
"25605","Site",1,6,0.166666666666667,NA,NA,"Analysis_kri0006",2026-07-28,"AA-AA-000-0000"
"34696","Site",1,6,0.166666666666667,NA,NA,"Analysis_kri0006",2026-07-28,"AA-AA-000-0000"
"12937","Site",1,7,0.142857142857143,NA,NA,"Analysis_kri0006",2026-07-28,"AA-AA-000-0000"
"26880","Site",1,7,0.142857142857143,NA,NA,"Analysis_kri0006",2026-07-28,"AA-AA-000-0000"
"8560","Site",1,10,0.1,NA,NA,"Analysis_kri0006",2026-07-28,"AA-AA-000-0000"
"12417","Site",1,11,0.0909090909090909,NA,NA,"Analysis_kri0006",2026-07-28,"AA-AA-000-0000"
"31107","Site",1,14,0.0714285714285714,NA,NA,"Analysis_kri0006",2026-07-28,"AA-AA-000-0000"
"37186","Site",0,15,0,NA,NA,"Analysis_kri0006",2026-07-28,"AA-AA-000-0000"
"8594","Site",0,14,0,NA,NA,"Analysis_kri0006",2026-07-28,"AA-AA-000-0000"
"17187","Site",0,14,0,NA,NA,"Analysis_kri0006",2026-07-28,"AA-AA-000-0000"
"34713","Site",0,13,0,NA,NA,"Analysis_kri0006",2026-07-28,"AA-AA-000-0000"
"531","Site",0,12,0,NA,NA,"Analysis_kri0006",2026-07-28,"AA-AA-000-0000"
"17808","Site",0,12,0,NA,NA,"Analysis_kri0006",2026-07-28,"AA-AA-000-0000"
"34341","Site",0,12,0,NA,NA,"Analysis_kri0006",2026-07-28,"AA-AA-000-0000"
"2392","Site",0,11,0,NA,NA,"Analysis_kri0006",2026-07-28,"AA-AA-000-0000"
"9522","Site",0,11,0,NA,NA,"Analysis_kri0006",2026-07-28,"AA-AA-000-0000"
"17541","Site",0,11,0,NA,NA,"Analysis_kri0006",2026-07-28,"AA-AA-000-0000"
"18777","Site",0,11,0,NA,NA,"Analysis_kri0006",2026-07-28,"AA-AA-000-0000"
"37702","Site",0,11,0,NA,NA,"Analysis_kri0006",2026-07-28,"AA-AA-000-0000"
"20531","Site",0,10,0,NA,NA,"Analysis_kri0006",2026-07-28,"AA-AA-000-0000"
"16498","Site",0,9,0,NA,NA,"Analysis_kri0006",2026-07-28,"AA-AA-000-0000"
"22677","Site",0,9,0,NA,NA,"Analysis_kri0006",2026-07-28,"AA-AA-000-0000"
"26115","Site",0,9,0,NA,NA,"Analysis_kri0006",2026-07-28,"AA-AA-000-0000"
"28676","Site",0,9,0,NA,NA,"Analysis_kri0006",2026-07-28,"AA-AA-000-0000"
"33617","Site",0,9,0,NA,NA,"Analysis_kri0006",2026-07-28,"AA-AA-000-0000"
"37728","Site",0,9,0,NA,NA,"Analysis_kri0006",2026-07-28,"AA-AA-000-0000"
"534","Site",0,8,0,NA,NA,"Analysis_kri0006",2026-07-28,"AA-AA-000-0000"
"16992","Site",0,8,0,NA,NA,"Analysis_kri0006",2026-07-28,"AA-AA-000-0000"
"17172","Site",0,8,0,NA,NA,"Analysis_kri0006",2026-07-28,"AA-AA-000-0000"
"34694","Site",0,8,0,NA,NA,"Analysis_kri0006",2026-07-28,"AA-AA-000-0000"
"384","Site",0,7,0,NA,NA,"Analysis_kri0006",2026-07-28,"AA-AA-000-0000"
"5927","Site",0,7,0,NA,NA,"Analysis_kri0006",2026-07-28,"AA-AA-000-0000"
"5960","Site",0,7,0,NA,NA,"Analysis_kri0006",2026-07-28,"AA-AA-000-0000"
"5968","Site",0,7,0,NA,NA,"Analysis_kri0006",2026-07-28,"AA-AA-000-0000"
"10630","Site",0,7,0,NA,NA,"Analysis_kri0006",2026-07-28,"AA-AA-000-0000"
"13139","Site",0,7,0,NA,NA,"Analysis_kri0006",2026-07-28,"AA-AA-000-0000"
"14601","Site",0,7,0,NA,NA,"Analysis_kri0006",2026-07-28,"AA-AA-000-0000"
"14729","Site",0,7,0,NA,NA,"Analysis_kri0006",2026-07-28,"AA-AA-000-0000"
"17961","Site",0,7,0,NA,NA,"Analysis_kri0006",2026-07-28,"AA-AA-000-0000"
"18548","Site",0,7,0,NA,NA,"Analysis_kri0006",2026-07-28,"AA-AA-000-0000"
"21380","Site",0,7,0,NA,NA,"Analysis_kri0006",2026-07-28,"AA-AA-000-0000"
"30729","Site",0,7,0,NA,NA,"Analysis_kri0006",2026-07-28,"AA-AA-000-0000"
"33296","Site",0,7,0,NA,NA,"Analysis_kri0006",2026-07-28,"AA-AA-000-0000"
"34664","Site",0,7,0,NA,NA,"Analysis_kri0006",2026-07-28,"AA-AA-000-0000"
"37908","Site",0,7,0,NA,NA,"Analysis_kri0006",2026-07-28,"AA-AA-000-0000"
"38497","Site",0,7,0,NA,NA,"Analysis_kri0006",2026-07-28,"AA-AA-000-0000"
"1881","Site",0,6,0,NA,NA,"Analysis_kri0006",2026-07-28,"AA-AA-000-0000"
"4659","Site",0,6,0,NA,NA,"Analysis_kri0006",2026-07-28,"AA-AA-000-0000"
"8995","Site",0,6,0,NA,NA,"Analysis_kri0006",2026-07-28,"AA-AA-000-0000"
"14393","Site",0,6,0,NA,NA,"Analysis_kri0006",2026-07-28,"AA-AA-000-0000"
"22033","Site",0,6,0,NA,NA,"Analysis_kri0006",2026-07-28,"AA-AA-000-0000"
"28689","Site",0,6,0,NA,NA,"Analysis_kri0006",2026-07-28,"AA-AA-000-0000"
"33620","Site",0,6,0,NA,NA,"Analysis_kri0006",2026-07-28,"AA-AA-000-0000"
"33824","Site",0,6,0,NA,NA,"Analysis_kri0006",2026-07-28,"AA-AA-000-0000"
"38711","Site",0,6,0,NA,NA,"Analysis_kri0006",2026-07-28,"AA-AA-000-0000"
"4695","Site",0,5,0,NA,NA,"Analysis_kri0006",2026-07-28,"AA-AA-000-0000"
"6022","Site",0,5,0,NA,NA,"Analysis_kri0006",2026-07-28,"AA-AA-000-0000"
"6530","Site",0,5,0,NA,NA,"Analysis_kri0006",2026-07-28,"AA-AA-000-0000"
"9075","Site",0,5,0,NA,NA,"Analysis_kri0006",2026-07-28,"AA-AA-000-0000"
"10388","Site",0,5,0,NA,NA,"Analysis_kri0006",2026-07-28,"AA-AA-000-0000"
"12432","Site",0,5,0,NA,NA,"Analysis_kri0006",2026-07-28,"AA-AA-000-0000"
"13081","Site",0,5,0,NA,NA,"Analysis_kri0006",2026-07-28,"AA-AA-000-0000"
"14105","Site",0,5,0,NA,NA,"Analysis_kri0006",2026-07-28,"AA-AA-000-0000"
"16996","Site",0,5,0,NA,NA,"Analysis_kri0006",2026-07-28,"AA-AA-000-0000"
"20578","Site",0,5,0,NA,NA,"Analysis_kri0006",2026-07-28,"AA-AA-000-0000"
"24964","Site",0,5,0,NA,NA,"Analysis_kri0006",2026-07-28,"AA-AA-000-0000"
"25476","Site",0,5,0,NA,NA,"Analysis_kri0006",2026-07-28,"AA-AA-000-0000"
"28822","Site",0,5,0,NA,NA,"Analysis_kri0006",2026-07-28,"AA-AA-000-0000"
"29060","Site",0,5,0,NA,NA,"Analysis_kri0006",2026-07-28,"AA-AA-000-0000"
"32913","Site",0,5,0,NA,NA,"Analysis_kri0006",2026-07-28,"AA-AA-000-0000"
"34869","Site",0,5,0,NA,NA,"Analysis_kri0006",2026-07-28,"AA-AA-000-0000"
"35223","Site",0,5,0,NA,NA,"Analysis_kri0006",2026-07-28,"AA-AA-000-0000"
"38272","Site",0,5,0,NA,NA,"Analysis_kri0006",2026-07-28,"AA-AA-000-0000"
"38404","Site",0,5,0,NA,NA,"Analysis_kri0006",2026-07-28,"AA-AA-000-0000"
"34","Site",0,4,0,NA,NA,"Analysis_kri0006",2026-07-28,"AA-AA-000-0000"
"4354","Site",0,4,0,NA,NA,"Analysis_kri0006",2026-07-28,"AA-AA-000-0000"
"6452","Site",0,4,0,NA,NA,"Analysis_kri0006",2026-07-28,"AA-AA-000-0000"
"10497","Site",0,4,0,NA,NA,"Analysis_kri0006",2026-07-28,"AA-AA-000-0000"
"10624","Site",0,4,0,NA,NA,"Analysis_kri0006",2026-07-28,"AA-AA-000-0000"
"12392","Site",0,4,0,NA,NA,"Analysis_kri0006",2026-07-28,"AA-AA-000-0000"
"13333","Site",0,4,0,NA,NA,"Analysis_kri0006",2026-07-28,"AA-AA-000-0000"
"14164","Site",0,4,0,NA,NA,"Analysis_kri0006",2026-07-28,"AA-AA-000-0000"
"14648","Site",0,4,0,NA,NA,"Analysis_kri0006",2026-07-28,"AA-AA-000-0000"
"25616","Site",0,4,0,NA,NA,"Analysis_kri0006",2026-07-28,"AA-AA-000-0000"
"29192","Site",0,4,0,NA,NA,"Analysis_kri0006",2026-07-28,"AA-AA-000-0000"
"30212","Site",0,4,0,NA,NA,"Analysis_kri0006",2026-07-28,"AA-AA-000-0000"
"30816","Site",0,4,0,NA,NA,"Analysis_kri0006",2026-07-28,"AA-AA-000-0000"
"34660","Site",0,4,0,NA,NA,"Analysis_kri0006",2026-07-28,"AA-AA-000-0000"
"37781","Site",0,4,0,NA,NA,"Analysis_kri0006",2026-07-28,"AA-AA-000-0000"
"38166","Site",0,4,0,NA,NA,"Analysis_kri0006",2026-07-28,"AA-AA-000-0000"
"39000","Site",0,4,0,NA,NA,"Analysis_kri0006",2026-07-28,"AA-AA-000-0000"
"39044","Site",0,4,0,NA,NA,"Analysis_kri0006",2026-07-28,"AA-AA-000-0000"
"1028","Site",0,3,0,NA,NA,"Analysis_kri0006",2026-07-28,"AA-AA-000-0000"
"6209","Site",0,3,0,NA,NA,"Analysis_kri0006",2026-07-28,"AA-AA-000-0000"
"9044","Site",0,3,0,NA,NA,"Analysis_kri0006",2026-07-28,"AA-AA-000-0000"
"10371","Site",0,3,0,NA,NA,"Analysis_kri0006",2026-07-28,"AA-AA-000-0000"
"10531","Site",0,3,0,NA,NA,"Analysis_kri0006",2026-07-28,"AA-AA-000-0000"
"12407","Site",0,3,0,NA,NA,"Analysis_kri0006",2026-07-28,"AA-AA-000-0000"
"14449","Site",0,3,0,NA,NA,"Analysis_kri0006",2026-07-28,"AA-AA-000-0000"
"17731","Site",0,3,0,NA,NA,"Analysis_kri0006",2026-07-28,"AA-AA-000-0000"
"17815","Site",0,3,0,NA,NA,"Analysis_kri0006",2026-07-28,"AA-AA-000-0000"
"24917","Site",0,3,0,NA,NA,"Analysis_kri0006",2026-07-28,"AA-AA-000-0000"
"25970","Site",0,3,0,NA,NA,"Analysis_kri0006",2026-07-28,"AA-AA-000-0000"
"27025","Site",0,3,0,NA,NA,"Analysis_kri0006",2026-07-28,"AA-AA-000-0000"
"30019","Site",0,3,0,NA,NA,"Analysis_kri0006",2026-07-28,"AA-AA-000-0000"
"30776","Site",0,3,0,NA,NA,"Analysis_kri0006",2026-07-28,"AA-AA-000-0000"
"37912","Site",0,3,0,NA,NA,"Analysis_kri0006",2026-07-28,"AA-AA-000-0000"
"257","Site",0,2,0,NA,NA,"Analysis_kri0006",2026-07-28,"AA-AA-000-0000"
"5444","Site",0,2,0,NA,NA,"Analysis_kri0006",2026-07-28,"AA-AA-000-0000"
"6453","Site",0,2,0,NA,NA,"Analysis_kri0006",2026-07-28,"AA-AA-000-0000"
"16424","Site",0,2,0,NA,NA,"Analysis_kri0006",2026-07-28,"AA-AA-000-0000"
"16725","Site",0,2,0,NA,NA,"Analysis_kri0006",2026-07-28,"AA-AA-000-0000"
"17444","Site",0,2,0,NA,NA,"Analysis_kri0006",2026-07-28,"AA-AA-000-0000"
"17938","Site",0,2,0,NA,NA,"Analysis_kri0006",2026-07-28,"AA-AA-000-0000"
"18033","Site",0,2,0,NA,NA,"Analysis_kri0006",2026-07-28,"AA-AA-000-0000"
"18179","Site",0,2,0,NA,NA,"Analysis_kri0006",2026-07-28,"AA-AA-000-0000"
"18244","Site",0,2,0,NA,NA,"Analysis_kri0006",2026-07-28,"AA-AA-000-0000"
"18549","Site",0,2,0,NA,NA,"Analysis_kri0006",2026-07-28,"AA-AA-000-0000"
"21541","Site",0,2,0,NA,NA,"Analysis_kri0006",2026-07-28,"AA-AA-000-0000"
"24680","Site",0,2,0,NA,NA,"Analysis_kri0006",2026-07-28,"AA-AA-000-0000"
"24867","Site",0,2,0,NA,NA,"Analysis_kri0006",2026-07-28,"AA-AA-000-0000"
"29254","Site",0,2,0,NA,NA,"Analysis_kri0006",2026-07-28,"AA-AA-000-0000"
"30516","Site",0,2,0,NA,NA,"Analysis_kri0006",2026-07-28,"AA-AA-000-0000"
"30995","Site",0,2,0,NA,NA,"Analysis_kri0006",2026-07-28,"AA-AA-000-0000"
"32900","Site",0,2,0,NA,NA,"Analysis_kri0006",2026-07-28,"AA-AA-000-0000"
"34343","Site",0,2,0,NA,NA,"Analysis_kri0006",2026-07-28,"AA-AA-000-0000"
"34903","Site",0,2,0,NA,NA,"Analysis_kri0006",2026-07-28,"AA-AA-000-0000"
"37191","Site",0,2,0,NA,NA,"Analysis_kri0006",2026-07-28,"AA-AA-000-0000"
"38758","Site",0,2,0,NA,NA,"Analysis_kri0006",2026-07-28,"AA-AA-000-0000"
"39048","Site",0,2,0,NA,NA,"Analysis_kri0006",2026-07-28,"AA-AA-000-0000"
"4723","Site",0,1,0,NA,NA,"Analysis_kri0006",2026-07-28,"AA-AA-000-0000"
"8240","Site",0,1,0,NA,NA,"Analysis_kri0006",2026-07-28,"AA-AA-000-0000"
"8290","Site",0,1,0,NA,NA,"Analysis_kri0006",2026-07-28,"AA-AA-000-0000"
"14169","Site",0,1,0,NA,NA,"Analysis_kri0006",2026-07-28,"AA-AA-000-0000"
"17013","Site",0,1,0,NA,NA,"Analysis_kri0006",2026-07-28,"AA-AA-000-0000"
"18260","Site",0,1,0,NA,NA,"Analysis_kri0006",2026-07-28,"AA-AA-000-0000"
"18806","Site",0,1,0,NA,NA,"Analysis_kri0006",2026-07-28,"AA-AA-000-0000"
"20869","Site",0,1,0,NA,NA,"Analysis_kri0006",2026-07-28,"AA-AA-000-0000"
"21015","Site",0,1,0,NA,NA,"Analysis_kri0006",2026-07-28,"AA-AA-000-0000"
"21129","Site",0,1,0,NA,NA,"Analysis_kri0006",2026-07-28,"AA-AA-000-0000"
"25664","Site",0,1,0,NA,NA,"Analysis_kri0006",2026-07-28,"AA-AA-000-0000"
"33633","Site",0,1,0,NA,NA,"Analysis_kri0006",2026-07-28,"AA-AA-000-0000"
"34326","Site",0,1,0,NA,NA,"Analysis_kri0006",2026-07-28,"AA-AA-000-0000"
"36994","Site",0,1,0,NA,NA,"Analysis_kri0006",2026-07-28,"AA-AA-000-0000"
"34071","Site",2,6,0.333333333333333,NA,NA,"Analysis_kri0007",2026-07-28,"AA-AA-000-0000"
"30212","Site",1,4,0.25,NA,NA,"Analysis_kri0007",2026-07-28,"AA-AA-000-0000"
"16996","Site",1,5,0.2,NA,NA,"Analysis_kri0007",2026-07-28,"AA-AA-000-0000"
"32913","Site",1,5,0.2,NA,NA,"Analysis_kri0007",2026-07-28,"AA-AA-000-0000"
"384","Site",1,7,0.142857142857143,NA,NA,"Analysis_kri0007",2026-07-28,"AA-AA-000-0000"
"5927","Site",1,7,0.142857142857143,NA,NA,"Analysis_kri0007",2026-07-28,"AA-AA-000-0000"
"37908","Site",1,7,0.142857142857143,NA,NA,"Analysis_kri0007",2026-07-28,"AA-AA-000-0000"
"534","Site",1,8,0.125,NA,NA,"Analysis_kri0007",2026-07-28,"AA-AA-000-0000"
"17541","Site",1,11,0.0909090909090909,NA,NA,"Analysis_kri0007",2026-07-28,"AA-AA-000-0000"
"37702","Site",1,11,0.0909090909090909,NA,NA,"Analysis_kri0007",2026-07-28,"AA-AA-000-0000"
"531","Site",1,12,0.0833333333333333,NA,NA,"Analysis_kri0007",2026-07-28,"AA-AA-000-0000"
"17187","Site",1,14,0.0714285714285714,NA,NA,"Analysis_kri0007",2026-07-28,"AA-AA-000-0000"
"37186","Site",1,15,0.0666666666666667,NA,NA,"Analysis_kri0007",2026-07-28,"AA-AA-000-0000"
"8594","Site",0,14,0,NA,NA,"Analysis_kri0007",2026-07-28,"AA-AA-000-0000"
"31107","Site",0,14,0,NA,NA,"Analysis_kri0007",2026-07-28,"AA-AA-000-0000"
"34713","Site",0,13,0,NA,NA,"Analysis_kri0007",2026-07-28,"AA-AA-000-0000"
"17808","Site",0,12,0,NA,NA,"Analysis_kri0007",2026-07-28,"AA-AA-000-0000"
"34341","Site",0,12,0,NA,NA,"Analysis_kri0007",2026-07-28,"AA-AA-000-0000"
"2392","Site",0,11,0,NA,NA,"Analysis_kri0007",2026-07-28,"AA-AA-000-0000"
"9522","Site",0,11,0,NA,NA,"Analysis_kri0007",2026-07-28,"AA-AA-000-0000"
"12417","Site",0,11,0,NA,NA,"Analysis_kri0007",2026-07-28,"AA-AA-000-0000"
"18777","Site",0,11,0,NA,NA,"Analysis_kri0007",2026-07-28,"AA-AA-000-0000"
"8560","Site",0,10,0,NA,NA,"Analysis_kri0007",2026-07-28,"AA-AA-000-0000"
"20531","Site",0,10,0,NA,NA,"Analysis_kri0007",2026-07-28,"AA-AA-000-0000"
"16498","Site",0,9,0,NA,NA,"Analysis_kri0007",2026-07-28,"AA-AA-000-0000"
"22677","Site",0,9,0,NA,NA,"Analysis_kri0007",2026-07-28,"AA-AA-000-0000"
"26115","Site",0,9,0,NA,NA,"Analysis_kri0007",2026-07-28,"AA-AA-000-0000"
"28676","Site",0,9,0,NA,NA,"Analysis_kri0007",2026-07-28,"AA-AA-000-0000"
"33617","Site",0,9,0,NA,NA,"Analysis_kri0007",2026-07-28,"AA-AA-000-0000"
"37728","Site",0,9,0,NA,NA,"Analysis_kri0007",2026-07-28,"AA-AA-000-0000"
"16992","Site",0,8,0,NA,NA,"Analysis_kri0007",2026-07-28,"AA-AA-000-0000"
"17172","Site",0,8,0,NA,NA,"Analysis_kri0007",2026-07-28,"AA-AA-000-0000"
"34694","Site",0,8,0,NA,NA,"Analysis_kri0007",2026-07-28,"AA-AA-000-0000"
"5960","Site",0,7,0,NA,NA,"Analysis_kri0007",2026-07-28,"AA-AA-000-0000"
"5968","Site",0,7,0,NA,NA,"Analysis_kri0007",2026-07-28,"AA-AA-000-0000"
"10630","Site",0,7,0,NA,NA,"Analysis_kri0007",2026-07-28,"AA-AA-000-0000"
"12937","Site",0,7,0,NA,NA,"Analysis_kri0007",2026-07-28,"AA-AA-000-0000"
"13139","Site",0,7,0,NA,NA,"Analysis_kri0007",2026-07-28,"AA-AA-000-0000"
"14601","Site",0,7,0,NA,NA,"Analysis_kri0007",2026-07-28,"AA-AA-000-0000"
"14729","Site",0,7,0,NA,NA,"Analysis_kri0007",2026-07-28,"AA-AA-000-0000"
"17961","Site",0,7,0,NA,NA,"Analysis_kri0007",2026-07-28,"AA-AA-000-0000"
"18548","Site",0,7,0,NA,NA,"Analysis_kri0007",2026-07-28,"AA-AA-000-0000"
"21380","Site",0,7,0,NA,NA,"Analysis_kri0007",2026-07-28,"AA-AA-000-0000"
"26880","Site",0,7,0,NA,NA,"Analysis_kri0007",2026-07-28,"AA-AA-000-0000"
"30729","Site",0,7,0,NA,NA,"Analysis_kri0007",2026-07-28,"AA-AA-000-0000"
"33296","Site",0,7,0,NA,NA,"Analysis_kri0007",2026-07-28,"AA-AA-000-0000"
"34664","Site",0,7,0,NA,NA,"Analysis_kri0007",2026-07-28,"AA-AA-000-0000"
"38497","Site",0,7,0,NA,NA,"Analysis_kri0007",2026-07-28,"AA-AA-000-0000"
"1881","Site",0,6,0,NA,NA,"Analysis_kri0007",2026-07-28,"AA-AA-000-0000"
"4659","Site",0,6,0,NA,NA,"Analysis_kri0007",2026-07-28,"AA-AA-000-0000"
"6416","Site",0,6,0,NA,NA,"Analysis_kri0007",2026-07-28,"AA-AA-000-0000"
"8995","Site",0,6,0,NA,NA,"Analysis_kri0007",2026-07-28,"AA-AA-000-0000"
"14393","Site",0,6,0,NA,NA,"Analysis_kri0007",2026-07-28,"AA-AA-000-0000"
"22033","Site",0,6,0,NA,NA,"Analysis_kri0007",2026-07-28,"AA-AA-000-0000"
"25605","Site",0,6,0,NA,NA,"Analysis_kri0007",2026-07-28,"AA-AA-000-0000"
"28689","Site",0,6,0,NA,NA,"Analysis_kri0007",2026-07-28,"AA-AA-000-0000"
"33620","Site",0,6,0,NA,NA,"Analysis_kri0007",2026-07-28,"AA-AA-000-0000"
"33824","Site",0,6,0,NA,NA,"Analysis_kri0007",2026-07-28,"AA-AA-000-0000"
"34355","Site",0,6,0,NA,NA,"Analysis_kri0007",2026-07-28,"AA-AA-000-0000"
"34696","Site",0,6,0,NA,NA,"Analysis_kri0007",2026-07-28,"AA-AA-000-0000"
"38711","Site",0,6,0,NA,NA,"Analysis_kri0007",2026-07-28,"AA-AA-000-0000"
"4695","Site",0,5,0,NA,NA,"Analysis_kri0007",2026-07-28,"AA-AA-000-0000"
"6022","Site",0,5,0,NA,NA,"Analysis_kri0007",2026-07-28,"AA-AA-000-0000"
"6530","Site",0,5,0,NA,NA,"Analysis_kri0007",2026-07-28,"AA-AA-000-0000"
"9075","Site",0,5,0,NA,NA,"Analysis_kri0007",2026-07-28,"AA-AA-000-0000"
"10388","Site",0,5,0,NA,NA,"Analysis_kri0007",2026-07-28,"AA-AA-000-0000"
"12432","Site",0,5,0,NA,NA,"Analysis_kri0007",2026-07-28,"AA-AA-000-0000"
"13081","Site",0,5,0,NA,NA,"Analysis_kri0007",2026-07-28,"AA-AA-000-0000"
"14105","Site",0,5,0,NA,NA,"Analysis_kri0007",2026-07-28,"AA-AA-000-0000"
"20578","Site",0,5,0,NA,NA,"Analysis_kri0007",2026-07-28,"AA-AA-000-0000"
"24964","Site",0,5,0,NA,NA,"Analysis_kri0007",2026-07-28,"AA-AA-000-0000"
"25476","Site",0,5,0,NA,NA,"Analysis_kri0007",2026-07-28,"AA-AA-000-0000"
"26674","Site",0,5,0,NA,NA,"Analysis_kri0007",2026-07-28,"AA-AA-000-0000"
"28822","Site",0,5,0,NA,NA,"Analysis_kri0007",2026-07-28,"AA-AA-000-0000"
"29060","Site",0,5,0,NA,NA,"Analysis_kri0007",2026-07-28,"AA-AA-000-0000"
"34869","Site",0,5,0,NA,NA,"Analysis_kri0007",2026-07-28,"AA-AA-000-0000"
"35223","Site",0,5,0,NA,NA,"Analysis_kri0007",2026-07-28,"AA-AA-000-0000"
"38272","Site",0,5,0,NA,NA,"Analysis_kri0007",2026-07-28,"AA-AA-000-0000"
"38404","Site",0,5,0,NA,NA,"Analysis_kri0007",2026-07-28,"AA-AA-000-0000"
"34","Site",0,4,0,NA,NA,"Analysis_kri0007",2026-07-28,"AA-AA-000-0000"
"4354","Site",0,4,0,NA,NA,"Analysis_kri0007",2026-07-28,"AA-AA-000-0000"
"6452","Site",0,4,0,NA,NA,"Analysis_kri0007",2026-07-28,"AA-AA-000-0000"
"10497","Site",0,4,0,NA,NA,"Analysis_kri0007",2026-07-28,"AA-AA-000-0000"
"10624","Site",0,4,0,NA,NA,"Analysis_kri0007",2026-07-28,"AA-AA-000-0000"
"12392","Site",0,4,0,NA,NA,"Analysis_kri0007",2026-07-28,"AA-AA-000-0000"
"13333","Site",0,4,0,NA,NA,"Analysis_kri0007",2026-07-28,"AA-AA-000-0000"
"14164","Site",0,4,0,NA,NA,"Analysis_kri0007",2026-07-28,"AA-AA-000-0000"
"14648","Site",0,4,0,NA,NA,"Analysis_kri0007",2026-07-28,"AA-AA-000-0000"
"25616","Site",0,4,0,NA,NA,"Analysis_kri0007",2026-07-28,"AA-AA-000-0000"
"29192","Site",0,4,0,NA,NA,"Analysis_kri0007",2026-07-28,"AA-AA-000-0000"
"30816","Site",0,4,0,NA,NA,"Analysis_kri0007",2026-07-28,"AA-AA-000-0000"
"34660","Site",0,4,0,NA,NA,"Analysis_kri0007",2026-07-28,"AA-AA-000-0000"
"37781","Site",0,4,0,NA,NA,"Analysis_kri0007",2026-07-28,"AA-AA-000-0000"
"38166","Site",0,4,0,NA,NA,"Analysis_kri0007",2026-07-28,"AA-AA-000-0000"
"39000","Site",0,4,0,NA,NA,"Analysis_kri0007",2026-07-28,"AA-AA-000-0000"
"39044","Site",0,4,0,NA,NA,"Analysis_kri0007",2026-07-28,"AA-AA-000-0000"
"1028","Site",0,3,0,NA,NA,"Analysis_kri0007",2026-07-28,"AA-AA-000-0000"
"6209","Site",0,3,0,NA,NA,"Analysis_kri0007",2026-07-28,"AA-AA-000-0000"
"9044","Site",0,3,0,NA,NA,"Analysis_kri0007",2026-07-28,"AA-AA-000-0000"
"10371","Site",0,3,0,NA,NA,"Analysis_kri0007",2026-07-28,"AA-AA-000-0000"
"10531","Site",0,3,0,NA,NA,"Analysis_kri0007",2026-07-28,"AA-AA-000-0000"
"12407","Site",0,3,0,NA,NA,"Analysis_kri0007",2026-07-28,"AA-AA-000-0000"
"14449","Site",0,3,0,NA,NA,"Analysis_kri0007",2026-07-28,"AA-AA-000-0000"
"17731","Site",0,3,0,NA,NA,"Analysis_kri0007",2026-07-28,"AA-AA-000-0000"
"17815","Site",0,3,0,NA,NA,"Analysis_kri0007",2026-07-28,"AA-AA-000-0000"
"24917","Site",0,3,0,NA,NA,"Analysis_kri0007",2026-07-28,"AA-AA-000-0000"
"25970","Site",0,3,0,NA,NA,"Analysis_kri0007",2026-07-28,"AA-AA-000-0000"
"27025","Site",0,3,0,NA,NA,"Analysis_kri0007",2026-07-28,"AA-AA-000-0000"
"30019","Site",0,3,0,NA,NA,"Analysis_kri0007",2026-07-28,"AA-AA-000-0000"
"30776","Site",0,3,0,NA,NA,"Analysis_kri0007",2026-07-28,"AA-AA-000-0000"
"37912","Site",0,3,0,NA,NA,"Analysis_kri0007",2026-07-28,"AA-AA-000-0000"
"257","Site",0,2,0,NA,NA,"Analysis_kri0007",2026-07-28,"AA-AA-000-0000"
"5444","Site",0,2,0,NA,NA,"Analysis_kri0007",2026-07-28,"AA-AA-000-0000"
"6453","Site",0,2,0,NA,NA,"Analysis_kri0007",2026-07-28,"AA-AA-000-0000"
"16424","Site",0,2,0,NA,NA,"Analysis_kri0007",2026-07-28,"AA-AA-000-0000"
"16725","Site",0,2,0,NA,NA,"Analysis_kri0007",2026-07-28,"AA-AA-000-0000"
"17444","Site",0,2,0,NA,NA,"Analysis_kri0007",2026-07-28,"AA-AA-000-0000"
"17938","Site",0,2,0,NA,NA,"Analysis_kri0007",2026-07-28,"AA-AA-000-0000"
"18033","Site",0,2,0,NA,NA,"Analysis_kri0007",2026-07-28,"AA-AA-000-0000"
"18179","Site",0,2,0,NA,NA,"Analysis_kri0007",2026-07-28,"AA-AA-000-0000"
"18244","Site",0,2,0,NA,NA,"Analysis_kri0007",2026-07-28,"AA-AA-000-0000"
"18549","Site",0,2,0,NA,NA,"Analysis_kri0007",2026-07-28,"AA-AA-000-0000"
"21541","Site",0,2,0,NA,NA,"Analysis_kri0007",2026-07-28,"AA-AA-000-0000"
"24680","Site",0,2,0,NA,NA,"Analysis_kri0007",2026-07-28,"AA-AA-000-0000"
"24867","Site",0,2,0,NA,NA,"Analysis_kri0007",2026-07-28,"AA-AA-000-0000"
"29254","Site",0,2,0,NA,NA,"Analysis_kri0007",2026-07-28,"AA-AA-000-0000"
"30516","Site",0,2,0,NA,NA,"Analysis_kri0007",2026-07-28,"AA-AA-000-0000"
"30995","Site",0,2,0,NA,NA,"Analysis_kri0007",2026-07-28,"AA-AA-000-0000"
"32900","Site",0,2,0,NA,NA,"Analysis_kri0007",2026-07-28,"AA-AA-000-0000"
"34343","Site",0,2,0,NA,NA,"Analysis_kri0007",2026-07-28,"AA-AA-000-0000"
"34903","Site",0,2,0,NA,NA,"Analysis_kri0007",2026-07-28,"AA-AA-000-0000"
"37191","Site",0,2,0,NA,NA,"Analysis_kri0007",2026-07-28,"AA-AA-000-0000"
"38758","Site",0,2,0,NA,NA,"Analysis_kri0007",2026-07-28,"AA-AA-000-0000"
"39048","Site",0,2,0,NA,NA,"Analysis_kri0007",2026-07-28,"AA-AA-000-0000"
"4723","Site",0,1,0,NA,NA,"Analysis_kri0007",2026-07-28,"AA-AA-000-0000"
"8240","Site",0,1,0,NA,NA,"Analysis_kri0007",2026-07-28,"AA-AA-000-0000"
"8290","Site",0,1,0,NA,NA,"Analysis_kri0007",2026-07-28,"AA-AA-000-0000"
"14169","Site",0,1,0,NA,NA,"Analysis_kri0007",2026-07-28,"AA-AA-000-0000"
"17013","Site",0,1,0,NA,NA,"Analysis_kri0007",2026-07-28,"AA-AA-000-0000"
"18260","Site",0,1,0,NA,NA,"Analysis_kri0007",2026-07-28,"AA-AA-000-0000"
"18806","Site",0,1,0,NA,NA,"Analysis_kri0007",2026-07-28,"AA-AA-000-0000"
"20869","Site",0,1,0,NA,NA,"Analysis_kri0007",2026-07-28,"AA-AA-000-0000"
"21015","Site",0,1,0,NA,NA,"Analysis_kri0007",2026-07-28,"AA-AA-000-0000"
"21129","Site",0,1,0,NA,NA,"Analysis_kri0007",2026-07-28,"AA-AA-000-0000"
"25664","Site",0,1,0,NA,NA,"Analysis_kri0007",2026-07-28,"AA-AA-000-0000"
"33633","Site",0,1,0,NA,NA,"Analysis_kri0007",2026-07-28,"AA-AA-000-0000"
"34326","Site",0,1,0,NA,NA,"Analysis_kri0007",2026-07-28,"AA-AA-000-0000"
"36994","Site",0,1,0,NA,NA,"Analysis_kri0007",2026-07-28,"AA-AA-000-0000"
"32913","Site",1128,2000,0.564,2.48171321654097,1,"Analysis_kri0008",2026-07-28,"AA-AA-000-0000"
"34071","Site",1880,4000,0.47,2.52435042307158,1,"Analysis_kri0008",2026-07-28,"AA-AA-000-0000"
"28689","Site",1692,4000,0.423,2.03168939023098,1,"Analysis_kri0008",2026-07-28,"AA-AA-000-0000"
"531","Site",3854,10000,0.3854,2.58921059428934,1,"Analysis_kri0008",2026-07-28,"AA-AA-000-0000"
"8995","Site",2162,6000,0.360333333333333,1.68378906320474,0,"Analysis_kri0008",2026-07-28,"AA-AA-000-0000"
"12432","Site",1410,4000,0.3525,1.29269784097007,0,"Analysis_kri0008",2026-07-28,"AA-AA-000-0000"
"17961","Site",1410,4000,0.3525,1.29269784097007,0,"Analysis_kri0008",2026-07-28,"AA-AA-000-0000"
"38272","Site",1410,4000,0.3525,1.29269784097007,0,"Analysis_kri0008",2026-07-28,"AA-AA-000-0000"
"8594","Site",3760,11000,0.341818181818182,1.95801823985907,0,"Analysis_kri0008",2026-07-28,"AA-AA-000-0000"
"34341","Site",3760,11000,0.341818181818182,1.95801823985907,0,"Analysis_kri0008",2026-07-28,"AA-AA-000-0000"
"22677","Site",2350,7000,0.335714285714286,1.47731804421624,0,"Analysis_kri0008",2026-07-28,"AA-AA-000-0000"
"37702","Site",3666,11000,0.333272727272727,1.80947534942623,0,"Analysis_kri0008",2026-07-28,"AA-AA-000-0000"
"257","Site",658,2000,0.329,0.739893430801166,0,"Analysis_kri0008",2026-07-28,"AA-AA-000-0000"
"25605","Site",1974,6000,0.329,1.28153301433407,0,"Analysis_kri0008",2026-07-28,"AA-AA-000-0000"
"2392","Site",2632,8000,0.329,1.47978686160233,0,"Analysis_kri0008",2026-07-28,"AA-AA-000-0000"
"37186","Site",4606,14000,0.329,1.95757401459026,0,"Analysis_kri0008",2026-07-28,"AA-AA-000-0000"
"1881","Site",1598,5000,0.3196,1.05971187763425,0,"Analysis_kri0008",2026-07-28,"AA-AA-000-0000"
"6530","Site",1598,5000,0.3196,1.05971187763425,0,"Analysis_kri0008",2026-07-28,"AA-AA-000-0000"
"14601","Site",1598,5000,0.3196,1.05971187763425,0,"Analysis_kri0008",2026-07-28,"AA-AA-000-0000"
"38711","Site",1598,5000,0.3196,1.05971187763425,0,"Analysis_kri0008",2026-07-28,"AA-AA-000-0000"
"17541","Site",2538,8000,0.31725,1.30560488302835,0,"Analysis_kri0008",2026-07-28,"AA-AA-000-0000"
"8560","Site",1880,6000,0.313333333333333,1.08040498989873,0,"Analysis_kri0008",2026-07-28,"AA-AA-000-0000"
"21380","Site",2162,7000,0.308857142857143,1.10490130891668,0,"Analysis_kri0008",2026-07-28,"AA-AA-000-0000"
"34355","Site",1504,5000,0.3008,0.839387165774878,0,"Analysis_kri0008",2026-07-28,"AA-AA-000-0000"
"34696","Site",1504,5000,0.3008,0.839387165774878,0,"Analysis_kri0008",2026-07-28,"AA-AA-000-0000"
"5968","Site",1786,6000,0.297666666666667,0.87927696546339,0,"Analysis_kri0008",2026-07-28,"AA-AA-000-0000"
"26880","Site",1786,6000,0.297666666666667,0.87927696546339,0,"Analysis_kri0008",2026-07-28,"AA-AA-000-0000"
"18260","Site",282,1000,0.282,0.276853145854581,0,"Analysis_kri0008",2026-07-28,"AA-AA-000-0000"
"33617","Site",2256,8000,0.282,0.78305894730641,0,"Analysis_kri0008",2026-07-28,"AA-AA-000-0000"
"37728","Site",2256,8000,0.282,0.78305894730641,0,"Analysis_kri0008",2026-07-28,"AA-AA-000-0000"
"17187","Site",3384,12000,0.282,0.959047429710823,0,"Analysis_kri0008",2026-07-28,"AA-AA-000-0000"
"34713","Site",3384,12000,0.282,0.959047429710823,0,"Analysis_kri0008",2026-07-28,"AA-AA-000-0000"
"18777","Site",2162,8000,0.27025,0.60887696873243,0,"Analysis_kri0008",2026-07-28,"AA-AA-000-0000"
"14729","Site",1598,6000,0.266333333333333,0.477020916592713,0,"Analysis_kri0008",2026-07-28,"AA-AA-000-0000"
"30729","Site",1316,5000,0.2632,0.398737742056137,0,"Analysis_kri0008",2026-07-28,"AA-AA-000-0000"
"26115","Site",2350,9000,0.261111111111111,0.50211874900334,0,"Analysis_kri0008",2026-07-28,"AA-AA-000-0000"
"4695","Site",1034,4000,0.2585,0.30737577528886,0,"Analysis_kri0008",2026-07-28,"AA-AA-000-0000"
"18548","Site",1034,4000,0.2585,0.30737577528886,0,"Analysis_kri0008",2026-07-28,"AA-AA-000-0000"
"384","Site",1786,7000,0.255142857142857,0.360067838317552,0,"Analysis_kri0008",2026-07-28,"AA-AA-000-0000"
"9522","Site",1504,6000,0.250666666666667,0.275892892157375,0,"Analysis_kri0008",2026-07-28,"AA-AA-000-0000"
"17808","Site",2726,11000,0.247818181818182,0.32404644509782,0,"Analysis_kri0008",2026-07-28,"AA-AA-000-0000"
"12937","Site",1222,5000,0.2444,0.178413030196768,0,"Analysis_kri0008",2026-07-28,"AA-AA-000-0000"
"6416","Site",940,4000,0.235,0.0610452588685566,0,"Analysis_kri0008",2026-07-28,"AA-AA-000-0000"
"10497","Site",940,4000,0.235,0.0610452588685566,0,"Analysis_kri0008",2026-07-28,"AA-AA-000-0000"
"33620","Site",940,4000,0.235,0.0610452588685566,0,"Analysis_kri0008",2026-07-28,"AA-AA-000-0000"
"10630","Site",1128,5000,0.2256,-0.0419116816626027,0,"Analysis_kri0008",2026-07-28,"AA-AA-000-0000"
"20531","Site",1786,8000,0.22325,-0.0878509455634909,0,"Analysis_kri0008",2026-07-28,"AA-AA-000-0000"
"1028","Site",658,3000,0.219333333333333,-0.089352245004114,0,"Analysis_kri0008",2026-07-28,"AA-AA-000-0000"
"25616","Site",658,3000,0.219333333333333,-0.089352245004114,0,"Analysis_kri0008",2026-07-28,"AA-AA-000-0000"
"33824","Site",658,3000,0.219333333333333,-0.089352245004114,0,"Analysis_kri0008",2026-07-28,"AA-AA-000-0000"
"38497","Site",658,3000,0.219333333333333,-0.089352245004114,0,"Analysis_kri0008",2026-07-28,"AA-AA-000-0000"
"34694","Site",1692,8000,0.2115,-0.262032924137471,0,"Analysis_kri0008",2026-07-28,"AA-AA-000-0000"
"28676","Site",846,4000,0.2115,-0.185285257551746,0,"Analysis_kri0008",2026-07-28,"AA-AA-000-0000"
"38404","Site",846,4000,0.2115,-0.185285257551746,0,"Analysis_kri0008",2026-07-28,"AA-AA-000-0000"
"16996","Site",1034,5000,0.2068,-0.262236393521973,0,"Analysis_kri0008",2026-07-28,"AA-AA-000-0000"
"17172","Site",1034,5000,0.2068,-0.262236393521973,0,"Analysis_kri0008",2026-07-28,"AA-AA-000-0000"
"28822","Site",1034,5000,0.2068,-0.262236393521973,0,"Analysis_kri0008",2026-07-28,"AA-AA-000-0000"
"29060","Site",1034,5000,0.2068,-0.262236393521973,0,"Analysis_kri0008",2026-07-28,"AA-AA-000-0000"
"12417","Site",1974,10000,0.1974,-0.526651362085315,0,"Analysis_kri0008",2026-07-28,"AA-AA-000-0000"
"31107","Site",2350,12000,0.195833333333333,-0.605361459902872,0,"Analysis_kri0008",2026-07-28,"AA-AA-000-0000"
"34660","Site",752,4000,0.188,-0.431615773972049,0,"Analysis_kri0008",2026-07-28,"AA-AA-000-0000"
"34869","Site",752,4000,0.188,-0.431615773972049,0,"Analysis_kri0008",2026-07-28,"AA-AA-000-0000"
"5444","Site",376,2000,0.188,-0.305198440642716,0,"Analysis_kri0008",2026-07-28,"AA-AA-000-0000"
"21541","Site",376,2000,0.188,-0.305198440642716,0,"Analysis_kri0008",2026-07-28,"AA-AA-000-0000"
"25970","Site",376,2000,0.188,-0.305198440642716,0,"Analysis_kri0008",2026-07-28,"AA-AA-000-0000"
"29192","Site",376,2000,0.188,-0.305198440642716,0,"Analysis_kri0008",2026-07-28,"AA-AA-000-0000"
"34903","Site",376,2000,0.188,-0.305198440642716,0,"Analysis_kri0008",2026-07-28,"AA-AA-000-0000"
"21129","Site",188,1000,0.188,-0.215807886986024,0,"Analysis_kri0008",2026-07-28,"AA-AA-000-0000"
"37908","Site",1034,6000,0.172333333333333,-0.729747230019317,0,"Analysis_kri0008",2026-07-28,"AA-AA-000-0000"
"5927","Site",846,5000,0.1692,-0.702885817240713,0,"Analysis_kri0008",2026-07-28,"AA-AA-000-0000"
"6022","Site",846,5000,0.1692,-0.702885817240713,0,"Analysis_kri0008",2026-07-28,"AA-AA-000-0000"
"9075","Site",846,5000,0.1692,-0.702885817240713,0,"Analysis_kri0008",2026-07-28,"AA-AA-000-0000"
"12392","Site",658,4000,0.1645,-0.677946290392352,0,"Analysis_kri0008",2026-07-28,"AA-AA-000-0000"
"13081","Site",658,4000,0.1645,-0.677946290392352,0,"Analysis_kri0008",2026-07-28,"AA-AA-000-0000"
"14648","Site",658,4000,0.1645,-0.677946290392352,0,"Analysis_kri0008",2026-07-28,"AA-AA-000-0000"
"33296","Site",658,4000,0.1645,-0.677946290392352,0,"Analysis_kri0008",2026-07-28,"AA-AA-000-0000"
"10371","Site",470,3000,0.156666666666667,-0.658228204863639,0,"Analysis_kri0008",2026-07-28,"AA-AA-000-0000"
"30212","Site",470,3000,0.156666666666667,-0.658228204863639,0,"Analysis_kri0008",2026-07-28,"AA-AA-000-0000"
"534","Site",752,5000,0.1504,-0.923210529100083,0,"Analysis_kri0008",2026-07-28,"AA-AA-000-0000"
"25476","Site",658,5000,0.1316,-1.14353524095945,0,"Analysis_kri0008",2026-07-28,"AA-AA-000-0000"
"10624","Site",376,3000,0.125333333333333,-0.942666184793402,0,"Analysis_kri0008",2026-07-28,"AA-AA-000-0000"
"14105","Site",376,3000,0.125333333333333,-0.942666184793402,0,"Analysis_kri0008",2026-07-28,"AA-AA-000-0000"
"14164","Site",376,3000,0.125333333333333,-0.942666184793402,0,"Analysis_kri0008",2026-07-28,"AA-AA-000-0000"
"16992","Site",376,3000,0.125333333333333,-0.942666184793402,0,"Analysis_kri0008",2026-07-28,"AA-AA-000-0000"
"16498","Site",470,4000,0.1175,-1.17060732323296,0,"Analysis_kri0008",2026-07-28,"AA-AA-000-0000"
"20578","Site",470,4000,0.1175,-1.17060732323296,0,"Analysis_kri0008",2026-07-28,"AA-AA-000-0000"
"26674","Site",564,5000,0.1128,-1.36385995281882,0,"Analysis_kri0008",2026-07-28,"AA-AA-000-0000"
"14393","Site",564,6000,0.094,-1.73538735219601,0,"Analysis_kri0008",2026-07-28,"AA-AA-000-0000"
"4659","Site",470,5000,0.094,-1.58418466467819,0,"Analysis_kri0008",2026-07-28,"AA-AA-000-0000"
"5960","Site",470,5000,0.094,-1.58418466467819,0,"Analysis_kri0008",2026-07-28,"AA-AA-000-0000"
"34","Site",376,4000,0.094,-1.41693783965326,0,"Analysis_kri0008",2026-07-28,"AA-AA-000-0000"
"6452","Site",376,4000,0.094,-1.41693783965326,0,"Analysis_kri0008",2026-07-28,"AA-AA-000-0000"
"13139","Site",376,4000,0.094,-1.41693783965326,0,"Analysis_kri0008",2026-07-28,"AA-AA-000-0000"
"34664","Site",376,4000,0.094,-1.41693783965326,0,"Analysis_kri0008",2026-07-28,"AA-AA-000-0000"
"35223","Site",376,4000,0.094,-1.41693783965326,0,"Analysis_kri0008",2026-07-28,"AA-AA-000-0000"
"9044","Site",282,3000,0.094,-1.22710416472317,0,"Analysis_kri0008",2026-07-28,"AA-AA-000-0000"
"13333","Site",282,3000,0.094,-1.22710416472317,0,"Analysis_kri0008",2026-07-28,"AA-AA-000-0000"
"24964","Site",282,3000,0.094,-1.22710416472317,0,"Analysis_kri0008",2026-07-28,"AA-AA-000-0000"
"37781","Site",282,3000,0.094,-1.22710416472317,0,"Analysis_kri0008",2026-07-28,"AA-AA-000-0000"
"38166","Site",282,3000,0.094,-1.22710416472317,0,"Analysis_kri0008",2026-07-28,"AA-AA-000-0000"
"4354","Site",188,2000,0.094,-1.00192635493864,0,"Analysis_kri0008",2026-07-28,"AA-AA-000-0000"
"6453","Site",188,2000,0.094,-1.00192635493864,0,"Analysis_kri0008",2026-07-28,"AA-AA-000-0000"
"12407","Site",188,2000,0.094,-1.00192635493864,0,"Analysis_kri0008",2026-07-28,"AA-AA-000-0000"
"14449","Site",188,2000,0.094,-1.00192635493864,0,"Analysis_kri0008",2026-07-28,"AA-AA-000-0000"
"17444","Site",188,2000,0.094,-1.00192635493864,0,"Analysis_kri0008",2026-07-28,"AA-AA-000-0000"
"17731","Site",188,2000,0.094,-1.00192635493864,0,"Analysis_kri0008",2026-07-28,"AA-AA-000-0000"
"18033","Site",188,2000,0.094,-1.00192635493864,0,"Analysis_kri0008",2026-07-28,"AA-AA-000-0000"
"18549","Site",188,2000,0.094,-1.00192635493864,0,"Analysis_kri0008",2026-07-28,"AA-AA-000-0000"
"22033","Site",188,2000,0.094,-1.00192635493864,0,"Analysis_kri0008",2026-07-28,"AA-AA-000-0000"
"24867","Site",188,2000,0.094,-1.00192635493864,0,"Analysis_kri0008",2026-07-28,"AA-AA-000-0000"
"24917","Site",188,2000,0.094,-1.00192635493864,0,"Analysis_kri0008",2026-07-28,"AA-AA-000-0000"
"30019","Site",188,2000,0.094,-1.00192635493864,0,"Analysis_kri0008",2026-07-28,"AA-AA-000-0000"
"30816","Site",188,2000,0.094,-1.00192635493864,0,"Analysis_kri0008",2026-07-28,"AA-AA-000-0000"
"39000","Site",188,2000,0.094,-1.00192635493864,0,"Analysis_kri0008",2026-07-28,"AA-AA-000-0000"
"39044","Site",188,2000,0.094,-1.00192635493864,0,"Analysis_kri0008",2026-07-28,"AA-AA-000-0000"
"4723","Site",94,1000,0.094,-0.70846891982663,0,"Analysis_kri0008",2026-07-28,"AA-AA-000-0000"
"6209","Site",94,1000,0.094,-0.70846891982663,0,"Analysis_kri0008",2026-07-28,"AA-AA-000-0000"
"8240","Site",94,1000,0.094,-0.70846891982663,0,"Analysis_kri0008",2026-07-28,"AA-AA-000-0000"
"10388","Site",94,1000,0.094,-0.70846891982663,0,"Analysis_kri0008",2026-07-28,"AA-AA-000-0000"
"10531","Site",94,1000,0.094,-0.70846891982663,0,"Analysis_kri0008",2026-07-28,"AA-AA-000-0000"
"14169","Site",94,1000,0.094,-0.70846891982663,0,"Analysis_kri0008",2026-07-28,"AA-AA-000-0000"
"16424","Site",94,1000,0.094,-0.70846891982663,0,"Analysis_kri0008",2026-07-28,"AA-AA-000-0000"
"17938","Site",94,1000,0.094,-0.70846891982663,0,"Analysis_kri0008",2026-07-28,"AA-AA-000-0000"
"18179","Site",94,1000,0.094,-0.70846891982663,0,"Analysis_kri0008",2026-07-28,"AA-AA-000-0000"
"18244","Site",94,1000,0.094,-0.70846891982663,0,"Analysis_kri0008",2026-07-28,"AA-AA-000-0000"
"18806","Site",94,1000,0.094,-0.70846891982663,0,"Analysis_kri0008",2026-07-28,"AA-AA-000-0000"
"21015","Site",94,1000,0.094,-0.70846891982663,0,"Analysis_kri0008",2026-07-28,"AA-AA-000-0000"
"24680","Site",94,1000,0.094,-0.70846891982663,0,"Analysis_kri0008",2026-07-28,"AA-AA-000-0000"
"25664","Site",94,1000,0.094,-0.70846891982663,0,"Analysis_kri0008",2026-07-28,"AA-AA-000-0000"
"27025","Site",94,1000,0.094,-0.70846891982663,0,"Analysis_kri0008",2026-07-28,"AA-AA-000-0000"
"30776","Site",94,1000,0.094,-0.70846891982663,0,"Analysis_kri0008",2026-07-28,"AA-AA-000-0000"
"33633","Site",94,1000,0.094,-0.70846891982663,0,"Analysis_kri0008",2026-07-28,"AA-AA-000-0000"
"34326","Site",94,1000,0.094,-0.70846891982663,0,"Analysis_kri0008",2026-07-28,"AA-AA-000-0000"
"34343","Site",94,1000,0.094,-0.70846891982663,0,"Analysis_kri0008",2026-07-28,"AA-AA-000-0000"
"36994","Site",94,1000,0.094,-0.70846891982663,0,"Analysis_kri0008",2026-07-28,"AA-AA-000-0000"
"37191","Site",94,1000,0.094,-0.70846891982663,0,"Analysis_kri0008",2026-07-28,"AA-AA-000-0000"
"37912","Site",94,1000,0.094,-0.70846891982663,0,"Analysis_kri0008",2026-07-28,"AA-AA-000-0000"
"39048","Site",94,1000,0.094,-0.70846891982663,0,"Analysis_kri0008",2026-07-28,"AA-AA-000-0000"
"17731","Site",181,188,0.962765957446808,2.28601999144043,1,"Analysis_kri0009",2026-07-28,"AA-AA-000-0000"
"30212","Site",444,470,0.94468085106383,2.19670811814848,1,"Analysis_kri0009",2026-07-28,"AA-AA-000-0000"
"14169","Site",91,94,0.968085106382979,1.80294920907978,0,"Analysis_kri0009",2026-07-28,"AA-AA-000-0000"
"10531","Site",90,94,0.957446808510638,1.4299712666713,0,"Analysis_kri0009",2026-07-28,"AA-AA-000-0000"
"34343","Site",90,94,0.957446808510638,1.4299712666713,0,"Analysis_kri0009",2026-07-28,"AA-AA-000-0000"
"30019","Site",179,188,0.952127659574468,1.75854952682035,0,"Analysis_kri0009",2026-07-28,"AA-AA-000-0000"
"18179","Site",89,94,0.946808510638298,1.05699332426282,0,"Analysis_kri0009",2026-07-28,"AA-AA-000-0000"
"18244","Site",89,94,0.946808510638298,1.05699332426282,0,"Analysis_kri0009",2026-07-28,"AA-AA-000-0000"
"21015","Site",89,94,0.946808510638298,1.05699332426282,0,"Analysis_kri0009",2026-07-28,"AA-AA-000-0000"
"37781","Site",266,282,0.943262411347518,1.61542722543301,0,"Analysis_kri0009",2026-07-28,"AA-AA-000-0000"
"34","Site",353,376,0.938829787234043,1.55451973491293,0,"Analysis_kri0009",2026-07-28,"AA-AA-000-0000"
"10624","Site",353,376,0.938829787234043,1.55451973491293,0,"Analysis_kri0009",2026-07-28,"AA-AA-000-0000"
"35223","Site",353,376,0.938829787234043,1.55451973491293,0,"Analysis_kri0009",2026-07-28,"AA-AA-000-0000"
"4723","Site",88,94,0.936170212765957,0.684015381854347,0,"Analysis_kri0009",2026-07-28,"AA-AA-000-0000"
"24680","Site",88,94,0.936170212765957,0.684015381854347,0,"Analysis_kri0009",2026-07-28,"AA-AA-000-0000"
"33633","Site",88,94,0.936170212765957,0.684015381854347,0,"Analysis_kri0009",2026-07-28,"AA-AA-000-0000"
"37912","Site",88,94,0.936170212765957,0.684015381854347,0,"Analysis_kri0009",2026-07-28,"AA-AA-000-0000"
"5960","Site",438,470,0.931914893617021,1.19590327814845,0,"Analysis_kri0009",2026-07-28,"AA-AA-000-0000"
"6453","Site",175,188,0.930851063829787,0.703608597580186,0,"Analysis_kri0009",2026-07-28,"AA-AA-000-0000"
"18033","Site",175,188,0.930851063829787,0.703608597580186,0,"Analysis_kri0009",2026-07-28,"AA-AA-000-0000"
"24867","Site",175,188,0.930851063829787,0.703608597580186,0,"Analysis_kri0009",2026-07-28,"AA-AA-000-0000"
"14105","Site",350,376,0.930851063829787,0.995052821300213,0,"Analysis_kri0009",2026-07-28,"AA-AA-000-0000"
"4695","Site",962,1034,0.93036750483559,1.59387988696197,0,"Analysis_kri0009",2026-07-28,"AA-AA-000-0000"
"16996","Site",962,1034,0.93036750483559,1.59387988696197,0,"Analysis_kri0009",2026-07-28,"AA-AA-000-0000"
"25616","Site",611,658,0.928571428571429,1.10487253609705,0,"Analysis_kri0009",2026-07-28,"AA-AA-000-0000"
"14729","Site",1483,1598,0.928035043804756,1.6442819699042,0,"Analysis_kri0009",2026-07-28,"AA-AA-000-0000"
"1881","Site",1482,1598,0.927409261576971,1.55382153151739,0,"Analysis_kri0009",2026-07-28,"AA-AA-000-0000"
"38497","Site",610,658,0.927051671732523,0.963900124650563,0,"Analysis_kri0009",2026-07-28,"AA-AA-000-0000"
"34660","Site",697,752,0.92686170212766,1.01161434669532,0,"Analysis_kri0009",2026-07-28,"AA-AA-000-0000"
"9075","Site",784,846,0.926713947990544,1.05743829914043,0,"Analysis_kri0009",2026-07-28,"AA-AA-000-0000"
"8995","Site",2003,2162,0.92645698427382,1.64722571125999,0,"Analysis_kri0009",2026-07-28,"AA-AA-000-0000"
"8560","Site",1741,1880,0.926063829787234,1.4744021196302,0,"Analysis_kri0009",2026-07-28,"AA-AA-000-0000"
"10388","Site",87,94,0.925531914893617,0.311037439445866,0,"Analysis_kri0009",2026-07-28,"AA-AA-000-0000"
"25664","Site",87,94,0.925531914893617,0.311037439445866,0,"Analysis_kri0009",2026-07-28,"AA-AA-000-0000"
"30776","Site",87,94,0.925531914893617,0.311037439445866,0,"Analysis_kri0009",2026-07-28,"AA-AA-000-0000"
"4354","Site",174,188,0.925531914893617,0.439873365270144,0,"Analysis_kri0009",2026-07-28,"AA-AA-000-0000"
"17444","Site",174,188,0.925531914893617,0.439873365270144,0,"Analysis_kri0009",2026-07-28,"AA-AA-000-0000"
"21129","Site",174,188,0.925531914893617,0.439873365270144,0,"Analysis_kri0009",2026-07-28,"AA-AA-000-0000"
"6452","Site",348,376,0.925531914893617,0.622074878891731,0,"Analysis_kri0009",2026-07-28,"AA-AA-000-0000"
"14164","Site",348,376,0.925531914893617,0.622074878891731,0,"Analysis_kri0009",2026-07-28,"AA-AA-000-0000"
"26674","Site",522,564,0.925531914893617,0.761883017544192,0,"Analysis_kri0009",2026-07-28,"AA-AA-000-0000"
"25476","Site",609,658,0.925531914893617,0.822927713204073,0,"Analysis_kri0009",2026-07-28,"AA-AA-000-0000"
"8594","Site",3480,3760,0.925531914893617,1.96717349247127,0,"Analysis_kri0009",2026-07-28,"AA-AA-000-0000"
"34071","Site",1736,1880,0.923404255319149,1.05740010296352,0,"Analysis_kri0009",2026-07-28,"AA-AA-000-0000"
"12432","Site",1301,1410,0.922695035460993,0.819432860500651,0,"Analysis_kri0009",2026-07-28,"AA-AA-000-0000"
"20531","Site",1647,1786,0.922172452407615,0.842378715951153,0,"Analysis_kri0009",2026-07-28,"AA-AA-000-0000"
"24964","Site",260,282,0.921985815602837,0.323393732725043,0,"Analysis_kri0009",2026-07-28,"AA-AA-000-0000"
"38166","Site",260,282,0.921985815602837,0.323393732725043,0,"Analysis_kri0009",2026-07-28,"AA-AA-000-0000"
"32913","Site",1040,1128,0.921985815602837,0.646787465450085,0,"Analysis_kri0009",2026-07-28,"AA-AA-000-0000"
"14601","Site",1473,1598,0.921777221526909,0.739677586036138,0,"Analysis_kri0009",2026-07-28,"AA-AA-000-0000"
"10630","Site",1039,1128,0.921099290780142,0.539118007724423,0,"Analysis_kri0009",2026-07-28,"AA-AA-000-0000"
"5968","Site",1644,1786,0.920492721164614,0.58567769082563,0,"Analysis_kri0009",2026-07-28,"AA-AA-000-0000"
"26880","Site",1644,1786,0.920492721164614,0.58567769082563,0,"Analysis_kri0009",2026-07-28,"AA-AA-000-0000"
"34341","Site",3461,3760,0.920478723404255,0.846686668208073,0,"Analysis_kri0009",2026-07-28,"AA-AA-000-0000"
"30816","Site",173,188,0.920212765957447,0.176138132960107,0,"Analysis_kri0009",2026-07-28,"AA-AA-000-0000"
"5444","Site",346,376,0.920212765957447,0.249096936483258,0,"Analysis_kri0009",2026-07-28,"AA-AA-000-0000"
"34664","Site",346,376,0.920212765957447,0.249096936483258,0,"Analysis_kri0009",2026-07-28,"AA-AA-000-0000"
"34713","Site",3114,3384,0.920212765957447,0.747290809449774,0,"Analysis_kri0009",2026-07-28,"AA-AA-000-0000"
"28689","Site",1556,1692,0.919621749408983,0.440502654776968,0,"Analysis_kri0009",2026-07-28,"AA-AA-000-0000"
"34694","Site",1556,1692,0.919621749408983,0.440502654776968,0,"Analysis_kri0009",2026-07-28,"AA-AA-000-0000"
"257","Site",605,658,0.919452887537994,0.259038067418131,0,"Analysis_kri0009",2026-07-28,"AA-AA-000-0000"
"2392","Site",2420,2632,0.919452887537994,0.518076134836263,0,"Analysis_kri0009",2026-07-28,"AA-AA-000-0000"
"29060","Site",950,1034,0.918762088974855,0.24439491600083,0,"Analysis_kri0009",2026-07-28,"AA-AA-000-0000"
"37908","Site",950,1034,0.918762088974855,0.24439491600083,0,"Analysis_kri0009",2026-07-28,"AA-AA-000-0000"
"6022","Site",777,846,0.918439716312057,0.187156433520651,0,"Analysis_kri0009",2026-07-28,"AA-AA-000-0000"
"6530","Site",1467,1598,0.9180225281602,0.196914955715299,0,"Analysis_kri0009",2026-07-28,"AA-AA-000-0000"
"21380","Site",1984,2162,0.917668825161887,0.169571446027177,0,"Analysis_kri0009",2026-07-28,"AA-AA-000-0000"
"13139","Site",345,376,0.917553191489362,0.0626079652790137,0,"Analysis_kri0009",2026-07-28,"AA-AA-000-0000"
"29192","Site",345,376,0.917553191489362,0.0626079652790137,0,"Analysis_kri0009",2026-07-28,"AA-AA-000-0000"
"17187","Site",3105,3384,0.917553191489362,0.187823895837041,0,"Analysis_kri0009",2026-07-28,"AA-AA-000-0000"
"22677","Site",2156,2350,0.917446808510638,0.137871016077121,0,"Analysis_kri0009",2026-07-28,"AA-AA-000-0000"
"6416","Site",862,940,0.917021276595745,0.0400188942245269,0,"Analysis_kri0009",2026-07-28,"AA-AA-000-0000"
"34355","Site",1379,1504,0.91688829787234,0.0319714449559091,0,"Analysis_kri0009",2026-07-28,"AA-AA-000-0000"
"25605","Site",1809,1974,0.916413373860182,-0.0396756643189778,0,"Analysis_kri0009",2026-07-28,"AA-AA-000-0000"
"5927","Site",775,846,0.916075650118203,-0.0614955280850022,0,"Analysis_kri0009",2026-07-28,"AA-AA-000-0000"
"34696","Site",1377,1504,0.915558510638298,-0.154517526248328,0,"Analysis_kri0009",2026-07-28,"AA-AA-000-0000"
"17541","Site",2323,2538,0.915287628053586,-0.250072656049055,0,"Analysis_kri0009",2026-07-28,"AA-AA-000-0000"
"384","Site",1634,1786,0.914893617021277,-0.269992392926105,0,"Analysis_kri0009",2026-07-28,"AA-AA-000-0000"
"30729","Site",1204,1316,0.914893617021277,-0.231760140450548,0,"Analysis_kri0009",2026-07-28,"AA-AA-000-0000"
"14393","Site",516,564,0.914893617021277,-0.151722626669748,0,"Analysis_kri0009",2026-07-28,"AA-AA-000-0000"
"18549","Site",172,188,0.914893617021277,-0.087597099349936,0,"Analysis_kri0009",2026-07-28,"AA-AA-000-0000"
"17938","Site",86,94,0.914893617021277,-0.0619405029626115,0,"Analysis_kri0009",2026-07-28,"AA-AA-000-0000"
"37191","Site",86,94,0.914893617021277,-0.0619405029626115,0,"Analysis_kri0009",2026-07-28,"AA-AA-000-0000"
"531","Site",3524,3854,0.91437467566165,-0.513111472533491,0,"Analysis_kri0009",2026-07-28,"AA-AA-000-0000"
"26115","Site",2148,2350,0.914042553191489,-0.458893691776437,0,"Analysis_kri0009",2026-07-28,"AA-AA-000-0000"
"18777","Site",1975,2162,0.913506012950971,-0.530370048030485,0,"Analysis_kri0009",2026-07-28,"AA-AA-000-0000"
"37186","Site",4207,4606,0.913373860182371,-0.806561463146769,0,"Analysis_kri0009",2026-07-28,"AA-AA-000-0000"
"37702","Site",3348,3666,0.913256955810147,-0.745163932988631,0,"Analysis_kri0009",2026-07-28,"AA-AA-000-0000"
"18548","Site",943,1034,0.911992263056093,-0.542804650393165,0,"Analysis_kri0009",2026-07-28,"AA-AA-000-0000"
"17808","Site",2486,2726,0.911958914159941,-0.887641937875443,0,"Analysis_kri0009",2026-07-28,"AA-AA-000-0000"
"12392","Site",600,658,0.911854103343465,-0.4458239898143,0,"Analysis_kri0009",2026-07-28,"AA-AA-000-0000"
"33620","Site",857,940,0.911702127659574,-0.549711013282427,0,"Analysis_kri0009",2026-07-28,"AA-AA-000-0000"
"9044","Site",257,282,0.911347517730496,-0.322623013628938,0,"Analysis_kri0009",2026-07-28,"AA-AA-000-0000"
"4659","Site",428,470,0.91063829787234,-0.472104788518271,0,"Analysis_kri0009",2026-07-28,"AA-AA-000-0000"
"33824","Site",599,658,0.910334346504559,-0.58679640126079,0,"Analysis_kri0009",2026-07-28,"AA-AA-000-0000"
"12417","Site",1796,1974,0.909827760891591,-1.0977516403792,0,"Analysis_kri0009",2026-07-28,"AA-AA-000-0000"
"31107","Site",2138,2350,0.909787234042553,-1.2048495765934,0,"Analysis_kri0009",2026-07-28,"AA-AA-000-0000"
"37728","Site",2052,2256,0.909574468085106,-1.21705089755345,0,"Analysis_kri0009",2026-07-28,"AA-AA-000-0000"
"24917","Site",171,188,0.909574468085106,-0.351332331659979,0,"Analysis_kri0009",2026-07-28,"AA-AA-000-0000"
"17961","Site",1282,1410,0.909219858156028,-1.0103144614703,0,"Analysis_kri0009",2026-07-28,"AA-AA-000-0000"
"12937","Site",1110,1222,0.908346972176759,-1.05089341082638,0,"Analysis_kri0009",2026-07-28,"AA-AA-000-0000"
"534","Site",683,752,0.908244680851064,-0.834532279474976,0,"Analysis_kri0009",2026-07-28,"AA-AA-000-0000"
"38404","Site",768,846,0.907801418439716,-0.931777393704793,0,"Analysis_kri0009",2026-07-28,"AA-AA-000-0000"
"13333","Site",256,282,0.907801418439716,-0.53796192908027,0,"Analysis_kri0009",2026-07-28,"AA-AA-000-0000"
"33296","Site",597,658,0.907294832826748,-0.868741224153761,0,"Analysis_kri0009",2026-07-28,"AA-AA-000-0000"
"17172","Site",938,1034,0.90715667311412,-1.1050900549603,0,"Analysis_kri0009",2026-07-28,"AA-AA-000-0000"
"16992","Site",341,376,0.906914893617021,-0.683347919537941,0,"Analysis_kri0009",2026-07-28,"AA-AA-000-0000"
"25970","Site",341,376,0.906914893617021,-0.683347919537941,0,"Analysis_kri0009",2026-07-28,"AA-AA-000-0000"
"9522","Site",1363,1504,0.90625,-1.459940324678,0,"Analysis_kri0009",2026-07-28,"AA-AA-000-0000"
"33617","Site",2044,2256,0.906028368794326,-1.8261213270294,0,"Analysis_kri0009",2026-07-28,"AA-AA-000-0000"
"38711","Site",1447,1598,0.905506883604506,-1.61229381202082,0,"Analysis_kri0009",2026-07-28,"AA-AA-000-0000"
"28822","Site",936,1034,0.905222437137331,-1.33000421678716,0,"Analysis_kri0009",2026-07-28,"AA-AA-000-0000"
"10497","Site",850,940,0.904255319148936,-1.37533288379216,0,"Analysis_kri0009",2026-07-28,"AA-AA-000-0000"
"14648","Site",595,658,0.904255319148936,-1.15068604704673,0,"Analysis_kri0009",2026-07-28,"AA-AA-000-0000"
"10371","Site",425,470,0.904255319148936,-0.972507208518283,0,"Analysis_kri0009",2026-07-28,"AA-AA-000-0000"
"20578","Site",425,470,0.904255319148936,-0.972507208518283,0,"Analysis_kri0009",2026-07-28,"AA-AA-000-0000"
"21541","Site",340,376,0.904255319148936,-0.869836890742177,0,"Analysis_kri0009",2026-07-28,"AA-AA-000-0000"
"34903","Site",340,376,0.904255319148936,-0.869836890742177,0,"Analysis_kri0009",2026-07-28,"AA-AA-000-0000"
"39000","Site",170,188,0.904255319148936,-0.615067563970016,0,"Analysis_kri0009",2026-07-28,"AA-AA-000-0000"
"6209","Site",85,94,0.904255319148936,-0.434918445371089,0,"Analysis_kri0009",2026-07-28,"AA-AA-000-0000"
"8240","Site",85,94,0.904255319148936,-0.434918445371089,0,"Analysis_kri0009",2026-07-28,"AA-AA-000-0000"
"38272","Site",1274,1410,0.90354609929078,-1.7807343865107,0,"Analysis_kri0009",2026-07-28,"AA-AA-000-0000"
"28676","Site",764,846,0.903073286052009,-1.4290813169161,0,"Analysis_kri0009",2026-07-28,"AA-AA-000-0000"
"34869","Site",679,752,0.902925531914894,-1.36200274409505,0,"Analysis_kri0009",2026-07-28,"AA-AA-000-0000"
"13081","Site",594,658,0.90273556231003,-1.29165845849322,0,"Analysis_kri0009",2026-07-28,"AA-AA-000-0000"
"16498","Site",423,470,0.9,-1.30610882185163,0,"Analysis_kri0009",2026-07-28,"AA-AA-000-0000"
"22033","Site",169,188,0.898936170212766,-0.878802796280058,0,"Analysis_kri0009",2026-07-28,"AA-AA-000-0000"
"1028","Site",591,658,0.898176291793313,-1.71457569283268,0,"Analysis_kri0009",2026-07-28,"AA-AA-000-0000"
"18260","Site",253,282,0.897163120567376,-1.18397867543425,0,"Analysis_kri0009",2026-07-28,"AA-AA-000-0000"
"16424","Site",84,94,0.893617021276596,-0.80789638777957,0,"Analysis_kri0009",2026-07-28,"AA-AA-000-0000"
"27025","Site",84,94,0.893617021276596,-0.80789638777957,0,"Analysis_kri0009",2026-07-28,"AA-AA-000-0000"
"12407","Site",167,188,0.888297872340426,-1.40627326090014,0,"Analysis_kri0009",2026-07-28,"AA-AA-000-0000"
"14449","Site",167,188,0.888297872340426,-1.40627326090014,0,"Analysis_kri0009",2026-07-28,"AA-AA-000-0000"
"18806","Site",83,94,0.882978723404255,-1.18087433018805,0,"Analysis_kri0009",2026-07-28,"AA-AA-000-0000"
"34326","Site",83,94,0.882978723404255,-1.18087433018805,0,"Analysis_kri0009",2026-07-28,"AA-AA-000-0000"
"39048","Site",83,94,0.882978723404255,-1.18087433018805,0,"Analysis_kri0009",2026-07-28,"AA-AA-000-0000"
"39044","Site",165,188,0.877659574468085,-1.93374372552022,0,"Analysis_kri0009",2026-07-28,"AA-AA-000-0000"
"36994","Site",81,94,0.861702127659574,-1.92683021500501,0,"Analysis_kri0009",2026-07-28,"AA-AA-000-0000"
"6452","Site",94,1504,0.0625,2.32842181398649,1,"Analysis_kri0010",2026-07-28,"AA-AA-000-0000"
"38497","Site",157,2632,0.0596504559270517,2.36291683269198,1,"Analysis_kri0010",2026-07-28,"AA-AA-000-0000"
"37702","Site",807,14664,0.0550327332242226,2.83371574815939,1,"Analysis_kri0010",2026-07-28,"AA-AA-000-0000"
"17444","Site",46,752,0.0611702127659574,1.46751787029564,0,"Analysis_kri0010",2026-07-28,"AA-AA-000-0000"
"14449","Site",44,752,0.0585106382978723,1.10966790262188,0,"Analysis_kri0010",2026-07-28,"AA-AA-000-0000"
"5960","Site",110,1880,0.0585106382978723,1.75453900933353,0,"Analysis_kri0010",2026-07-28,"AA-AA-000-0000"
"37781","Site",65,1128,0.0576241134751773,1.21296843513864,0,"Analysis_kri0010",2026-07-28,"AA-AA-000-0000"
"13081","Site",149,2632,0.0566109422492401,1.59780141846149,0,"Analysis_kri0010",2026-07-28,"AA-AA-000-0000"
"29060","Site",228,4136,0.0551257253384913,1.53428773693162,0,"Analysis_kri0010",2026-07-28,"AA-AA-000-0000"
"1028","Site",145,2632,0.0550911854103343,1.21524371134624,0,"Analysis_kri0010",2026-07-28,"AA-AA-000-0000"
"12937","Site",269,4888,0.0550327332242226,1.63604655000671,0,"Analysis_kri0010",2026-07-28,"AA-AA-000-0000"
"24964","Site",62,1128,0.0549645390070922,0.774693522502548,0,"Analysis_kri0010",2026-07-28,"AA-AA-000-0000"
"37908","Site",227,4136,0.0548839458413926,1.45799386747574,0,"Analysis_kri0010",2026-07-28,"AA-AA-000-0000"
"6022","Site",185,3384,0.0546690307328605,1.25746249500575,0,"Analysis_kri0010",2026-07-28,"AA-AA-000-0000"
"4354","Site",41,752,0.0545212765957447,0.572892951111226,0,"Analysis_kri0010",2026-07-28,"AA-AA-000-0000"
"21129","Site",41,752,0.0545212765957447,0.572892951111226,0,"Analysis_kri0010",2026-07-28,"AA-AA-000-0000"
"20578","Site",102,1880,0.0542553191489362,0.849242242560146,0,"Analysis_kri0010",2026-07-28,"AA-AA-000-0000"
"18260","Site",61,1128,0.0540780141843972,0.628601884957184,0,"Analysis_kri0010",2026-07-28,"AA-AA-000-0000"
"14601","Site",345,6392,0.053973717146433,1.45545794839006,0,"Analysis_kri0010",2026-07-28,"AA-AA-000-0000"
"34","Site",81,1504,0.0538563829787234,0.683673911854687,0,"Analysis_kri0010",2026-07-28,"AA-AA-000-0000"
"13139","Site",81,1504,0.0538563829787234,0.683673911854687,0,"Analysis_kri0010",2026-07-28,"AA-AA-000-0000"
"6530","Site",343,6392,0.0536608260325407,1.33271642209137,0,"Analysis_kri0010",2026-07-28,"AA-AA-000-0000"
"12392","Site",141,2632,0.0535714285714286,0.832686004230988,0,"Analysis_kri0010",2026-07-28,"AA-AA-000-0000"
"37728","Site",483,9024,0.0535239361702128,1.51969865312205,0,"Analysis_kri0010",2026-07-28,"AA-AA-000-0000"
"26880","Site",382,7144,0.053471444568869,1.33039268770886,0,"Analysis_kri0010",2026-07-28,"AA-AA-000-0000"
"38166","Site",60,1128,0.0531914893617021,0.482510247411819,0,"Analysis_kri0010",2026-07-28,"AA-AA-000-0000"
"25970","Site",80,1504,0.0531914893617021,0.557154842459933,0,"Analysis_kri0010",2026-07-28,"AA-AA-000-0000"
"10371","Site",100,1880,0.0531914893617021,0.622918050866799,0,"Analysis_kri0010",2026-07-28,"AA-AA-000-0000"
"17808","Site",580,10904,0.0531914893617021,1.5001853248699,0,"Analysis_kri0010",2026-07-28,"AA-AA-000-0000"
"5968","Site",377,7144,0.0527715565509519,1.04013803617068,0,"Analysis_kri0010",2026-07-28,"AA-AA-000-0000"
"4659","Site",99,1880,0.0526595744680851,0.509755955020125,0,"Analysis_kri0010",2026-07-28,"AA-AA-000-0000"
"29192","Site",79,1504,0.0525265957446809,0.43063577306518,0,"Analysis_kri0010",2026-07-28,"AA-AA-000-0000"
"33296","Site",138,2632,0.0524316109422492,0.545767723894553,0,"Analysis_kri0010",2026-07-28,"AA-AA-000-0000"
"33620","Site",197,3760,0.0523936170212766,0.640886099743446,0,"Analysis_kri0010",2026-07-28,"AA-AA-000-0000"
"8995","Site",452,8648,0.0522664199814986,0.913913584467544,0,"Analysis_kri0010",2026-07-28,"AA-AA-000-0000"
"16996","Site",216,4136,0.0522243713733075,0.618761303461069,0,"Analysis_kri0010",2026-07-28,"AA-AA-000-0000"
"17541","Site",528,10152,0.0520094562647754,0.863164192053999,0,"Analysis_kri0010",2026-07-28,"AA-AA-000-0000"
"38272","Site",293,5640,0.0519503546099291,0.621586547559096,0,"Analysis_kri0010",2026-07-28,"AA-AA-000-0000"
"18033","Site",39,752,0.0518617021276596,0.215042983437457,0,"Analysis_kri0010",2026-07-28,"AA-AA-000-0000"
"4695","Site",214,4136,0.0517408123791103,0.466173564549311,0,"Analysis_kri0010",2026-07-28,"AA-AA-000-0000"
"5927","Site",175,3384,0.0517139479905437,0.414002032374053,0,"Analysis_kri0010",2026-07-28,"AA-AA-000-0000"
"28689","Site",349,6768,0.0515661938534279,0.525845627754449,0,"Analysis_kri0010",2026-07-28,"AA-AA-000-0000"
"13333","Site",58,1128,0.0514184397163121,0.19032697232109,0,"Analysis_kri0010",2026-07-28,"AA-AA-000-0000"
"34660","Site",154,3008,0.0511968085106383,0.251160983038032,0,"Analysis_kri0010",2026-07-28,"AA-AA-000-0000"
"30212","Site",96,1880,0.051063829787234,0.170269667480105,0,"Analysis_kri0010",2026-07-28,"AA-AA-000-0000"
"33824","Site",134,2632,0.0509118541033435,0.163210016779305,0,"Analysis_kri0010",2026-07-28,"AA-AA-000-0000"
"34869","Site",153,3008,0.0508643617021277,0.161698491119589,0,"Analysis_kri0010",2026-07-28,"AA-AA-000-0000"
"38404","Site",172,3384,0.0508274231678487,0.160963893584545,0,"Analysis_kri0010",2026-07-28,"AA-AA-000-0000"
"12417","Site",401,7896,0.0507852077001013,0.227470592570035,0,"Analysis_kri0010",2026-07-28,"AA-AA-000-0000"
"34713","Site",686,13536,0.0506796690307329,0.23758174090592,0,"Analysis_kri0010",2026-07-28,"AA-AA-000-0000"
"34341","Site",761,15040,0.0505984042553191,0.201533447309617,0,"Analysis_kri0010",2026-07-28,"AA-AA-000-0000"
"12407","Site",38,752,0.050531914893617,0.0361179996005732,0,"Analysis_kri0010",2026-07-28,"AA-AA-000-0000"
"24867","Site",38,752,0.050531914893617,0.0361179996005732,0,"Analysis_kri0010",2026-07-28,"AA-AA-000-0000"
"34903","Site",76,1504,0.050531914893617,0.0510785648809167,0,"Analysis_kri0010",2026-07-28,"AA-AA-000-0000"
"32913","Site",228,4512,0.050531914893617,0.0884706695514511,0,"Analysis_kri0010",2026-07-28,"AA-AA-000-0000"
"531","Site",775,15416,0.0502724442138038,0.00545952625695058,0,"Analysis_kri0010",2026-07-28,"AA-AA-000-0000"
"34355","Site",302,6016,0.0501994680851064,-0.0243619396329188,0,"Analysis_kri0010",2026-07-28,"AA-AA-000-0000"
"534","Site",151,3008,0.0501994680851064,-0.0172264927172942,0,"Analysis_kri0010",2026-07-28,"AA-AA-000-0000"
"8594","Site",754,15040,0.0501329787234043,-0.0785284514030083,0,"Analysis_kri0010",2026-07-28,"AA-AA-000-0000"
"16498","Site",94,1880,0.05,-0.0560545242132404,0,"Analysis_kri0010",2026-07-28,"AA-AA-000-0000"
"9075","Site",169,3384,0.0499408983451537,-0.0920742452049619,0,"Analysis_kri0010",2026-07-28,"AA-AA-000-0000"
"17172","Site",206,4136,0.0498065764023211,-0.144177391097724,0,"Analysis_kri0010",2026-07-28,"AA-AA-000-0000"
"34694","Site",337,6768,0.0497931442080378,-0.189854307593084,0,"Analysis_kri0010",2026-07-28,"AA-AA-000-0000"
"22677","Site",465,9400,0.049468085106383,-0.378379865376722,0,"Analysis_kri0010",2026-07-28,"AA-AA-000-0000"
"17961","Site",279,5640,0.049468085106383,-0.29309178342885,0,"Analysis_kri0010",2026-07-28,"AA-AA-000-0000"
"38711","Site",316,6392,0.0494367959949937,-0.324294182940914,0,"Analysis_kri0010",2026-07-28,"AA-AA-000-0000"
"14648","Site",130,2632,0.0493920972644377,-0.219347690335944,0,"Analysis_kri0010",2026-07-28,"AA-AA-000-0000"
"10624","Site",74,1504,0.0492021276595745,-0.20195957390859,0,"Analysis_kri0010",2026-07-28,"AA-AA-000-0000"
"14105","Site",74,1504,0.0492021276595745,-0.20195957390859,0,"Analysis_kri0010",2026-07-28,"AA-AA-000-0000"
"35223","Site",74,1504,0.0492021276595745,-0.20195957390859,0,"Analysis_kri0010",2026-07-28,"AA-AA-000-0000"
"1881","Site",314,6392,0.0491239048811014,-0.4470357092396,0,"Analysis_kri0010",2026-07-28,"AA-AA-000-0000"
"33617","Site",443,9024,0.0490913120567376,-0.54634909853744,0,"Analysis_kri0010",2026-07-28,"AA-AA-000-0000"
"10630","Site",221,4512,0.0489804964539007,-0.422850061857324,0,"Analysis_kri0010",2026-07-28,"AA-AA-000-0000"
"14729","Site",313,6392,0.0489674593241552,-0.508406472388944,0,"Analysis_kri0010",2026-07-28,"AA-AA-000-0000"
"21380","Site",423,8648,0.0489130434782609,-0.616187293602279,0,"Analysis_kri0010",2026-07-28,"AA-AA-000-0000"
"8560","Site",367,7520,0.0488031914893617,-0.621338479736513,0,"Analysis_kri0010",2026-07-28,"AA-AA-000-0000"
"37186","Site",899,18424,0.0487950499348676,-0.977970800240254,0,"Analysis_kri0010",2026-07-28,"AA-AA-000-0000"
"10497","Site",183,3760,0.0486702127659574,-0.47936149510706,0,"Analysis_kri0010",2026-07-28,"AA-AA-000-0000"
"25476","Site",128,2632,0.0486322188449848,-0.410626543893568,0,"Analysis_kri0010",2026-07-28,"AA-AA-000-0000"
"9522","Site",292,6016,0.0485372340425532,-0.65695728660669,0,"Analysis_kri0010",2026-07-28,"AA-AA-000-0000"
"5444","Site",73,1504,0.0485372340425532,-0.328478643303345,0,"Analysis_kri0010",2026-07-28,"AA-AA-000-0000"
"14164","Site",73,1504,0.0485372340425532,-0.328478643303345,0,"Analysis_kri0010",2026-07-28,"AA-AA-000-0000"
"34664","Site",73,1504,0.0485372340425532,-0.328478643303345,0,"Analysis_kri0010",2026-07-28,"AA-AA-000-0000"
"18777","Site",418,8648,0.0483348751156337,-0.879997789821213,0,"Analysis_kri0010",2026-07-28,"AA-AA-000-0000"
"31107","Site",454,9400,0.0482978723404255,-0.93506377071364,0,"Analysis_kri0010",2026-07-28,"AA-AA-000-0000"
"20531","Site",344,7144,0.0481522956326988,-0.875542663981311,0,"Analysis_kri0010",2026-07-28,"AA-AA-000-0000"
"28822","Site",199,4136,0.0481141199226306,-0.67823447728888,0,"Analysis_kri0010",2026-07-28,"AA-AA-000-0000"
"257","Site",126,2632,0.0478723404255319,-0.601905397451192,0,"Analysis_kri0010",2026-07-28,"AA-AA-000-0000"
"16992","Site",72,1504,0.0478723404255319,-0.454997712698099,0,"Analysis_kri0010",2026-07-28,"AA-AA-000-0000"
"17731","Site",36,752,0.0478723404255319,-0.321731968073194,0,"Analysis_kri0010",2026-07-28,"AA-AA-000-0000"
"34071","Site",359,7520,0.0477393617021277,-1.0739868631232,0,"Analysis_kri0010",2026-07-28,"AA-AA-000-0000"
"12432","Site",269,5640,0.0476950354609929,-0.946433448420241,0,"Analysis_kri0010",2026-07-28,"AA-AA-000-0000"
"2392","Site",499,10528,0.0473974164133739,-1.44290936184941,0,"Analysis_kri0010",2026-07-28,"AA-AA-000-0000"
"25605","Site",374,7896,0.0473657548125633,-1.26340052491896,0,"Analysis_kri0010",2026-07-28,"AA-AA-000-0000"
"17187","Site",641,13536,0.0473552009456265,-1.66020430001539,0,"Analysis_kri0010",2026-07-28,"AA-AA-000-0000"
"6416","Site",178,3760,0.0473404255319149,-0.879449921839384,0,"Analysis_kri0010",2026-07-28,"AA-AA-000-0000"
"34696","Site",283,6016,0.0470412234042553,-1.22629309888308,0,"Analysis_kri0010",2026-07-28,"AA-AA-000-0000"
"28676","Site",159,3384,0.0469858156028369,-0.935534707836656,0,"Analysis_kri0010",2026-07-28,"AA-AA-000-0000"
"14393","Site",106,2256,0.0469858156028369,-0.763860890287849,0,"Analysis_kri0010",2026-07-28,"AA-AA-000-0000"
"9044","Site",53,1128,0.0469858156028369,-0.540131215405732,0,"Analysis_kri0010",2026-07-28,"AA-AA-000-0000"
"21541","Site",70,1504,0.0465425531914894,-0.708035851487607,0,"Analysis_kri0010",2026-07-28,"AA-AA-000-0000"
"384","Site",331,7144,0.0463325867861142,-1.63020475798058,0,"Analysis_kri0010",2026-07-28,"AA-AA-000-0000"
"26115","Site",435,9400,0.0462765957446808,-1.89660869811377,0,"Analysis_kri0010",2026-07-28,"AA-AA-000-0000"
"30729","Site",242,5264,0.0459726443768997,-1.52749564858197,0,"Analysis_kri0010",2026-07-28,"AA-AA-000-0000"
"25616","Site",121,2632,0.0459726443768997,-1.08010253134525,0,"Analysis_kri0010",2026-07-28,"AA-AA-000-0000"
"30816","Site",34,752,0.0452127659574468,-0.679581935746961,0,"Analysis_kri0010",2026-07-28,"AA-AA-000-0000"
"6453","Site",33,752,0.0438829787234043,-0.858506919583846,0,"Analysis_kri0010",2026-07-28,"AA-AA-000-0000"
"39044","Site",33,752,0.0438829787234043,-0.858506919583846,0,"Analysis_kri0010",2026-07-28,"AA-AA-000-0000"
"18548","Site",177,4136,0.0427949709864603,-2.35669960531823,0,"Analysis_kri0010",2026-07-28,"AA-AA-000-0000"
"18549","Site",32,752,0.0425531914893617,-1.03743190342073,0,"Analysis_kri0010",2026-07-28,"AA-AA-000-0000"
"30019","Site",32,752,0.0425531914893617,-1.03743190342073,0,"Analysis_kri0010",2026-07-28,"AA-AA-000-0000"
"26674","Site",90,2256,0.0398936170212766,-2.41669909161544,0,"Analysis_kri0010",2026-07-28,"AA-AA-000-0000"
"22033","Site",30,752,0.0398936170212766,-1.3952818710945,0,"Analysis_kri0010",2026-07-28,"AA-AA-000-0000"
"8240","Site",28,376,0.074468085106383,NA,NA,"Analysis_kri0010",2026-07-28,"AA-AA-000-0000"
"14169","Site",25,376,0.0664893617021277,NA,NA,"Analysis_kri0010",2026-07-28,"AA-AA-000-0000"
"17938","Site",24,376,0.0638297872340425,NA,NA,"Analysis_kri0010",2026-07-28,"AA-AA-000-0000"
"18806","Site",23,376,0.0611702127659574,NA,NA,"Analysis_kri0010",2026-07-28,"AA-AA-000-0000"
"21015","Site",22,376,0.0585106382978723,NA,NA,"Analysis_kri0010",2026-07-28,"AA-AA-000-0000"
"25664","Site",22,376,0.0585106382978723,NA,NA,"Analysis_kri0010",2026-07-28,"AA-AA-000-0000"
"39048","Site",22,376,0.0585106382978723,NA,NA,"Analysis_kri0010",2026-07-28,"AA-AA-000-0000"
"4723","Site",21,376,0.0558510638297872,NA,NA,"Analysis_kri0010",2026-07-28,"AA-AA-000-0000"
"10531","Site",21,376,0.0558510638297872,NA,NA,"Analysis_kri0010",2026-07-28,"AA-AA-000-0000"
"18244","Site",21,376,0.0558510638297872,NA,NA,"Analysis_kri0010",2026-07-28,"AA-AA-000-0000"
"30776","Site",21,376,0.0558510638297872,NA,NA,"Analysis_kri0010",2026-07-28,"AA-AA-000-0000"
"6209","Site",20,376,0.0531914893617021,NA,NA,"Analysis_kri0010",2026-07-28,"AA-AA-000-0000"
"24680","Site",20,376,0.0531914893617021,NA,NA,"Analysis_kri0010",2026-07-28,"AA-AA-000-0000"
"27025","Site",20,376,0.0531914893617021,NA,NA,"Analysis_kri0010",2026-07-28,"AA-AA-000-0000"
"36994","Site",20,376,0.0531914893617021,NA,NA,"Analysis_kri0010",2026-07-28,"AA-AA-000-0000"
"18179","Site",19,376,0.050531914893617,NA,NA,"Analysis_kri0010",2026-07-28,"AA-AA-000-0000"
"33633","Site",19,376,0.050531914893617,NA,NA,"Analysis_kri0010",2026-07-28,"AA-AA-000-0000"
"37912","Site",18,376,0.0478723404255319,NA,NA,"Analysis_kri0010",2026-07-28,"AA-AA-000-0000"
"34343","Site",15,376,0.0398936170212766,NA,NA,"Analysis_kri0010",2026-07-28,"AA-AA-000-0000"
"39000","Site",29,752,0.038563829787234,NA,NA,"Analysis_kri0010",2026-07-28,"AA-AA-000-0000"
"10388","Site",14,376,0.0372340425531915,NA,NA,"Analysis_kri0010",2026-07-28,"AA-AA-000-0000"
"16424","Site",14,376,0.0372340425531915,NA,NA,"Analysis_kri0010",2026-07-28,"AA-AA-000-0000"
"34326","Site",14,376,0.0372340425531915,NA,NA,"Analysis_kri0010",2026-07-28,"AA-AA-000-0000"
"37191","Site",13,376,0.0345744680851064,NA,NA,"Analysis_kri0010",2026-07-28,"AA-AA-000-0000"
"24917","Site",25,752,0.0332446808510638,NA,NA,"Analysis_kri0010",2026-07-28,"AA-AA-000-0000"
"18260","Site",288,1000,0.288,2.04898913572829,1,"Analysis_kri0011",2026-07-28,"AA-AA-000-0000"
"17444","Site",565,2000,0.2825,2.31073512612467,1,"Analysis_kri0011",2026-07-28,"AA-AA-000-0000"
"34660","Site",1100,4000,0.275,2.13591115845491,1,"Analysis_kri0011",2026-07-28,"AA-AA-000-0000"
"33633","Site",284,1000,0.284,1.74713265680496,0,"Analysis_kri0011",2026-07-28,"AA-AA-000-0000"
"34326","Site",277,1000,0.277,1.21888381868912,0,"Analysis_kri0011",2026-07-28,"AA-AA-000-0000"
"34343","Site",277,1000,0.277,1.21888381868912,0,"Analysis_kri0011",2026-07-28,"AA-AA-000-0000"
"39048","Site",277,1000,0.277,1.21888381868912,0,"Analysis_kri0011",2026-07-28,"AA-AA-000-0000"
"10624","Site",827,3000,0.275666666666667,1.93689178313011,0,"Analysis_kri0011",2026-07-28,"AA-AA-000-0000"
"18033","Site",550,2000,0.275,1.51031726415548,0,"Analysis_kri0011",2026-07-28,"AA-AA-000-0000"
"35223","Site",1094,4000,0.2735,1.90951879926241,0,"Analysis_kri0011",2026-07-28,"AA-AA-000-0000"
"34869","Site",1092,4000,0.273,1.83405467953157,0,"Analysis_kri0011",2026-07-28,"AA-AA-000-0000"
"29060","Site",1358,5000,0.2716,1.81429540672963,0,"Analysis_kri0011",2026-07-28,"AA-AA-000-0000"
"32913","Site",543,2000,0.2715,1.13678892856986,0,"Analysis_kri0011",2026-07-28,"AA-AA-000-0000"
"12432","Site",1085,4000,0.27125,1.56993026047365,0,"Analysis_kri0011",2026-07-28,"AA-AA-000-0000"
"39044","Site",542,2000,0.271,1.08342773777191,0,"Analysis_kri0011",2026-07-28,"AA-AA-000-0000"
"18548","Site",1083,4000,0.27075,1.49446614074282,0,"Analysis_kri0011",2026-07-28,"AA-AA-000-0000"
"25605","Site",1624,6000,0.270666666666667,1.81493569240741,0,"Analysis_kri0011",2026-07-28,"AA-AA-000-0000"
"30019","Site",541,2000,0.2705,1.03006654697397,0,"Analysis_kri0011",2026-07-28,"AA-AA-000-0000"
"30816","Site",541,2000,0.2705,1.03006654697397,0,"Analysis_kri0011",2026-07-28,"AA-AA-000-0000"
"33620","Site",1081,4000,0.27025,1.41900202101198,0,"Analysis_kri0011",2026-07-28,"AA-AA-000-0000"
"13333","Site",810,3000,0.27,1.19621487583727,0,"Analysis_kri0011",2026-07-28,"AA-AA-000-0000"
"36994","Site",269,1000,0.269,0.615170860842451,0,"Analysis_kri0011",2026-07-28,"AA-AA-000-0000"
"17731","Site",536,2000,0.268,0.763260592984234,0,"Analysis_kri0011",2026-07-28,"AA-AA-000-0000"
"18777","Site",2143,8000,0.267875,1.49984059056949,0,"Analysis_kri0011",2026-07-28,"AA-AA-000-0000"
"17961","Site",1071,4000,0.26775,1.04168142235781,0,"Analysis_kri0011",2026-07-28,"AA-AA-000-0000"
"34696","Site",1338,5000,0.2676,1.13932380040832,0,"Analysis_kri0011",2026-07-28,"AA-AA-000-0000"
"33296","Site",1070,4000,0.2675,1.0039493624924,0,"Analysis_kri0011",2026-07-28,"AA-AA-000-0000"
"33824","Site",802,3000,0.267333333333333,0.847661037111229,0,"Analysis_kri0011",2026-07-28,"AA-AA-000-0000"
"16498","Site",1069,4000,0.26725,0.96621730262698,0,"Analysis_kri0011",2026-07-28,"AA-AA-000-0000"
"24917","Site",532,2000,0.266,0.549815829792449,0,"Analysis_kri0011",2026-07-28,"AA-AA-000-0000"
"34341","Site",2918,11000,0.265272727272727,1.10740611087008,0,"Analysis_kri0011",2026-07-28,"AA-AA-000-0000"
"9075","Site",1326,5000,0.2652,0.734340836615535,0,"Analysis_kri0011",2026-07-28,"AA-AA-000-0000"
"18549","Site",530,2000,0.265,0.443093448196557,0,"Analysis_kri0011",2026-07-28,"AA-AA-000-0000"
"16996","Site",1325,5000,0.265,0.700592256299474,0,"Analysis_kri0011",2026-07-28,"AA-AA-000-0000"
"17172","Site",1325,5000,0.265,0.700592256299474,0,"Analysis_kri0011",2026-07-28,"AA-AA-000-0000"
"21380","Site",1854,7000,0.264857142857143,0.800429180492717,0,"Analysis_kri0011",2026-07-28,"AA-AA-000-0000"
"38272","Site",1059,4000,0.26475,0.58889670397281,0,"Analysis_kri0011",2026-07-28,"AA-AA-000-0000"
"37728","Site",2118,8000,0.26475,0.832825705595162,0,"Analysis_kri0011",2026-07-28,"AA-AA-000-0000"
"30729","Site",1323,5000,0.2646,0.633095095667341,0,"Analysis_kri0011",2026-07-28,"AA-AA-000-0000"
"34694","Site",2115,8000,0.264375,0.752783919398251,0,"Analysis_kri0011",2026-07-28,"AA-AA-000-0000"
"16992","Site",793,3000,0.264333333333333,0.455537968544433,0,"Analysis_kri0011",2026-07-28,"AA-AA-000-0000"
"33617","Site",2114,8000,0.26425,0.726103323999269,0,"Analysis_kri0011",2026-07-28,"AA-AA-000-0000"
"9044","Site",792,3000,0.264,0.411968738703683,0,"Analysis_kri0011",2026-07-28,"AA-AA-000-0000"
"24964","Site",792,3000,0.264,0.411968738703683,0,"Analysis_kri0011",2026-07-28,"AA-AA-000-0000"
"9522","Site",1583,6000,0.263833333333333,0.551803679677005,0,"Analysis_kri0011",2026-07-28,"AA-AA-000-0000"
"17541","Site",2110,8000,0.26375,0.619380942403377,0,"Analysis_kri0011",2026-07-28,"AA-AA-000-0000"
"17187","Site",3159,12000,0.26325,0.62787594312396,0,"Analysis_kri0011",2026-07-28,"AA-AA-000-0000"
"5927","Site",1315,5000,0.263,0.363106453138818,0,"Analysis_kri0011",2026-07-28,"AA-AA-000-0000"
"12417","Site",2626,10000,0.2626,0.418054670626469,0,"Analysis_kri0011",2026-07-28,"AA-AA-000-0000"
"25970","Site",525,2000,0.2625,0.176287494206826,0,"Analysis_kri0011",2026-07-28,"AA-AA-000-0000"
"4695","Site",1050,4000,0.2625,0.249308165184062,0,"Analysis_kri0011",2026-07-28,"AA-AA-000-0000"
"2392","Site",2099,8000,0.262375,0.325894393014682,0,"Analysis_kri0011",2026-07-28,"AA-AA-000-0000"
"38404","Site",1049,4000,0.26225,0.211576105318641,0,"Analysis_kri0011",2026-07-28,"AA-AA-000-0000"
"30212","Site",786,3000,0.262,0.150553359659152,0,"Analysis_kri0011",2026-07-28,"AA-AA-000-0000"
"22677","Site",1833,7000,0.261857142857143,0.20145129934415,0,"Analysis_kri0011",2026-07-28,"AA-AA-000-0000"
"34664","Site",1047,4000,0.26175,0.136111985587807,0,"Analysis_kri0011",2026-07-28,"AA-AA-000-0000"
"28822","Site",1308,5000,0.2616,0.126866390926357,0,"Analysis_kri0011",2026-07-28,"AA-AA-000-0000"
"531","Site",2614,10000,0.2614,0.131688470663569,0,"Analysis_kri0011",2026-07-28,"AA-AA-000-0000"
"13081","Site",1045,4000,0.26125,0.0606478658569727,0,"Analysis_kri0011",2026-07-28,"AA-AA-000-0000"
"17808","Site",2873,11000,0.261181818181818,0.0835081415361309,0,"Analysis_kri0011",2026-07-28,"AA-AA-000-0000"
"26880","Site",1567,6000,0.261166666666667,0.0588741137334375,0,"Analysis_kri0011",2026-07-28,"AA-AA-000-0000"
"24680","Site",261,1000,0.261,0.01145790299578,0,"Analysis_kri0011",2026-07-28,"AA-AA-000-0000"
"34903","Site",522,2000,0.261,0.0162039218129874,0,"Analysis_kri0011",2026-07-28,"AA-AA-000-0000"
"28689","Site",1044,4000,0.261,0.02291580599156,0,"Analysis_kri0011",2026-07-28,"AA-AA-000-0000"
"38711","Site",1304,5000,0.2608,-0.00812793033790863,0,"Analysis_kri0011",2026-07-28,"AA-AA-000-0000"
"31107","Site",3128,12000,0.260666666666667,-0.0474471194077419,0,"Analysis_kri0011",2026-07-28,"AA-AA-000-0000"
"384","Site",1824,7000,0.260571428571429,-0.055253506862377,0,"Analysis_kri0011",2026-07-28,"AA-AA-000-0000"
"10497","Site",1042,4000,0.2605,-0.0525483137392739,0,"Analysis_kri0011",2026-07-28,"AA-AA-000-0000"
"4354","Site",521,2000,0.2605,-0.0371572689849588,0,"Analysis_kri0011",2026-07-28,"AA-AA-000-0000"
"8560","Site",1562,6000,0.260333333333333,-0.0951663756239217,0,"Analysis_kri0011",2026-07-28,"AA-AA-000-0000"
"20578","Site",1041,4000,0.26025,-0.090280373604695,0,"Analysis_kri0011",2026-07-28,"AA-AA-000-0000"
"22033","Site",520,2000,0.26,-0.090518459782905,0,"Analysis_kri0011",2026-07-28,"AA-AA-000-0000"
"18806","Site",260,1000,0.26,-0.0640062167350539,0,"Analysis_kri0011",2026-07-28,"AA-AA-000-0000"
"21129","Site",260,1000,0.26,-0.0640062167350539,0,"Analysis_kri0011",2026-07-28,"AA-AA-000-0000"
"26115","Site",2339,9000,0.259888888888889,-0.217173356782108,0,"Analysis_kri0011",2026-07-28,"AA-AA-000-0000"
"12937","Site",1299,5000,0.2598,-0.176870831918236,0,"Analysis_kri0011",2026-07-28,"AA-AA-000-0000"
"12407","Site",519,2000,0.2595,-0.143879650580851,0,"Analysis_kri0011",2026-07-28,"AA-AA-000-0000"
"14648","Site",1036,4000,0.259,-0.278940672931776,0,"Analysis_kri0011",2026-07-28,"AA-AA-000-0000"
"4723","Site",259,1000,0.259,-0.139470336465888,0,"Analysis_kri0011",2026-07-28,"AA-AA-000-0000"
"37912","Site",259,1000,0.259,-0.139470336465888,0,"Analysis_kri0011",2026-07-28,"AA-AA-000-0000"
"5960","Site",1294,5000,0.2588,-0.345613733498564,0,"Analysis_kri0011",2026-07-28,"AA-AA-000-0000"
"34355","Site",1294,5000,0.2588,-0.345613733498564,0,"Analysis_kri0011",2026-07-28,"AA-AA-000-0000"
"8594","Site",2844,11000,0.258545454545455,-0.576337216479085,0,"Analysis_kri0011",2026-07-28,"AA-AA-000-0000"
"14393","Site",1551,6000,0.2585,-0.43405545221013,0,"Analysis_kri0011",2026-07-28,"AA-AA-000-0000"
"25476","Site",1292,5000,0.2584,-0.413110894130688,0,"Analysis_kri0011",2026-07-28,"AA-AA-000-0000"
"20531","Site",2067,8000,0.258375,-0.527884659752457,0,"Analysis_kri0011",2026-07-28,"AA-AA-000-0000"
"8995","Site",1550,6000,0.258333333333333,-0.4648635500816,0,"Analysis_kri0011",2026-07-28,"AA-AA-000-0000"
"37186","Site",3612,14000,0.258,-0.804211095700704,0,"Analysis_kri0011",2026-07-28,"AA-AA-000-0000"
"10531","Site",258,1000,0.258,-0.214934456196722,0,"Analysis_kri0011",2026-07-28,"AA-AA-000-0000"
"27025","Site",258,1000,0.258,-0.214934456196722,0,"Analysis_kri0011",2026-07-28,"AA-AA-000-0000"
"28676","Site",1031,4000,0.25775,-0.467600972258865,0,"Analysis_kri0011",2026-07-28,"AA-AA-000-0000"
"37908","Site",1546,6000,0.257666666666667,-0.5880959415675,0,"Analysis_kri0011",2026-07-28,"AA-AA-000-0000"
"13139","Site",1030,4000,0.2575,-0.505333032124277,0,"Analysis_kri0011",2026-07-28,"AA-AA-000-0000"
"39000","Site",515,2000,0.2575,-0.357324413772636,0,"Analysis_kri0011",2026-07-28,"AA-AA-000-0000"
"14601","Site",1287,5000,0.2574,-0.581853795711015,0,"Analysis_kri0011",2026-07-28,"AA-AA-000-0000"
"14729","Site",1542,6000,0.257,-0.711328333053389,0,"Analysis_kri0011",2026-07-28,"AA-AA-000-0000"
"38497","Site",771,3000,0.257,-0.502985087952175,0,"Analysis_kri0011",2026-07-28,"AA-AA-000-0000"
"34713","Site",3083,12000,0.256916666666667,-1.02775479082472,0,"Analysis_kri0011",2026-07-28,"AA-AA-000-0000"
"25616","Site",770,3000,0.256666666666667,-0.546554317792932,0,"Analysis_kri0011",2026-07-28,"AA-AA-000-0000"
"38166","Site",770,3000,0.256666666666667,-0.546554317792932,0,"Analysis_kri0011",2026-07-28,"AA-AA-000-0000"
"6530","Site",1281,5000,0.2562,-0.784345277607414,0,"Analysis_kri0011",2026-07-28,"AA-AA-000-0000"
"1028","Site",768,3000,0.256,-0.63369277747444,0,"Analysis_kri0011",2026-07-28,"AA-AA-000-0000"
"14169","Site",256,1000,0.256,-0.36586269565839,0,"Analysis_kri0011",2026-07-28,"AA-AA-000-0000"
"18244","Site",256,1000,0.256,-0.36586269565839,0,"Analysis_kri0011",2026-07-28,"AA-AA-000-0000"
"4659","Site",1279,5000,0.2558,-0.851842438239538,0,"Analysis_kri0011",2026-07-28,"AA-AA-000-0000"
"12392","Site",1022,4000,0.2555,-0.807189511047613,0,"Analysis_kri0011",2026-07-28,"AA-AA-000-0000"
"5968","Site",1532,6000,0.255333333333333,-1.01940931176812,0,"Analysis_kri0011",2026-07-28,"AA-AA-000-0000"
"26674","Site",1276,5000,0.2552,-0.953088179187742,0,"Analysis_kri0011",2026-07-28,"AA-AA-000-0000"
"6452","Site",1020,4000,0.255,-0.882653630778447,0,"Analysis_kri0011",2026-07-28,"AA-AA-000-0000"
"10388","Site",255,1000,0.255,-0.441326815389223,0,"Analysis_kri0011",2026-07-28,"AA-AA-000-0000"
"37191","Site",255,1000,0.255,-0.441326815389223,0,"Analysis_kri0011",2026-07-28,"AA-AA-000-0000"
"21541","Site",509,2000,0.2545,-0.677491558560313,0,"Analysis_kri0011",2026-07-28,"AA-AA-000-0000"
"34","Site",1016,4000,0.254,-1.03358187024011,0,"Analysis_kri0011",2026-07-28,"AA-AA-000-0000"
"21015","Site",254,1000,0.254,-0.516790935120057,0,"Analysis_kri0011",2026-07-28,"AA-AA-000-0000"
"6209","Site",253,1000,0.253,-0.592255054850891,0,"Analysis_kri0011",2026-07-28,"AA-AA-000-0000"
"6022","Site",1263,5000,0.2526,-1.39181972329659,0,"Analysis_kri0011",2026-07-28,"AA-AA-000-0000"
"1881","Site",1262,5000,0.2524,-1.42556830361265,0,"Analysis_kri0011",2026-07-28,"AA-AA-000-0000"
"37781","Site",757,3000,0.252333333333333,-1.11295430572274,0,"Analysis_kri0011",2026-07-28,"AA-AA-000-0000"
"37702","Site",2774,11000,0.252181818181818,-2.16906739099855,0,"Analysis_kri0011",2026-07-28,"AA-AA-000-0000"
"25664","Site",252,1000,0.252,-0.667719174581725,0,"Analysis_kri0011",2026-07-28,"AA-AA-000-0000"
"24867","Site",503,2000,0.2515,-0.99765870334799,0,"Analysis_kri0011",2026-07-28,"AA-AA-000-0000"
"34071","Site",1005,4000,0.25125,-1.4486345287597,0,"Analysis_kri0011",2026-07-28,"AA-AA-000-0000"
"14105","Site",753,3000,0.251,-1.28723122508577,0,"Analysis_kri0011",2026-07-28,"AA-AA-000-0000"
"534","Site",1251,5000,0.2502,-1.79680268708938,0,"Analysis_kri0011",2026-07-28,"AA-AA-000-0000"
"10630","Site",1247,5000,0.2494,-1.93179700835364,0,"Analysis_kri0011",2026-07-28,"AA-AA-000-0000"
"6453","Site",498,2000,0.249,-1.26446465733772,0,"Analysis_kri0011",2026-07-28,"AA-AA-000-0000"
"29192","Site",498,2000,0.249,-1.26446465733772,0,"Analysis_kri0011",2026-07-28,"AA-AA-000-0000"
"10371","Site",746,3000,0.248666666666667,-1.59221583397105,0,"Analysis_kri0011",2026-07-28,"AA-AA-000-0000"
"257","Site",497,2000,0.2485,-1.31782584813567,0,"Analysis_kri0011",2026-07-28,"AA-AA-000-0000"
"14164","Site",742,3000,0.247333333333333,-1.76649275333407,0,"Analysis_kri0011",2026-07-28,"AA-AA-000-0000"
"5444","Site",494,2000,0.247,-1.47790942052951,0,"Analysis_kri0011",2026-07-28,"AA-AA-000-0000"
"6416","Site",986,4000,0.2465,-2.16554366620262,0,"Analysis_kri0011",2026-07-28,"AA-AA-000-0000"
"14449","Site",491,2000,0.2455,-1.63799299292334,0,"Analysis_kri0011",2026-07-28,"AA-AA-000-0000"
"18179","Site",245,1000,0.245,-1.19596801269756,0,"Analysis_kri0011",2026-07-28,"AA-AA-000-0000"
"16424","Site",244,1000,0.244,-1.2714321324284,0,"Analysis_kri0011",2026-07-28,"AA-AA-000-0000"
"30776","Site",242,1000,0.242,-1.42236037189006,0,"Analysis_kri0011",2026-07-28,"AA-AA-000-0000"
"17938","Site",240,1000,0.24,-1.57328861135173,0,"Analysis_kri0011",2026-07-28,"AA-AA-000-0000"
"8240","Site",237,1000,0.237,-1.79968097054423,0,"Analysis_kri0011",2026-07-28,"AA-AA-000-0000"
"21129","Site",3,4,0.75,2.31880123521544,1,"Analysis_kri0012",2026-07-28,"AA-AA-000-0000"
"36994","Site",3,4,0.75,2.31880123521544,1,"Analysis_kri0012",2026-07-28,"AA-AA-000-0000"
"257","Site",5,7,0.714285714285714,2.85317752663563,1,"Analysis_kri0012",2026-07-28,"AA-AA-000-0000"
"29192","Site",6,10,0.6,2.59052815966017,1,"Analysis_kri0012",2026-07-28,"AA-AA-000-0000"
"18548","Site",7,14,0.5,2.21653716757046,1,"Analysis_kri0012",2026-07-28,"AA-AA-000-0000"
"33617","Site",8,17,0.470588235294118,2.16746661936279,1,"Analysis_kri0012",2026-07-28,"AA-AA-000-0000"
"17013","Site",2,3,0.666666666666667,1.68077962762048,0,"Analysis_kri0012",2026-07-28,"AA-AA-000-0000"
"18260","Site",2,3,0.666666666666667,1.68077962762048,0,"Analysis_kri0012",2026-07-28,"AA-AA-000-0000"
"16424","Site",3,5,0.6,1.83178002855041,0,"Analysis_kri0012",2026-07-28,"AA-AA-000-0000"
"18244","Site",2,4,0.5,1.18478895229986,0,"Analysis_kri0012",2026-07-28,"AA-AA-000-0000"
"29254","Site",2,4,0.5,1.18478895229986,0,"Analysis_kri0012",2026-07-28,"AA-AA-000-0000"
"37191","Site",2,4,0.5,1.18478895229986,0,"Analysis_kri0012",2026-07-28,"AA-AA-000-0000"
"25616","Site",4,8,0.5,1.67554460489227,0,"Analysis_kri0012",2026-07-28,"AA-AA-000-0000"
"32913","Site",5,10,0.5,1.87331581793607,0,"Analysis_kri0012",2026-07-28,"AA-AA-000-0000"
"38272","Site",4,9,0.444444444444444,1.3991793341446,0,"Analysis_kri0012",2026-07-28,"AA-AA-000-0000"
"34","Site",3,7,0.428571428571429,1.13871210704292,0,"Analysis_kri0012",2026-07-28,"AA-AA-000-0000"
"13333","Site",3,7,0.428571428571429,1.13871210704292,0,"Analysis_kri0012",2026-07-28,"AA-AA-000-0000"
"14648","Site",3,7,0.428571428571429,1.13871210704292,0,"Analysis_kri0012",2026-07-28,"AA-AA-000-0000"
"6209","Site",2,5,0.4,0.817488607782829,0,"Analysis_kri0012",2026-07-28,"AA-AA-000-0000"
"10371","Site",2,5,0.4,0.817488607782829,0,"Analysis_kri0012",2026-07-28,"AA-AA-000-0000"
"24917","Site",2,5,0.4,0.817488607782829,0,"Analysis_kri0012",2026-07-28,"AA-AA-000-0000"
"8995","Site",4,10,0.4,1.15610347621198,0,"Analysis_kri0012",2026-07-28,"AA-AA-000-0000"
"38711","Site",4,10,0.4,1.15610347621198,0,"Analysis_kri0012",2026-07-28,"AA-AA-000-0000"
"34694","Site",5,13,0.384615384615385,1.19235340527756,0,"Analysis_kri0012",2026-07-28,"AA-AA-000-0000"
"4695","Site",3,8,0.375,0.873676829693827,0,"Analysis_kri0012",2026-07-28,"AA-AA-000-0000"
"6022","Site",3,8,0.375,0.873676829693827,0,"Analysis_kri0012",2026-07-28,"AA-AA-000-0000"
"9075","Site",3,8,0.375,0.873676829693827,0,"Analysis_kri0012",2026-07-28,"AA-AA-000-0000"
"17961","Site",4,11,0.363636363636364,0.938997500699731,0,"Analysis_kri0012",2026-07-28,"AA-AA-000-0000"
"21380","Site",4,11,0.363636363636364,0.938997500699731,0,"Analysis_kri0012",2026-07-28,"AA-AA-000-0000"
"22677","Site",5,14,0.357142857142857,1.00422704326662,0,"Analysis_kri0012",2026-07-28,"AA-AA-000-0000"
"16725","Site",1,3,0.333333333333333,0.371335034009176,0,"Analysis_kri0012",2026-07-28,"AA-AA-000-0000"
"18033","Site",1,3,0.333333333333333,0.371335034009176,0,"Analysis_kri0012",2026-07-28,"AA-AA-000-0000"
"18549","Site",1,3,0.333333333333333,0.371335034009176,0,"Analysis_kri0012",2026-07-28,"AA-AA-000-0000"
"34903","Site",1,3,0.333333333333333,0.371335034009176,0,"Analysis_kri0012",2026-07-28,"AA-AA-000-0000"
"39048","Site",1,3,0.333333333333333,0.371335034009176,0,"Analysis_kri0012",2026-07-28,"AA-AA-000-0000"
"10497","Site",2,6,0.333333333333333,0.525147041280051,0,"Analysis_kri0012",2026-07-28,"AA-AA-000-0000"
"12392","Site",2,6,0.333333333333333,0.525147041280051,0,"Analysis_kri0012",2026-07-28,"AA-AA-000-0000"
"14164","Site",2,6,0.333333333333333,0.525147041280051,0,"Analysis_kri0012",2026-07-28,"AA-AA-000-0000"
"34660","Site",2,6,0.333333333333333,0.525147041280051,0,"Analysis_kri0012",2026-07-28,"AA-AA-000-0000"
"1881","Site",3,9,0.333333333333333,0.64317114553421,0,"Analysis_kri0012",2026-07-28,"AA-AA-000-0000"
"22033","Site",3,9,0.333333333333333,0.64317114553421,0,"Analysis_kri0012",2026-07-28,"AA-AA-000-0000"
"16992","Site",4,12,0.333333333333333,0.742670068018352,0,"Analysis_kri0012",2026-07-28,"AA-AA-000-0000"
"5960","Site",3,10,0.3,0.43889113448788,0,"Analysis_kri0012",2026-07-28,"AA-AA-000-0000"
"10630","Site",3,10,0.3,0.43889113448788,0,"Analysis_kri0012",2026-07-28,"AA-AA-000-0000"
"12937","Site",3,10,0.3,0.43889113448788,0,"Analysis_kri0012",2026-07-28,"AA-AA-000-0000"
"6530","Site",2,7,0.285714285714286,0.281479397246565,0,"Analysis_kri0012",2026-07-28,"AA-AA-000-0000"
"13081","Site",2,7,0.285714285714286,0.281479397246565,0,"Analysis_kri0012",2026-07-28,"AA-AA-000-0000"
"29060","Site",2,7,0.285714285714286,0.281479397246565,0,"Analysis_kri0012",2026-07-28,"AA-AA-000-0000"
"35223","Site",2,7,0.285714285714286,0.281479397246565,0,"Analysis_kri0012",2026-07-28,"AA-AA-000-0000"
"1028","Site",1,4,0.25,0.0507766693842797,0,"Analysis_kri0012",2026-07-28,"AA-AA-000-0000"
"9044","Site",1,4,0.25,0.0507766693842797,0,"Analysis_kri0012",2026-07-28,"AA-AA-000-0000"
"10531","Site",1,4,0.25,0.0507766693842797,0,"Analysis_kri0012",2026-07-28,"AA-AA-000-0000"
"12407","Site",1,4,0.25,0.0507766693842797,0,"Analysis_kri0012",2026-07-28,"AA-AA-000-0000"
"17731","Site",1,4,0.25,0.0507766693842797,0,"Analysis_kri0012",2026-07-28,"AA-AA-000-0000"
"17815","Site",1,4,0.25,0.0507766693842797,0,"Analysis_kri0012",2026-07-28,"AA-AA-000-0000"
"27025","Site",1,4,0.25,0.0507766693842797,0,"Analysis_kri0012",2026-07-28,"AA-AA-000-0000"
"30019","Site",1,4,0.25,0.0507766693842797,0,"Analysis_kri0012",2026-07-28,"AA-AA-000-0000"
"37912","Site",1,4,0.25,0.0507766693842797,0,"Analysis_kri0012",2026-07-28,"AA-AA-000-0000"
"25605","Site",2,8,0.25,0.0718090544953831,0,"Analysis_kri0012",2026-07-28,"AA-AA-000-0000"
"28689","Site",2,8,0.25,0.0718090544953831,0,"Analysis_kri0012",2026-07-28,"AA-AA-000-0000"
"33620","Site",2,8,0.25,0.0718090544953831,0,"Analysis_kri0012",2026-07-28,"AA-AA-000-0000"
"34071","Site",2,8,0.25,0.0718090544953831,0,"Analysis_kri0012",2026-07-28,"AA-AA-000-0000"
"20531","Site",3,13,0.230769230769231,-0.0657202664326214,0,"Analysis_kri0012",2026-07-28,"AA-AA-000-0000"
"384","Site",2,9,0.222222222222222,-0.112837043076177,0,"Analysis_kri0012",2026-07-28,"AA-AA-000-0000"
"5968","Site",2,9,0.222222222222222,-0.112837043076177,0,"Analysis_kri0012",2026-07-28,"AA-AA-000-0000"
"33296","Site",2,9,0.222222222222222,-0.112837043076177,0,"Analysis_kri0012",2026-07-28,"AA-AA-000-0000"
"37908","Site",2,9,0.222222222222222,-0.112837043076177,0,"Analysis_kri0012",2026-07-28,"AA-AA-000-0000"
"38497","Site",2,9,0.222222222222222,-0.112837043076177,0,"Analysis_kri0012",2026-07-28,"AA-AA-000-0000"
"37702","Site",3,14,0.214285714285714,-0.208083081037227,0,"Analysis_kri0012",2026-07-28,"AA-AA-000-0000"
"534","Site",2,10,0.2,-0.278321207236216,0,"Analysis_kri0012",2026-07-28,"AA-AA-000-0000"
"6452","Site",1,5,0.2,-0.196802812984755,0,"Analysis_kri0012",2026-07-28,"AA-AA-000-0000"
"10624","Site",1,5,0.2,-0.196802812984755,0,"Analysis_kri0012",2026-07-28,"AA-AA-000-0000"
"30212","Site",1,5,0.2,-0.196802812984755,0,"Analysis_kri0012",2026-07-28,"AA-AA-000-0000"
"37781","Site",1,5,0.2,-0.196802812984755,0,"Analysis_kri0012",2026-07-28,"AA-AA-000-0000"
"38166","Site",1,5,0.2,-0.196802812984755,0,"Analysis_kri0012",2026-07-28,"AA-AA-000-0000"
"39044","Site",1,5,0.2,-0.196802812984755,0,"Analysis_kri0012",2026-07-28,"AA-AA-000-0000"
"26115","Site",2,11,0.181818181818182,-0.428672772058573,0,"Analysis_kri0012",2026-07-28,"AA-AA-000-0000"
"28676","Site",2,11,0.181818181818182,-0.428672772058573,0,"Analysis_kri0012",2026-07-28,"AA-AA-000-0000"
"37728","Site",2,11,0.181818181818182,-0.428672772058573,0,"Analysis_kri0012",2026-07-28,"AA-AA-000-0000"
"37186","Site",3,18,0.166666666666667,-0.69415419345537,0,"Analysis_kri0012",2026-07-28,"AA-AA-000-0000"
"12432","Site",1,6,0.166666666666667,-0.400770110450565,0,"Analysis_kri0012",2026-07-28,"AA-AA-000-0000"
"16996","Site",1,6,0.166666666666667,-0.400770110450565,0,"Analysis_kri0012",2026-07-28,"AA-AA-000-0000"
"20578","Site",1,6,0.166666666666667,-0.400770110450565,0,"Analysis_kri0012",2026-07-28,"AA-AA-000-0000"
"26674","Site",1,6,0.166666666666667,-0.400770110450565,0,"Analysis_kri0012",2026-07-28,"AA-AA-000-0000"
"28822","Site",1,6,0.166666666666667,-0.400770110450565,0,"Analysis_kri0012",2026-07-28,"AA-AA-000-0000"
"38404","Site",1,6,0.166666666666667,-0.400770110450565,0,"Analysis_kri0012",2026-07-28,"AA-AA-000-0000"
"9522","Site",2,13,0.153846153846154,-0.694757102287714,0,"Analysis_kri0012",2026-07-28,"AA-AA-000-0000"
"18777","Site",2,13,0.153846153846154,-0.694757102287714,0,"Analysis_kri0012",2026-07-28,"AA-AA-000-0000"
"34341","Site",2,14,0.142857142857143,-0.81423814318915,0,"Analysis_kri0012",2026-07-28,"AA-AA-000-0000"
"4659","Site",1,7,0.142857142857143,-0.575753312549791,0,"Analysis_kri0012",2026-07-28,"AA-AA-000-0000"
"6416","Site",1,7,0.142857142857143,-0.575753312549791,0,"Analysis_kri0012",2026-07-28,"AA-AA-000-0000"
"14393","Site",1,7,0.142857142857143,-0.575753312549791,0,"Analysis_kri0012",2026-07-28,"AA-AA-000-0000"
"33824","Site",1,7,0.142857142857143,-0.575753312549791,0,"Analysis_kri0012",2026-07-28,"AA-AA-000-0000"
"34355","Site",1,7,0.142857142857143,-0.575753312549791,0,"Analysis_kri0012",2026-07-28,"AA-AA-000-0000"
"34696","Site",1,7,0.142857142857143,-0.575753312549791,0,"Analysis_kri0012",2026-07-28,"AA-AA-000-0000"
"8594","Site",2,16,0.125,-1.03245894414702,0,"Analysis_kri0012",2026-07-28,"AA-AA-000-0000"
"13139","Site",1,8,0.125,-0.730058720703061,0,"Analysis_kri0012",2026-07-28,"AA-AA-000-0000"
"14601","Site",1,8,0.125,-0.730058720703061,0,"Analysis_kri0012",2026-07-28,"AA-AA-000-0000"
"14729","Site",1,8,0.125,-0.730058720703061,0,"Analysis_kri0012",2026-07-28,"AA-AA-000-0000"
"26880","Site",1,8,0.125,-0.730058720703061,0,"Analysis_kri0012",2026-07-28,"AA-AA-000-0000"
"30729","Site",1,8,0.125,-0.730058720703061,0,"Analysis_kri0012",2026-07-28,"AA-AA-000-0000"
"17172","Site",1,9,0.111111111111111,-0.868845231686564,0,"Analysis_kri0012",2026-07-28,"AA-AA-000-0000"
"2392","Site",1,12,0.0833333333333333,-1.2214968223986,0,"Analysis_kri0012",2026-07-28,"AA-AA-000-0000"
"12417","Site",1,12,0.0833333333333333,-1.2214968223986,0,"Analysis_kri0012",2026-07-28,"AA-AA-000-0000"
"17808","Site",1,13,0.0769230769230769,-1.32379393814281,0,"Analysis_kri0012",2026-07-28,"AA-AA-000-0000"
"34713","Site",1,14,0.0714285714285714,-1.42039320534107,0,"Analysis_kri0012",2026-07-28,"AA-AA-000-0000"
"17187","Site",1,15,0.0666666666666667,-1.51207532079586,0,"Analysis_kri0012",2026-07-28,"AA-AA-000-0000"
"31107","Site",1,15,0.0666666666666667,-1.51207532079586,0,"Analysis_kri0012",2026-07-28,"AA-AA-000-0000"
"531","Site",0,12,0,-1.87621911920426,0,"Analysis_kri0012",2026-07-28,"AA-AA-000-0000"
"17541","Site",0,11,0,-1.79634304481688,0,"Analysis_kri0012",2026-07-28,"AA-AA-000-0000"
"8560","Site",0,10,0,-1.71274589068441,0,"Analysis_kri0012",2026-07-28,"AA-AA-000-0000"
"16498","Site",0,9,0,-1.62485342029695,0,"Analysis_kri0012",2026-07-28,"AA-AA-000-0000"
"5927","Site",0,7,0,-1.43298602234615,0,"Analysis_kri0012",2026-07-28,"AA-AA-000-0000"
"34664","Site",0,7,0,-1.43298602234615,0,"Analysis_kri0012",2026-07-28,"AA-AA-000-0000"
"10388","Site",0,5,0,-1.21109423375234,0,"Analysis_kri0012",2026-07-28,"AA-AA-000-0000"
"14105","Site",0,5,0,-1.21109423375234,0,"Analysis_kri0012",2026-07-28,"AA-AA-000-0000"
"24964","Site",0,5,0,-1.21109423375234,0,"Analysis_kri0012",2026-07-28,"AA-AA-000-0000"
"25476","Site",0,5,0,-1.21109423375234,0,"Analysis_kri0012",2026-07-28,"AA-AA-000-0000"
"34869","Site",0,5,0,-1.21109423375234,0,"Analysis_kri0012",2026-07-28,"AA-AA-000-0000"
"4354","Site",0,4,0,-1.0832356135313,0,"Analysis_kri0012",2026-07-28,"AA-AA-000-0000"
"30816","Site",0,4,0,-1.0832356135313,0,"Analysis_kri0012",2026-07-28,"AA-AA-000-0000"
"39000","Site",0,4,0,-1.0832356135313,0,"Analysis_kri0012",2026-07-28,"AA-AA-000-0000"
"14449","Site",0,3,0,-0.938109559602128,0,"Analysis_kri0012",2026-07-28,"AA-AA-000-0000"
"25970","Site",0,3,0,-0.938109559602128,0,"Analysis_kri0012",2026-07-28,"AA-AA-000-0000"
"30776","Site",0,3,0,-0.938109559602128,0,"Analysis_kri0012",2026-07-28,"AA-AA-000-0000"
"18816","Site",1,1,1,NA,NA,"Analysis_kri0012",2026-07-28,"AA-AA-000-0000"
"9815","Site",2,2,1,NA,NA,"Analysis_kri0012",2026-07-28,"AA-AA-000-0000"
"4723","Site",1,2,0.5,NA,NA,"Analysis_kri0012",2026-07-28,"AA-AA-000-0000"
"8240","Site",1,2,0.5,NA,NA,"Analysis_kri0012",2026-07-28,"AA-AA-000-0000"
"8290","Site",1,2,0.5,NA,NA,"Analysis_kri0012",2026-07-28,"AA-AA-000-0000"
"14169","Site",1,2,0.5,NA,NA,"Analysis_kri0012",2026-07-28,"AA-AA-000-0000"
"18806","Site",1,2,0.5,NA,NA,"Analysis_kri0012",2026-07-28,"AA-AA-000-0000"
"21015","Site",1,2,0.5,NA,NA,"Analysis_kri0012",2026-07-28,"AA-AA-000-0000"
"34326","Site",1,2,0.5,NA,NA,"Analysis_kri0012",2026-07-28,"AA-AA-000-0000"
"5444","Site",0,2,0,NA,NA,"Analysis_kri0012",2026-07-28,"AA-AA-000-0000"
"6453","Site",0,2,0,NA,NA,"Analysis_kri0012",2026-07-28,"AA-AA-000-0000"
"17444","Site",0,2,0,NA,NA,"Analysis_kri0012",2026-07-28,"AA-AA-000-0000"
"17938","Site",0,2,0,NA,NA,"Analysis_kri0012",2026-07-28,"AA-AA-000-0000"
"18179","Site",0,2,0,NA,NA,"Analysis_kri0012",2026-07-28,"AA-AA-000-0000"
"21541","Site",0,2,0,NA,NA,"Analysis_kri0012",2026-07-28,"AA-AA-000-0000"
"24680","Site",0,2,0,NA,NA,"Analysis_kri0012",2026-07-28,"AA-AA-000-0000"
"24867","Site",0,2,0,NA,NA,"Analysis_kri0012",2026-07-28,"AA-AA-000-0000"
"30516","Site",0,2,0,NA,NA,"Analysis_kri0012",2026-07-28,"AA-AA-000-0000"
"30995","Site",0,2,0,NA,NA,"Analysis_kri0012",2026-07-28,"AA-AA-000-0000"
"32900","Site",0,2,0,NA,NA,"Analysis_kri0012",2026-07-28,"AA-AA-000-0000"
"34343","Site",0,2,0,NA,NA,"Analysis_kri0012",2026-07-28,"AA-AA-000-0000"
"38758","Site",0,2,0,NA,NA,"Analysis_kri0012",2026-07-28,"AA-AA-000-0000"
"20869","Site",0,1,0,NA,NA,"Analysis_kri0012",2026-07-28,"AA-AA-000-0000"
"25664","Site",0,1,0,NA,NA,"Analysis_kri0012",2026-07-28,"AA-AA-000-0000"
"33633","Site",0,1,0,NA,NA,"Analysis_kri0012",2026-07-28,"AA-AA-000-0000"
"34","Site",0,114,0,0,NA,"Analysis_srs0001",2026-07-28,"AA-AA-000-0000"
"257","Site",8,114,7.01754385964912,7.01754385964912,NA,"Analysis_srs0001",2026-07-28,"AA-AA-000-0000"
"384","Site",0,114,0,0,NA,"Analysis_srs0001",2026-07-28,"AA-AA-000-0000"
"531","Site",17,114,14.9122807017544,14.9122807017544,NA,"Analysis_srs0001",2026-07-28,"AA-AA-000-0000"
"534","Site",0,114,0,0,NA,"Analysis_srs0001",2026-07-28,"AA-AA-000-0000"
"1028","Site",0,114,0,0,NA,"Analysis_srs0001",2026-07-28,"AA-AA-000-0000"
"1881","Site",0,114,0,0,NA,"Analysis_srs0001",2026-07-28,"AA-AA-000-0000"
"2392","Site",16,114,14.0350877192982,14.0350877192982,NA,"Analysis_srs0001",2026-07-28,"AA-AA-000-0000"
"4354","Site",0,114,0,0,NA,"Analysis_srs0001",2026-07-28,"AA-AA-000-0000"
"4659","Site",0,114,0,0,NA,"Analysis_srs0001",2026-07-28,"AA-AA-000-0000"
"4695","Site",0,114,0,0,NA,"Analysis_srs0001",2026-07-28,"AA-AA-000-0000"
"4723","Site",0,114,0,0,NA,"Analysis_srs0001",2026-07-28,"AA-AA-000-0000"
"5444","Site",17,114,14.9122807017544,14.9122807017544,NA,"Analysis_srs0001",2026-07-28,"AA-AA-000-0000"
"5927","Site",0,114,0,0,NA,"Analysis_srs0001",2026-07-28,"AA-AA-000-0000"
"5960","Site",6,114,5.26315789473684,5.26315789473684,NA,"Analysis_srs0001",2026-07-28,"AA-AA-000-0000"
"5968","Site",0,114,0,0,NA,"Analysis_srs0001",2026-07-28,"AA-AA-000-0000"
"6022","Site",0,114,0,0,NA,"Analysis_srs0001",2026-07-28,"AA-AA-000-0000"
"6209","Site",0,114,0,0,NA,"Analysis_srs0001",2026-07-28,"AA-AA-000-0000"
"6416","Site",0,114,0,0,NA,"Analysis_srs0001",2026-07-28,"AA-AA-000-0000"
"6452","Site",1,114,0.87719298245614,0.87719298245614,NA,"Analysis_srs0001",2026-07-28,"AA-AA-000-0000"
"6453","Site",0,114,0,0,NA,"Analysis_srs0001",2026-07-28,"AA-AA-000-0000"
"6530","Site",0,114,0,0,NA,"Analysis_srs0001",2026-07-28,"AA-AA-000-0000"
"8240","Site",0,114,0,0,NA,"Analysis_srs0001",2026-07-28,"AA-AA-000-0000"
"8560","Site",0,114,0,0,NA,"Analysis_srs0001",2026-07-28,"AA-AA-000-0000"
"8594","Site",0,114,0,0,NA,"Analysis_srs0001",2026-07-28,"AA-AA-000-0000"
"8995","Site",0,114,0,0,NA,"Analysis_srs0001",2026-07-28,"AA-AA-000-0000"
"9044","Site",0,114,0,0,NA,"Analysis_srs0001",2026-07-28,"AA-AA-000-0000"
"9075","Site",16,114,14.0350877192982,14.0350877192982,NA,"Analysis_srs0001",2026-07-28,"AA-AA-000-0000"
"9522","Site",0,114,0,0,NA,"Analysis_srs0001",2026-07-28,"AA-AA-000-0000"
"10371","Site",0,114,0,0,NA,"Analysis_srs0001",2026-07-28,"AA-AA-000-0000"
"10388","Site",4,114,3.50877192982456,3.50877192982456,NA,"Analysis_srs0001",2026-07-28,"AA-AA-000-0000"
"10497","Site",0,114,0,0,NA,"Analysis_srs0001",2026-07-28,"AA-AA-000-0000"
"10531","Site",0,114,0,0,NA,"Analysis_srs0001",2026-07-28,"AA-AA-000-0000"
"10624","Site",0,114,0,0,NA,"Analysis_srs0001",2026-07-28,"AA-AA-000-0000"
"10630","Site",0,114,0,0,NA,"Analysis_srs0001",2026-07-28,"AA-AA-000-0000"
"12392","Site",0,114,0,0,NA,"Analysis_srs0001",2026-07-28,"AA-AA-000-0000"
"12407","Site",0,114,0,0,NA,"Analysis_srs0001",2026-07-28,"AA-AA-000-0000"
"12417","Site",16,114,14.0350877192982,14.0350877192982,NA,"Analysis_srs0001",2026-07-28,"AA-AA-000-0000"
"12432","Site",0,114,0,0,NA,"Analysis_srs0001",2026-07-28,"AA-AA-000-0000"
"12937","Site",0,114,0,0,NA,"Analysis_srs0001",2026-07-28,"AA-AA-000-0000"
"13081","Site",0,114,0,0,NA,"Analysis_srs0001",2026-07-28,"AA-AA-000-0000"
"13139","Site",0,114,0,0,NA,"Analysis_srs0001",2026-07-28,"AA-AA-000-0000"
"13333","Site",0,114,0,0,NA,"Analysis_srs0001",2026-07-28,"AA-AA-000-0000"
"14105","Site",0,114,0,0,NA,"Analysis_srs0001",2026-07-28,"AA-AA-000-0000"
"14164","Site",0,114,0,0,NA,"Analysis_srs0001",2026-07-28,"AA-AA-000-0000"
"14169","Site",0,114,0,0,NA,"Analysis_srs0001",2026-07-28,"AA-AA-000-0000"
"14393","Site",0,114,0,0,NA,"Analysis_srs0001",2026-07-28,"AA-AA-000-0000"
"14449","Site",0,114,0,0,NA,"Analysis_srs0001",2026-07-28,"AA-AA-000-0000"
"14601","Site",0,114,0,0,NA,"Analysis_srs0001",2026-07-28,"AA-AA-000-0000"
"14648","Site",0,114,0,0,NA,"Analysis_srs0001",2026-07-28,"AA-AA-000-0000"
"14729","Site",0,114,0,0,NA,"Analysis_srs0001",2026-07-28,"AA-AA-000-0000"
"16424","Site",0,114,0,0,NA,"Analysis_srs0001",2026-07-28,"AA-AA-000-0000"
"16498","Site",4,114,3.50877192982456,3.50877192982456,NA,"Analysis_srs0001",2026-07-28,"AA-AA-000-0000"
"16725","Site",0,114,0,0,NA,"Analysis_srs0001",2026-07-28,"AA-AA-000-0000"
"16992","Site",0,114,0,0,NA,"Analysis_srs0001",2026-07-28,"AA-AA-000-0000"
"16996","Site",0,114,0,0,NA,"Analysis_srs0001",2026-07-28,"AA-AA-000-0000"
"17013","Site",0,114,0,0,NA,"Analysis_srs0001",2026-07-28,"AA-AA-000-0000"
"17172","Site",0,114,0,0,NA,"Analysis_srs0001",2026-07-28,"AA-AA-000-0000"
"17187","Site",0,114,0,0,NA,"Analysis_srs0001",2026-07-28,"AA-AA-000-0000"
"17444","Site",1,114,0.87719298245614,0.87719298245614,NA,"Analysis_srs0001",2026-07-28,"AA-AA-000-0000"
"17541","Site",0,114,0,0,NA,"Analysis_srs0001",2026-07-28,"AA-AA-000-0000"
"17731","Site",1,114,0.87719298245614,0.87719298245614,NA,"Analysis_srs0001",2026-07-28,"AA-AA-000-0000"
"17808","Site",0,114,0,0,NA,"Analysis_srs0001",2026-07-28,"AA-AA-000-0000"
"17815","Site",0,114,0,0,NA,"Analysis_srs0001",2026-07-28,"AA-AA-000-0000"
"17938","Site",0,114,0,0,NA,"Analysis_srs0001",2026-07-28,"AA-AA-000-0000"
"17961","Site",0,114,0,0,NA,"Analysis_srs0001",2026-07-28,"AA-AA-000-0000"
"18033","Site",0,114,0,0,NA,"Analysis_srs0001",2026-07-28,"AA-AA-000-0000"
"18179","Site",0,114,0,0,NA,"Analysis_srs0001",2026-07-28,"AA-AA-000-0000"
"18244","Site",0,114,0,0,NA,"Analysis_srs0001",2026-07-28,"AA-AA-000-0000"
"18260","Site",1,114,0.87719298245614,0.87719298245614,NA,"Analysis_srs0001",2026-07-28,"AA-AA-000-0000"
"18548","Site",9,114,7.89473684210526,7.89473684210526,NA,"Analysis_srs0001",2026-07-28,"AA-AA-000-0000"
"18549","Site",0,114,0,0,NA,"Analysis_srs0001",2026-07-28,"AA-AA-000-0000"
"18777","Site",0,114,0,0,NA,"Analysis_srs0001",2026-07-28,"AA-AA-000-0000"
"18806","Site",0,114,0,0,NA,"Analysis_srs0001",2026-07-28,"AA-AA-000-0000"
"20531","Site",0,114,0,0,NA,"Analysis_srs0001",2026-07-28,"AA-AA-000-0000"
"20578","Site",0,114,0,0,NA,"Analysis_srs0001",2026-07-28,"AA-AA-000-0000"
"21015","Site",0,114,0,0,NA,"Analysis_srs0001",2026-07-28,"AA-AA-000-0000"
"21129","Site",8,114,7.01754385964912,7.01754385964912,NA,"Analysis_srs0001",2026-07-28,"AA-AA-000-0000"
"21380","Site",0,114,0,0,NA,"Analysis_srs0001",2026-07-28,"AA-AA-000-0000"
"21541","Site",16,114,14.0350877192982,14.0350877192982,NA,"Analysis_srs0001",2026-07-28,"AA-AA-000-0000"
"22033","Site",16,114,14.0350877192982,14.0350877192982,NA,"Analysis_srs0001",2026-07-28,"AA-AA-000-0000"
"22677","Site",0,114,0,0,NA,"Analysis_srs0001",2026-07-28,"AA-AA-000-0000"
"24680","Site",0,114,0,0,NA,"Analysis_srs0001",2026-07-28,"AA-AA-000-0000"
"24867","Site",0,114,0,0,NA,"Analysis_srs0001",2026-07-28,"AA-AA-000-0000"
"24917","Site",0,114,0,0,NA,"Analysis_srs0001",2026-07-28,"AA-AA-000-0000"
"24964","Site",0,114,0,0,NA,"Analysis_srs0001",2026-07-28,"AA-AA-000-0000"
"25476","Site",1,114,0.87719298245614,0.87719298245614,NA,"Analysis_srs0001",2026-07-28,"AA-AA-000-0000"
"25605","Site",0,114,0,0,NA,"Analysis_srs0001",2026-07-28,"AA-AA-000-0000"
"25616","Site",0,114,0,0,NA,"Analysis_srs0001",2026-07-28,"AA-AA-000-0000"
"25664","Site",0,114,0,0,NA,"Analysis_srs0001",2026-07-28,"AA-AA-000-0000"
"25970","Site",0,114,0,0,NA,"Analysis_srs0001",2026-07-28,"AA-AA-000-0000"
"26115","Site",0,114,0,0,NA,"Analysis_srs0001",2026-07-28,"AA-AA-000-0000"
"26674","Site",0,114,0,0,NA,"Analysis_srs0001",2026-07-28,"AA-AA-000-0000"
"26880","Site",1,114,0.87719298245614,0.87719298245614,NA,"Analysis_srs0001",2026-07-28,"AA-AA-000-0000"
"27025","Site",0,114,0,0,NA,"Analysis_srs0001",2026-07-28,"AA-AA-000-0000"
"28676","Site",0,114,0,0,NA,"Analysis_srs0001",2026-07-28,"AA-AA-000-0000"
"28689","Site",1,114,0.87719298245614,0.87719298245614,NA,"Analysis_srs0001",2026-07-28,"AA-AA-000-0000"
"28822","Site",0,114,0,0,NA,"Analysis_srs0001",2026-07-28,"AA-AA-000-0000"
"29060","Site",0,114,0,0,NA,"Analysis_srs0001",2026-07-28,"AA-AA-000-0000"
"29192","Site",8,114,7.01754385964912,7.01754385964912,NA,"Analysis_srs0001",2026-07-28,"AA-AA-000-0000"
"29254","Site",0,114,0,0,NA,"Analysis_srs0001",2026-07-28,"AA-AA-000-0000"
"30019","Site",0,114,0,0,NA,"Analysis_srs0001",2026-07-28,"AA-AA-000-0000"
"30212","Site",1,114,0.87719298245614,0.87719298245614,NA,"Analysis_srs0001",2026-07-28,"AA-AA-000-0000"
"30729","Site",0,114,0,0,NA,"Analysis_srs0001",2026-07-28,"AA-AA-000-0000"
"30776","Site",33,114,28.9473684210526,28.9473684210526,NA,"Analysis_srs0001",2026-07-28,"AA-AA-000-0000"
"30816","Site",0,114,0,0,NA,"Analysis_srs0001",2026-07-28,"AA-AA-000-0000"
"31107","Site",0,114,0,0,NA,"Analysis_srs0001",2026-07-28,"AA-AA-000-0000"
"32900","Site",0,114,0,0,NA,"Analysis_srs0001",2026-07-28,"AA-AA-000-0000"
"32913","Site",1,114,0.87719298245614,0.87719298245614,NA,"Analysis_srs0001",2026-07-28,"AA-AA-000-0000"
"33296","Site",17,114,14.9122807017544,14.9122807017544,NA,"Analysis_srs0001",2026-07-28,"AA-AA-000-0000"
"33617","Site",24,114,21.0526315789474,21.0526315789474,NA,"Analysis_srs0001",2026-07-28,"AA-AA-000-0000"
"33620","Site",0,114,0,0,NA,"Analysis_srs0001",2026-07-28,"AA-AA-000-0000"
"33633","Site",0,114,0,0,NA,"Analysis_srs0001",2026-07-28,"AA-AA-000-0000"
"33824","Site",0,114,0,0,NA,"Analysis_srs0001",2026-07-28,"AA-AA-000-0000"
"34071","Site",2,114,1.75438596491228,1.75438596491228,NA,"Analysis_srs0001",2026-07-28,"AA-AA-000-0000"
"34326","Site",0,114,0,0,NA,"Analysis_srs0001",2026-07-28,"AA-AA-000-0000"
"34341","Site",0,114,0,0,NA,"Analysis_srs0001",2026-07-28,"AA-AA-000-0000"
"34343","Site",0,114,0,0,NA,"Analysis_srs0001",2026-07-28,"AA-AA-000-0000"
"34355","Site",0,114,0,0,NA,"Analysis_srs0001",2026-07-28,"AA-AA-000-0000"
"34660","Site",1,114,0.87719298245614,0.87719298245614,NA,"Analysis_srs0001",2026-07-28,"AA-AA-000-0000"
"34664","Site",0,114,0,0,NA,"Analysis_srs0001",2026-07-28,"AA-AA-000-0000"
"34694","Site",0,114,0,0,NA,"Analysis_srs0001",2026-07-28,"AA-AA-000-0000"
"34696","Site",0,114,0,0,NA,"Analysis_srs0001",2026-07-28,"AA-AA-000-0000"
"34713","Site",0,114,0,0,NA,"Analysis_srs0001",2026-07-28,"AA-AA-000-0000"
"34869","Site",0,114,0,0,NA,"Analysis_srs0001",2026-07-28,"AA-AA-000-0000"
"34903","Site",0,114,0,0,NA,"Analysis_srs0001",2026-07-28,"AA-AA-000-0000"
"35223","Site",0,114,0,0,NA,"Analysis_srs0001",2026-07-28,"AA-AA-000-0000"
"36994","Site",8,114,7.01754385964912,7.01754385964912,NA,"Analysis_srs0001",2026-07-28,"AA-AA-000-0000"
"37186","Site",0,114,0,0,NA,"Analysis_srs0001",2026-07-28,"AA-AA-000-0000"
"37191","Site",0,114,0,0,NA,"Analysis_srs0001",2026-07-28,"AA-AA-000-0000"
"37702","Site",17,114,14.9122807017544,14.9122807017544,NA,"Analysis_srs0001",2026-07-28,"AA-AA-000-0000"
"37728","Site",0,114,0,0,NA,"Analysis_srs0001",2026-07-28,"AA-AA-000-0000"
"37781","Site",0,114,0,0,NA,"Analysis_srs0001",2026-07-28,"AA-AA-000-0000"
"37908","Site",0,114,0,0,NA,"Analysis_srs0001",2026-07-28,"AA-AA-000-0000"
"37912","Site",0,114,0,0,NA,"Analysis_srs0001",2026-07-28,"AA-AA-000-0000"
"38166","Site",4,114,3.50877192982456,3.50877192982456,NA,"Analysis_srs0001",2026-07-28,"AA-AA-000-0000"
"38272","Site",0,114,0,0,NA,"Analysis_srs0001",2026-07-28,"AA-AA-000-0000"
"38404","Site",0,114,0,0,NA,"Analysis_srs0001",2026-07-28,"AA-AA-000-0000"
"38497","Site",1,114,0.87719298245614,0.87719298245614,NA,"Analysis_srs0001",2026-07-28,"AA-AA-000-0000"
"38711","Site",8,114,7.01754385964912,7.01754385964912,NA,"Analysis_srs0001",2026-07-28,"AA-AA-000-0000"
"39000","Site",0,114,0,0,NA,"Analysis_srs0001",2026-07-28,"AA-AA-000-0000"
"39044","Site",0,114,0,0,NA,"Analysis_srs0001",2026-07-28,"AA-AA-000-0000"
"39048","Site",0,114,0,0,NA,"Analysis_srs0001",2026-07-28,"AA-AA-000-0000"
