"GroupID","GroupLevel","Numerator","Denominator","Metric","Score","Flag","MetricID","SnapshotDate","StudyID"
"Japan","Country",683,7381,0.0925348868716976,1.43119577812309,0,"Analysis_cou0001",2026-07-28,"AA-AA-000-0000"
"US","Country",919,10683,0.0860245249461762,-0.421533882484598,0,"Analysis_cou0001",2026-07-28,"AA-AA-000-0000"
"UK","Country",686,8143,0.0842441360677883,-0.879765781671524,0,"Analysis_cou0001",2026-07-28,"AA-AA-000-0000"
"Japan","Country",339,7381,0.0459287359436391,1.46312182588289,0,"Analysis_cou0002",2026-07-28,"AA-AA-000-0000"
"UK","Country",354,8143,0.0434729215276925,-0.496061017944002,0,"Analysis_cou0002",2026-07-28,"AA-AA-000-0000"
"US","Country",462,10683,0.0432462791350744,-0.783069594034576,0,"Analysis_cou0002",2026-07-28,"AA-AA-000-0000"
"Japan","Country",338,7381,0.0457932529467552,1.30949116699875,0,"Analysis_cou0003",2026-07-28,"AA-AA-000-0000"
"UK","Country",357,8143,0.0438413361169102,0.0505036905380381,0,"Analysis_cou0003",2026-07-28,"AA-AA-000-0000"
"US","Country",452,10683,0.0423102124871291,-1.13255563253833,0,"Analysis_cou0003",2026-07-28,"AA-AA-000-0000"
"Japan","Country",346,7381,0.0468771169218263,1.31207885841325,0,"Analysis_cou0004",2026-07-28,"AA-AA-000-0000"
"US","Country",474,10683,0.0443695591126088,-0.107964733004984,0,"Analysis_cou0004",2026-07-28,"AA-AA-000-0000"
"UK","Country",347,8143,0.0426132874861845,-1.12551885178888,0,"Analysis_cou0004",2026-07-28,"AA-AA-000-0000"
"UK","Country",1117,75946,0.0147078187132963,0.820443336193654,0,"Analysis_cou0005",2026-07-28,"AA-AA-000-0000"
"US","Country",1386,95273,0.0145476682795755,0.476128472253546,0,"Analysis_cou0005",2026-07-28,"AA-AA-000-0000"
"Japan","Country",911,66269,0.0137470008601307,-1.44919785053834,0,"Analysis_cou0005",2026-07-28,"AA-AA-000-0000"
"Japan","Country",7,215,0.0325581395348837,1.39131077538066,0,"Analysis_cou0006",2026-07-28,"AA-AA-000-0000"
"US","Country",5,316,0.0158227848101266,-0.310007675785443,0,"Analysis_cou0006",2026-07-28,"AA-AA-000-0000"
"UK","Country",2,229,0.00873362445414847,NA,NA,"Analysis_cou0006",2026-07-28,"AA-AA-000-0000"
"UK","Country",8,229,0.0349344978165939,1.33354092181921,0,"Analysis_cou0007",2026-07-28,"AA-AA-000-0000"
"US","Country",5,316,0.0158227848101266,-0.246478120130186,0,"Analysis_cou0007",2026-07-28,"AA-AA-000-0000"
"Japan","Country",1,215,0.00465116279069767,NA,NA,"Analysis_cou0007",2026-07-28,"AA-AA-000-0000"
"UK","Country",42582,178000,0.239224719101124,1.25994759003635,0,"Analysis_cou0008",2026-07-28,"AA-AA-000-0000"
"Japan","Country",37036,161000,0.230037267080745,0.102673942897849,0,"Analysis_cou0008",2026-07-28,"AA-AA-000-0000"
"US","Country",51700,234000,0.220940170940171,-1.18405664214657,0,"Analysis_cou0008",2026-07-28,"AA-AA-000-0000"
"Japan","Country",33968,37036,0.917161680527055,1.3657815865581,0,"Analysis_cou0009",2026-07-28,"AA-AA-000-0000"
"US","Country",47388,51700,0.916595744680851,-0.20784356810525,0,"Analysis_cou0009",2026-07-28,"AA-AA-000-0000"
"UK","Country",39018,42582,0.916302663097083,-1.04472087612726,0,"Analysis_cou0009",2026-07-28,"AA-AA-000-0000"
"Japan","Country",7480,148144,0.0504914137595853,1.41129927605381,0,"Analysis_cou0010",2026-07-28,"AA-AA-000-0000"
"US","Country",10385,206800,0.0502176015473888,-0.335645884996491,0,"Analysis_cou0010",2026-07-28,"AA-AA-000-0000"
"UK","Country",8537,170328,0.0501209431215067,-0.946348875042867,0,"Analysis_cou0010",2026-07-28,"AA-AA-000-0000"
"US","Country",61068,234000,0.260974358974359,1.33188956290607,0,"Analysis_cou0011",2026-07-28,"AA-AA-000-0000"
"UK","Country",46416,178000,0.26076404494382,-0.774378117952435,0,"Analysis_cou0011",2026-07-28,"AA-AA-000-0000"
"Japan","Country",41982,161000,0.260757763975155,-0.791459868002364,0,"Analysis_cou0011",2026-07-28,"AA-AA-000-0000"
"Japan","Country",74,289,0.256055363321799,1.44733578389918,0,"Analysis_cou0012",2026-07-28,"AA-AA-000-0000"
"US","Country",97,413,0.234866828087167,-0.553173129050486,0,"Analysis_cou0012",2026-07-28,"AA-AA-000-0000"
"UK","Country",69,298,0.231543624161074,-0.774092124970563,0,"Analysis_cou0012",2026-07-28,"AA-AA-000-0000"
"5960","Site",26,125,0.208,3.21709453324162,2,"Analysis_kri0001",2026-07-28,"AA-AA-000-0000"
"30776","Site",8,32,0.25,2.19416183567484,1,"Analysis_kri0001",2026-07-28,"AA-AA-000-0000"
"2392","Site",32,497,0.0643863179074447,-1.21810726974169,-1,"Analysis_kri0001",2026-07-28,"AA-AA-000-0000"
"33617","Site",28,440,0.0636363636363636,-1.18363370819263,-1,"Analysis_kri0001",2026-07-28,"AA-AA-000-0000"
"37702","Site",35,570,0.0614035087719298,-1.4742803406337,-1,"Analysis_kri0001",2026-07-28,"AA-AA-000-0000"
"12417","Site",26,435,0.0597701149425287,-1.36913368437304,-1,"Analysis_kri0001",2026-07-28,"AA-AA-000-0000"
"34660","Site",8,162,0.0493827160493827,-1.15072170280351,-1,"Analysis_kri0001",2026-07-28,"AA-AA-000-0000"
"34664","Site",5,107,0.0467289719626168,-1.00064445433917,-1,"Analysis_kri0001",2026-07-28,"AA-AA-000-0000"
"9075","Site",7,155,0.0451612903225806,-1.25088393524231,-1,"Analysis_kri0001",2026-07-28,"AA-AA-000-0000"
"22033","Site",5,126,0.0396825396825397,-1.27442887317737,-1,"Analysis_kri0001",2026-07-28,"AA-AA-000-0000"
"21541","Site",2,61,0.0327868852459016,-1.01513626277971,-1,"Analysis_kri0001",2026-07-28,"AA-AA-000-0000"
"18033","Site",1,43,0.0232558139534884,-1.00130534479005,-1,"Analysis_kri0001",2026-07-28,"AA-AA-000-0000"
"5444","Site",1,79,0.0126582278481013,-1.581770051356,-1,"Analysis_kri0001",2026-07-28,"AA-AA-000-0000"
"10388","Site",8,39,0.205128205128205,1.75421443498898,0,"Analysis_kri0001",2026-07-28,"AA-AA-000-0000"
"35223","Site",10,49,0.204081632653061,1.94882810798688,0,"Analysis_kri0001",2026-07-28,"AA-AA-000-0000"
"37781","Site",7,35,0.2,1.58949156654452,0,"Analysis_kri0001",2026-07-28,"AA-AA-000-0000"
"38166","Site",8,42,0.19047619047619,1.59405269519379,0,"Analysis_kri0001",2026-07-28,"AA-AA-000-0000"
"24964","Site",11,59,0.186440677966102,1.81541361281508,0,"Analysis_kri0001",2026-07-28,"AA-AA-000-0000"
"10531","Site",5,30,0.166666666666667,1.03631335980103,0,"Analysis_kri0001",2026-07-28,"AA-AA-000-0000"
"14393","Site",12,72,0.166666666666667,1.60544975358466,0,"Analysis_kri0001",2026-07-28,"AA-AA-000-0000"
"6452","Site",11,67,0.164179104477612,1.50015859710328,0,"Analysis_kri0001",2026-07-28,"AA-AA-000-0000"
"14449","Site",6,40,0.15,0.945328411569767,0,"Analysis_kri0001",2026-07-28,"AA-AA-000-0000"
"16498","Site",21,149,0.140939597315436,1.56083883508408,0,"Analysis_kri0001",2026-07-28,"AA-AA-000-0000"
"25970","Site",10,71,0.140845070422535,1.0755435923085,0,"Analysis_kri0001",2026-07-28,"AA-AA-000-0000"
"37191","Site",6,45,0.133333333333333,0.73612491823697,0,"Analysis_kri0001",2026-07-28,"AA-AA-000-0000"
"4659","Site",14,106,0.132075471698113,1.09891635500948,0,"Analysis_kri0001",2026-07-28,"AA-AA-000-0000"
"32900","Site",5,38,0.131578947368421,0.650668954824971,0,"Analysis_kri0001",2026-07-28,"AA-AA-000-0000"
"8560","Site",50,396,0.126262626262626,1.84824794511259,0,"Analysis_kri0001",2026-07-28,"AA-AA-000-0000"
"13081","Site",17,138,0.123188405797101,1.0049707684399,0,"Analysis_kri0001",2026-07-28,"AA-AA-000-0000"
"18548","Site",21,171,0.12280701754386,1.10680555461235,0,"Analysis_kri0001",2026-07-28,"AA-AA-000-0000"
"17172","Site",28,228,0.12280701754386,1.27802896979203,0,"Analysis_kri0001",2026-07-28,"AA-AA-000-0000"
"12432","Site",25,212,0.117924528301887,1.06288634086085,0,"Analysis_kri0001",2026-07-28,"AA-AA-000-0000"
"384","Site",29,253,0.114624505928854,1.03598541318393,0,"Analysis_kri0001",2026-07-28,"AA-AA-000-0000"
"30212","Site",12,105,0.114285714285714,0.65912631048251,0,"Analysis_kri0001",2026-07-28,"AA-AA-000-0000"
"37912","Site",5,45,0.111111111111111,0.380728548681016,0,"Analysis_kri0001",2026-07-28,"AA-AA-000-0000"
"38404","Site",14,127,0.110236220472441,0.616098025897765,0,"Analysis_kri0001",2026-07-28,"AA-AA-000-0000"
"13333","Site",13,118,0.110169491525424,0.592138559362779,0,"Analysis_kri0001",2026-07-28,"AA-AA-000-0000"
"34694","Site",38,345,0.110144927536232,1.01140492079005,0,"Analysis_kri0001",2026-07-28,"AA-AA-000-0000"
"26115","Site",45,411,0.109489051094891,1.07221679741193,0,"Analysis_kri0001",2026-07-28,"AA-AA-000-0000"
"25476","Site",14,130,0.107692307692308,0.554182149782847,0,"Analysis_kri0001",2026-07-28,"AA-AA-000-0000"
"1028","Site",10,93,0.10752688172043,0.464926213936563,0,"Analysis_kri0001",2026-07-28,"AA-AA-000-0000"
"26674","Site",13,122,0.10655737704918,0.506973612831221,0,"Analysis_kri0001",2026-07-28,"AA-AA-000-0000"
"25605","Site",36,338,0.106508875739645,0.841721312367175,0,"Analysis_kri0001",2026-07-28,"AA-AA-000-0000"
"20531","Site",37,349,0.106017191977077,0.833409626705032,0,"Analysis_kri0001",2026-07-28,"AA-AA-000-0000"
"30729","Site",34,322,0.105590062111801,0.782249969126733,0,"Analysis_kri0001",2026-07-28,"AA-AA-000-0000"
"33824","Site",19,180,0.105555555555556,0.583758912584056,0,"Analysis_kri0001",2026-07-28,"AA-AA-000-0000"
"9522","Site",44,417,0.105515587529976,0.886570286994044,0,"Analysis_kri0001",2026-07-28,"AA-AA-000-0000"
"14648","Site",14,137,0.102189781021898,0.415359697407889,0,"Analysis_kri0001",2026-07-28,"AA-AA-000-0000"
"16992","Site",20,203,0.0985221674876847,0.381025131466532,0,"Analysis_kri0001",2026-07-28,"AA-AA-000-0000"
"12392","Site",10,102,0.0980392156862745,0.258459763959713,0,"Analysis_kri0001",2026-07-28,"AA-AA-000-0000"
"34903","Site",7,73,0.0958904109589041,0.174882310910065,0,"Analysis_kri0001",2026-07-28,"AA-AA-000-0000"
"21380","Site",38,399,0.0952380952380952,0.377792054416051,0,"Analysis_kri0001",2026-07-28,"AA-AA-000-0000"
"9044","Site",5,53,0.0943396226415094,0.122096443507797,0,"Analysis_kri0001",2026-07-28,"AA-AA-000-0000"
"30019","Site",3,32,0.09375,0.0869205857653367,0,"Analysis_kri0001",2026-07-28,"AA-AA-000-0000"
"29060","Site",15,161,0.093167701863354,0.177351973843801,0,"Analysis_kri0001",2026-07-28,"AA-AA-000-0000"
"17961","Site",32,344,0.0930232558139535,0.252853071030548,0,"Analysis_kri0001",2026-07-28,"AA-AA-000-0000"
"37186","Site",75,808,0.0928217821782178,0.373867035556166,0,"Analysis_kri0001",2026-07-28,"AA-AA-000-0000"
"37908","Site",18,194,0.0927835051546392,0.181923432481301,0,"Analysis_kri0001",2026-07-28,"AA-AA-000-0000"
"28822","Site",12,132,0.0909090909090909,0.0987215040364081,0,"Analysis_kri0001",2026-07-28,"AA-AA-000-0000"
"10497","Site",16,178,0.0898876404494382,0.0821498723582418,0,"Analysis_kri0001",2026-07-28,"AA-AA-000-0000"
"38711","Site",27,301,0.0897009966777409,0.0991068036283512,0,"Analysis_kri0001",2026-07-28,"AA-AA-000-0000"
"31107","Site",37,413,0.089588377723971,0.110633722213127,0,"Analysis_kri0001",2026-07-28,"AA-AA-000-0000"
"14601","Site",31,348,0.089080459770115,0.0789659072094672,0,"Analysis_kri0001",2026-07-28,"AA-AA-000-0000"
"34071","Site",28,316,0.0886075949367089,0.0552076589796775,0,"Analysis_kri0001",2026-07-28,"AA-AA-000-0000"
"8594","Site",64,725,0.0882758620689655,0.062327860876382,0,"Analysis_kri0001",2026-07-28,"AA-AA-000-0000"
"34341","Site",49,557,0.0879712746858169,0.037493264320747,0,"Analysis_kri0001",2026-07-28,"AA-AA-000-0000"
"29192","Site",8,91,0.0879120879120879,0.013808604819802,0,"Analysis_kri0001",2026-07-28,"AA-AA-000-0000"
"17541","Site",50,576,0.0868055555555556,-0.0285724069256158,0,"Analysis_kri0001",2026-07-28,"AA-AA-000-0000"
"1881","Site",24,277,0.0866425992779783,-0.0262800695193341,0,"Analysis_kri0001",2026-07-28,"AA-AA-000-0000"
"6022","Site",12,141,0.0851063829787234,-0.0622389552148269,0,"Analysis_kri0001",2026-07-28,"AA-AA-000-0000"
"17815","Site",4,47,0.0851063829787234,-0.0359336775473613,0,"Analysis_kri0001",2026-07-28,"AA-AA-000-0000"
"34696","Site",24,283,0.0848056537102474,-0.100236233304844,0,"Analysis_kri0001",2026-07-28,"AA-AA-000-0000"
"34355","Site",27,319,0.0846394984326019,-0.113495921155349,0,"Analysis_kri0001",2026-07-28,"AA-AA-000-0000"
"28689","Site",27,321,0.0841121495327103,-0.136376411407807,0,"Analysis_kri0001",2026-07-28,"AA-AA-000-0000"
"6416","Site",16,191,0.0837696335078534,-0.116482413685624,0,"Analysis_kri0001",2026-07-28,"AA-AA-000-0000"
"20578","Site",10,120,0.0833333333333333,-0.103722685022156,0,"Analysis_kri0001",2026-07-28,"AA-AA-000-0000"
"37728","Site",36,436,0.0825688073394495,-0.235767739053501,0,"Analysis_kri0001",2026-07-28,"AA-AA-000-0000"
"39044","Site",5,61,0.0819672131147541,-0.0993891012495041,0,"Analysis_kri0001",2026-07-28,"AA-AA-000-0000"
"34","Site",4,49,0.0816326530612245,-0.0946615981713309,0,"Analysis_kri0001",2026-07-28,"AA-AA-000-0000"
"27025","Site",4,49,0.0816326530612245,-0.0946615981713309,0,"Analysis_kri0001",2026-07-28,"AA-AA-000-0000"
"4354","Site",9,111,0.0810810810810811,-0.156328793102388,0,"Analysis_kri0001",2026-07-28,"AA-AA-000-0000"
"30816","Site",3,37,0.0810810810810811,-0.0902564707797532,0,"Analysis_kri0001",2026-07-28,"AA-AA-000-0000"
"16996","Site",19,240,0.0791666666666667,-0.300577170108195,0,"Analysis_kri0001",2026-07-28,"AA-AA-000-0000"
"257","Site",7,89,0.0786516853932584,-0.194622323088506,0,"Analysis_kri0001",2026-07-28,"AA-AA-000-0000"
"5927","Site",13,167,0.0778443113772455,-0.291471763556503,0,"Analysis_kri0001",2026-07-28,"AA-AA-000-0000"
"39000","Site",7,90,0.0777777777777778,-0.215478071638966,0,"Analysis_kri0001",2026-07-28,"AA-AA-000-0000"
"25616","Site",12,158,0.0759493670886076,-0.340295351498902,0,"Analysis_kri0001",2026-07-28,"AA-AA-000-0000"
"39048","Site",6,79,0.0759493670886076,-0.240625150651134,0,"Analysis_kri0001",2026-07-28,"AA-AA-000-0000"
"32913","Site",17,224,0.0758928571428571,-0.40719960907314,0,"Analysis_kri0001",2026-07-28,"AA-AA-000-0000"
"531","Site",53,699,0.0758226037195994,-0.723747841845829,0,"Analysis_kri0001",2026-07-28,"AA-AA-000-0000"
"38272","Site",21,277,0.075812274368231,-0.456014958387795,0,"Analysis_kri0001",2026-07-28,"AA-AA-000-0000"
"17187","Site",57,753,0.0756972111553785,-0.759387044125045,0,"Analysis_kri0001",2026-07-28,"AA-AA-000-0000"
"4695","Site",16,214,0.0747663551401869,-0.437294394835221,0,"Analysis_kri0001",2026-07-28,"AA-AA-000-0000"
"34713","Site",47,633,0.0742496050552923,-0.783084095207281,0,"Analysis_kri0001",2026-07-28,"AA-AA-000-0000"
"8995","Site",22,297,0.0740740740740741,-0.543606990090759,0,"Analysis_kri0001",2026-07-28,"AA-AA-000-0000"
"38497","Site",14,190,0.0736842105263158,-0.447605822587279,0,"Analysis_kri0001",2026-07-28,"AA-AA-000-0000"
"10371","Site",7,95,0.0736842105263158,-0.316505112450048,0,"Analysis_kri0001",2026-07-28,"AA-AA-000-0000"
"18777","Site",35,477,0.0733752620545073,-0.725301941270293,0,"Analysis_kri0001",2026-07-28,"AA-AA-000-0000"
"12937","Site",22,301,0.0730897009966777,-0.587971129467303,0,"Analysis_kri0001",2026-07-28,"AA-AA-000-0000"
"14729","Site",19,266,0.0714285714285714,-0.617320426568727,0,"Analysis_kri0001",2026-07-28,"AA-AA-000-0000"
"17808","Site",35,498,0.070281124497992,-0.905712312351602,0,"Analysis_kri0001",2026-07-28,"AA-AA-000-0000"
"22677","Site",27,385,0.0701298701298701,-0.803429138276456,0,"Analysis_kri0001",2026-07-28,"AA-AA-000-0000"
"33296","Site",15,215,0.0697674418604651,-0.613063669423996,0,"Analysis_kri0001",2026-07-28,"AA-AA-000-0000"
"5968","Site",19,277,0.0685920577617329,-0.742504884300103,0,"Analysis_kri0001",2026-07-28,"AA-AA-000-0000"
"28676","Site",20,292,0.0684931506849315,-0.766373149143661,0,"Analysis_kri0001",2026-07-28,"AA-AA-000-0000"
"33620","Site",13,194,0.0670103092783505,-0.673908296361496,0,"Analysis_kri0001",2026-07-28,"AA-AA-000-0000"
"10630","Site",17,255,0.0666666666666667,-0.785709930929048,0,"Analysis_kri0001",2026-07-28,"AA-AA-000-0000"
"18260","Site",2,30,0.0666666666666667,-0.2694962829735,0,"Analysis_kri0001",2026-07-28,"AA-AA-000-0000"
"26880","Site",21,324,0.0648148148148148,-0.965124204218663,0,"Analysis_kri0001",2026-07-28,"AA-AA-000-0000"
"534","Site",13,202,0.0643564356435644,-0.777586851928006,0,"Analysis_kri0001",2026-07-28,"AA-AA-000-0000"
"10624","Site",7,110,0.0636363636363636,-0.591816854096316,0,"Analysis_kri0001",2026-07-28,"AA-AA-000-0000"
"24917","Site",4,63,0.0634920634920635,-0.450610167595723,0,"Analysis_kri0001",2026-07-28,"AA-AA-000-0000"
"6530","Site",14,223,0.062780269058296,-0.873121101492197,0,"Analysis_kri0001",2026-07-28,"AA-AA-000-0000"
"34869","Site",9,144,0.0625,-0.709640339586088,0,"Analysis_kri0001",2026-07-28,"AA-AA-000-0000"
"13139","Site",7,113,0.0619469026548673,-0.64264885065444,0,"Analysis_kri0001",2026-07-28,"AA-AA-000-0000"
"14105","Site",8,135,0.0592592592592593,-0.776876137217537,0,"Analysis_kri0001",2026-07-28,"AA-AA-000-0000"
"12407","Site",3,52,0.0576923076923077,-0.509093573866421,0,"Analysis_kri0001",2026-07-28,"AA-AA-000-0000"
"14164","Site",6,116,0.0517241379310345,-0.913616028777477,0,"Analysis_kri0001",2026-07-28,"AA-AA-000-0000"
"17731","Site",2,52,0.0384615384615385,-0.839704781655228,0,"Analysis_kri0001",2026-07-28,"AA-AA-000-0000"
"16725","Site",1,35,0.0285714285714286,-0.828398060970434,0,"Analysis_kri0001",2026-07-28,"AA-AA-000-0000"
"21129","Site",1,36,0.0277777777777778,-0.851501695595387,0,"Analysis_kri0001",2026-07-28,"AA-AA-000-0000"
"24680","Site",6,11,0.545454545454545,NA,NA,"Analysis_kri0001",2026-07-28,"AA-AA-000-0000"
"25664","Site",1,2,0.5,NA,NA,"Analysis_kri0001",2026-07-28,"AA-AA-000-0000"
"21015","Site",2,4,0.5,NA,NA,"Analysis_kri0001",2026-07-28,"AA-AA-000-0000"
"17938","Site",3,6,0.5,NA,NA,"Analysis_kri0001",2026-07-28,"AA-AA-000-0000"
"30516","Site",5,10,0.5,NA,NA,"Analysis_kri0001",2026-07-28,"AA-AA-000-0000"
"8240","Site",2,5,0.4,NA,NA,"Analysis_kri0001",2026-07-28,"AA-AA-000-0000"
"18806","Site",2,6,0.333333333333333,NA,NA,"Analysis_kri0001",2026-07-28,"AA-AA-000-0000"
"6209","Site",6,23,0.260869565217391,NA,NA,"Analysis_kri0001",2026-07-28,"AA-AA-000-0000"
"18179","Site",4,17,0.235294117647059,NA,NA,"Analysis_kri0001",2026-07-28,"AA-AA-000-0000"
"24867","Site",4,19,0.210526315789474,NA,NA,"Analysis_kri0001",2026-07-28,"AA-AA-000-0000"
"36994","Site",4,20,0.2,NA,NA,"Analysis_kri0001",2026-07-28,"AA-AA-000-0000"
"18244","Site",1,6,0.166666666666667,NA,NA,"Analysis_kri0001",2026-07-28,"AA-AA-000-0000"
"17444","Site",4,24,0.166666666666667,NA,NA,"Analysis_kri0001",2026-07-28,"AA-AA-000-0000"
"38758","Site",3,21,0.142857142857143,NA,NA,"Analysis_kri0001",2026-07-28,"AA-AA-000-0000"
"34343","Site",2,15,0.133333333333333,NA,NA,"Analysis_kri0001",2026-07-28,"AA-AA-000-0000"
"30995","Site",3,24,0.125,NA,NA,"Analysis_kri0001",2026-07-28,"AA-AA-000-0000"
"18549","Site",3,28,0.107142857142857,NA,NA,"Analysis_kri0001",2026-07-28,"AA-AA-000-0000"
"16424","Site",2,24,0.0833333333333333,NA,NA,"Analysis_kri0001",2026-07-28,"AA-AA-000-0000"
"29254","Site",2,25,0.08,NA,NA,"Analysis_kri0001",2026-07-28,"AA-AA-000-0000"
"17013","Site",2,28,0.0714285714285714,NA,NA,"Analysis_kri0001",2026-07-28,"AA-AA-000-0000"
"33633","Site",1,14,0.0714285714285714,NA,NA,"Analysis_kri0001",2026-07-28,"AA-AA-000-0000"
"34326","Site",1,27,0.037037037037037,NA,NA,"Analysis_kri0001",2026-07-28,"AA-AA-000-0000"
"14169","Site",1,28,0.0357142857142857,NA,NA,"Analysis_kri0001",2026-07-28,"AA-AA-000-0000"
"6453","Site",0,26,0,NA,NA,"Analysis_kri0001",2026-07-28,"AA-AA-000-0000"
"4723","Site",0,21,0,NA,NA,"Analysis_kri0001",2026-07-28,"AA-AA-000-0000"
"20869","Site",0,10,0,NA,NA,"Analysis_kri0001",2026-07-28,"AA-AA-000-0000"
"8290","Site",0,4,0,NA,NA,"Analysis_kri0001",2026-07-28,"AA-AA-000-0000"
"38166","Site",6,42,0.142857142857143,2.52882115117667,1,"Analysis_kri0002",2026-07-28,"AA-AA-000-0000"
"10388","Site",5,39,0.128205128205128,2.0753962586446,1,"Analysis_kri0002",2026-07-28,"AA-AA-000-0000"
"5960","Site",12,125,0.096,2.29328309208935,1,"Analysis_kri0002",2026-07-28,"AA-AA-000-0000"
"16498","Site",13,149,0.087248322147651,2.0818024555596,1,"Analysis_kri0002",2026-07-28,"AA-AA-000-0000"
"531","Site",23,699,0.0329041487839771,-1.16632198423144,-1,"Analysis_kri0002",2026-07-28,"AA-AA-000-0000"
"17808","Site",15,498,0.0301204819277108,-1.2298294344868,-1,"Analysis_kri0002",2026-07-28,"AA-AA-000-0000"
"12417","Site",13,435,0.0298850574712644,-1.16880506035421,-1,"Analysis_kri0002",2026-07-28,"AA-AA-000-0000"
"17187","Site",22,753,0.0292164674634794,-1.61025290155667,-1,"Analysis_kri0002",2026-07-28,"AA-AA-000-0000"
"34355","Site",9,319,0.0282131661442006,-1.11885706507398,-1,"Analysis_kri0002",2026-07-28,"AA-AA-000-0000"
"26880","Site",9,324,0.0277777777777778,-1.15854795663009,-1,"Analysis_kri0002",2026-07-28,"AA-AA-000-0000"
"8995","Site",8,297,0.0269360269360269,-1.16652651955157,-1,"Analysis_kri0002",2026-07-28,"AA-AA-000-0000"
"2392","Site",13,497,0.0261569416498994,-1.57762517525091,-1,"Analysis_kri0002",2026-07-28,"AA-AA-000-0000"
"5968","Site",7,277,0.0252707581227437,-1.23604307442025,-1,"Analysis_kri0002",2026-07-28,"AA-AA-000-0000"
"25616","Site",3,158,0.0189873417721519,-1.24549730182024,-1,"Analysis_kri0002",2026-07-28,"AA-AA-000-0000"
"14105","Site",2,135,0.0148148148148148,-1.34278043289113,-1,"Analysis_kri0002",2026-07-28,"AA-AA-000-0000"
"9075","Site",2,155,0.0129032258064516,-1.5328193489497,-1,"Analysis_kri0002",2026-07-28,"AA-AA-000-0000"
"5444","Site",0,79,0,-1.54732276065314,-1,"Analysis_kri0002",2026-07-28,"AA-AA-000-0000"
"21129","Site",0,36,0,-1.04452447010298,-1,"Analysis_kri0002",2026-07-28,"AA-AA-000-0000"
"16725","Site",0,35,0,-1.02991501675484,-1,"Analysis_kri0002",2026-07-28,"AA-AA-000-0000"
"37781","Site",4,35,0.114285714285714,1.64080684784322,0,"Analysis_kri0002",2026-07-28,"AA-AA-000-0000"
"35223","Site",5,49,0.102040816326531,1.60285305204011,0,"Analysis_kri0002",2026-07-28,"AA-AA-000-0000"
"10531","Site",3,30,0.1,1.21001596168433,0,"Analysis_kri0002",2026-07-28,"AA-AA-000-0000"
"14449","Site",4,40,0.1,1.39720608240439,0,"Analysis_kri0002",2026-07-28,"AA-AA-000-0000"
"30776","Site",3,32,0.09375,1.11004372240172,0,"Analysis_kri0002",2026-07-28,"AA-AA-000-0000"
"13081","Site",12,138,0.0869565217391304,1.98994392162259,0,"Analysis_kri0002",2026-07-28,"AA-AA-000-0000"
"25970","Site",6,71,0.0845070422535211,1.34582217499789,0,"Analysis_kri0002",2026-07-28,"AA-AA-000-0000"
"18548","Site",14,171,0.0818713450292398,1.9524628914914,0,"Analysis_kri0002",2026-07-28,"AA-AA-000-0000"
"32900","Site",3,38,0.0789473684210526,0.849201736866839,0,"Analysis_kri0002",2026-07-28,"AA-AA-000-0000"
"6452","Site",5,67,0.0746268656716418,0.987910744880701,0,"Analysis_kri0002",2026-07-28,"AA-AA-000-0000"
"14393","Site",5,72,0.0694444444444444,0.850409147003709,0,"Analysis_kri0002",2026-07-28,"AA-AA-000-0000"
"29060","Site",11,161,0.0683229813664596,1.21546222582264,0,"Analysis_kri0002",2026-07-28,"AA-AA-000-0000"
"24964","Site",4,59,0.0677966101694915,0.719820521778148,0,"Analysis_kri0002",2026-07-28,"AA-AA-000-0000"
"5927","Site",11,167,0.0658682634730539,1.11260012098672,0,"Analysis_kri0002",2026-07-28,"AA-AA-000-0000"
"39044","Site",4,61,0.0655737704918033,0.663342624333671,0,"Analysis_kri0002",2026-07-28,"AA-AA-000-0000"
"17815","Site",3,47,0.0638297872340425,0.53503926127178,0,"Analysis_kri0002",2026-07-28,"AA-AA-000-0000"
"6022","Site",9,141,0.0638297872340425,0.926715184566842,0,"Analysis_kri0002",2026-07-28,"AA-AA-000-0000"
"34071","Site",20,316,0.0632911392405063,1.34950896260372,0,"Analysis_kri0002",2026-07-28,"AA-AA-000-0000"
"30019","Site",2,32,0.0625,0.411766776745545,0,"Analysis_kri0002",2026-07-28,"AA-AA-000-0000"
"25476","Site",8,130,0.0615384615384615,0.786637173765059,0,"Analysis_kri0002",2026-07-28,"AA-AA-000-0000"
"34694","Site",21,345,0.0608695652173913,1.23240527551066,0,"Analysis_kri0002",2026-07-28,"AA-AA-000-0000"
"9522","Site",25,417,0.0599520383693046,1.28090508483096,0,"Analysis_kri0002",2026-07-28,"AA-AA-000-0000"
"12937","Site",18,301,0.0598006644518272,1.0778849766823,0,"Analysis_kri0002",2026-07-28,"AA-AA-000-0000"
"37186","Site",48,808,0.0594059405940594,1.72169668060422,0,"Analysis_kri0002",2026-07-28,"AA-AA-000-0000"
"30212","Site",6,105,0.0571428571428571,0.529047844686927,0,"Analysis_kri0002",2026-07-28,"AA-AA-000-0000"
"17172","Site",13,228,0.0570175438596491,0.772118384296636,0,"Analysis_kri0002",2026-07-28,"AA-AA-000-0000"
"9044","Site",3,53,0.0566037735849057,0.360368173383349,0,"Analysis_kri0002",2026-07-28,"AA-AA-000-0000"
"4659","Site",6,106,0.0566037735849057,0.509637558246351,0,"Analysis_kri0002",2026-07-28,"AA-AA-000-0000"
"12432","Site",12,212,0.0566037735849057,0.720736346766698,0,"Analysis_kri0002",2026-07-28,"AA-AA-000-0000"
"10497","Site",10,178,0.0561797752808989,0.638072563732522,0,"Analysis_kri0002",2026-07-28,"AA-AA-000-0000"
"39000","Site",5,90,0.0555555555555556,0.430321424824575,0,"Analysis_kri0002",2026-07-28,"AA-AA-000-0000"
"384","Site",14,253,0.0553359683794466,0.707696224370685,0,"Analysis_kri0002",2026-07-28,"AA-AA-000-0000"
"16996","Site",13,240,0.0541666666666667,0.617720380911383,0,"Analysis_kri0002",2026-07-28,"AA-AA-000-0000"
"30816","Site",2,37,0.0540540540540541,0.239836353161422,0,"Analysis_kri0002",2026-07-28,"AA-AA-000-0000"
"26115","Site",22,411,0.0535279805352798,0.757218546158045,0,"Analysis_kri0002",2026-07-28,"AA-AA-000-0000"
"21380","Site",21,399,0.0526315789473684,0.675354310802782,0,"Analysis_kri0002",2026-07-28,"AA-AA-000-0000"
"14601","Site",18,348,0.0517241379310345,0.563850627630615,0,"Analysis_kri0002",2026-07-28,"AA-AA-000-0000"
"13333","Site",6,118,0.0508474576271186,0.29071662342919,0,"Analysis_kri0002",2026-07-28,"AA-AA-000-0000"
"8560","Site",20,396,0.0505050505050505,0.50565478241706,0,"Analysis_kri0002",2026-07-28,"AA-AA-000-0000"
"25605","Site",17,338,0.0502958579881657,0.451967439551725,0,"Analysis_kri0002",2026-07-28,"AA-AA-000-0000"
"26674","Site",6,122,0.0491803278688525,0.222866524225728,0,"Analysis_kri0002",2026-07-28,"AA-AA-000-0000"
"17541","Site",28,576,0.0486111111111111,0.430294844838718,0,"Analysis_kri0002",2026-07-28,"AA-AA-000-0000"
"34341","Site",26,557,0.0466786355475763,0.24298429526311,0,"Analysis_kri0002",2026-07-28,"AA-AA-000-0000"
"37908","Site",9,194,0.0463917525773196,0.127617084201184,0,"Analysis_kri0002",2026-07-28,"AA-AA-000-0000"
"31107","Site",19,413,0.0460048426150121,0.155142404050237,0,"Analysis_kri0002",2026-07-28,"AA-AA-000-0000"
"28822","Site",6,132,0.0454545454545455,0.0627347237926768,0,"Analysis_kri0002",2026-07-28,"AA-AA-000-0000"
"4354","Site",5,111,0.045045045045045,0.0404865089428194,0,"Analysis_kri0002",2026-07-28,"AA-AA-000-0000"
"257","Site",4,89,0.0449438202247191,0.0324808779327176,0,"Analysis_kri0002",2026-07-28,"AA-AA-000-0000"
"37191","Site",2,45,0.0444444444444444,0.00986378613543108,0,"Analysis_kri0002",2026-07-28,"AA-AA-000-0000"
"37912","Site",2,45,0.0444444444444444,0.00986378613543108,0,"Analysis_kri0002",2026-07-28,"AA-AA-000-0000"
"33824","Site",8,180,0.0444444444444444,0.0197275722708622,0,"Analysis_kri0002",2026-07-28,"AA-AA-000-0000"
"8594","Site",32,725,0.0441379310344828,0.00699163614899704,0,"Analysis_kri0002",2026-07-28,"AA-AA-000-0000"
"29192","Site",4,91,0.043956043956044,-0.00437667659906951,0,"Analysis_kri0002",2026-07-28,"AA-AA-000-0000"
"30729","Site",14,322,0.0434782608695652,-0.0420986830765847,0,"Analysis_kri0002",2026-07-28,"AA-AA-000-0000"
"38272","Site",12,277,0.0433212996389892,-0.0493652887377811,0,"Analysis_kri0002",2026-07-28,"AA-AA-000-0000"
"1028","Site",4,93,0.043010752688172,-0.0404334071016562,0,"Analysis_kri0002",2026-07-28,"AA-AA-000-0000"
"20531","Site",15,349,0.0429799426934097,-0.0806005784797943,0,"Analysis_kri0002",2026-07-28,"AA-AA-000-0000"
"34869","Site",6,144,0.0416666666666667,-0.114023486527115,0,"Analysis_kri0002",2026-07-28,"AA-AA-000-0000"
"14729","Site",11,266,0.0413533834586466,-0.175154995595512,0,"Analysis_kri0002",2026-07-28,"AA-AA-000-0000"
"28676","Site",12,292,0.0410958904109589,-0.200896056796993,0,"Analysis_kri0002",2026-07-28,"AA-AA-000-0000"
"34903","Site",3,73,0.0410958904109589,-0.100448028398497,0,"Analysis_kri0002",2026-07-28,"AA-AA-000-0000"
"34","Site",2,49,0.0408163265306122,-0.0900259082560411,0,"Analysis_kri0002",2026-07-28,"AA-AA-000-0000"
"28689","Site",13,321,0.0404984423676012,-0.252917936942991,0,"Analysis_kri0002",2026-07-28,"AA-AA-000-0000"
"18777","Site",19,477,0.039832285115304,-0.365778733878438,0,"Analysis_kri0002",2026-07-28,"AA-AA-000-0000"
"534","Site",8,202,0.0396039603960396,-0.250850107688498,0,"Analysis_kri0002",2026-07-28,"AA-AA-000-0000"
"38404","Site",5,127,0.0393700787401575,-0.20931380157169,0,"Analysis_kri0002",2026-07-28,"AA-AA-000-0000"
"10630","Site",10,255,0.0392156862745098,-0.306335202987831,0,"Analysis_kri0002",2026-07-28,"AA-AA-000-0000"
"12392","Site",4,102,0.0392156862745098,-0.193743393786313,0,"Analysis_kri0002",2026-07-28,"AA-AA-000-0000"
"37728","Site",17,436,0.0389908256880734,-0.419108675669634,0,"Analysis_kri0002",2026-07-28,"AA-AA-000-0000"
"22677","Site",15,385,0.038961038961039,-0.396143150072683,0,"Analysis_kri0002",2026-07-28,"AA-AA-000-0000"
"12407","Site",2,52,0.0384615384615385,-0.159815171772238,0,"Analysis_kri0002",2026-07-28,"AA-AA-000-0000"
"17731","Site",2,52,0.0384615384615385,-0.159815171772238,0,"Analysis_kri0002",2026-07-28,"AA-AA-000-0000"
"39048","Site",3,79,0.0379746835443038,-0.214076415480138,0,"Analysis_kri0002",2026-07-28,"AA-AA-000-0000"
"17961","Site",13,344,0.0377906976744186,-0.460198348019884,0,"Analysis_kri0002",2026-07-28,"AA-AA-000-0000"
"34664","Site",4,107,0.0373831775700935,-0.273310850501274,0,"Analysis_kri0002",2026-07-28,"AA-AA-000-0000"
"37702","Site",21,570,0.0368421052631579,-0.681842040739334,0,"Analysis_kri0002",2026-07-28,"AA-AA-000-0000"
"6416","Site",7,191,0.0366492146596859,-0.405226328410756,0,"Analysis_kri0002",2026-07-28,"AA-AA-000-0000"
"14648","Site",5,137,0.0364963503649635,-0.350262791457094,0,"Analysis_kri0002",2026-07-28,"AA-AA-000-0000"
"33617","Site",16,440,0.0363636363636364,-0.638707741955881,0,"Analysis_kri0002",2026-07-28,"AA-AA-000-0000"
"10624","Site",4,110,0.0363636363636364,-0.319353870977941,0,"Analysis_kri0002",2026-07-28,"AA-AA-000-0000"
"34713","Site",23,633,0.0363349131121643,-0.768940855511468,0,"Analysis_kri0002",2026-07-28,"AA-AA-000-0000"
"32913","Site",8,224,0.0357142857142857,-0.494110777249203,0,"Analysis_kri0002",2026-07-28,"AA-AA-000-0000"
"13139","Site",4,113,0.0353982300884956,-0.364216442469101,0,"Analysis_kri0002",2026-07-28,"AA-AA-000-0000"
"34696","Site",10,283,0.0353356890459364,-0.580542021027291,0,"Analysis_kri0002",2026-07-28,"AA-AA-000-0000"
"16992","Site",7,203,0.0344827586206897,-0.539689251961944,0,"Analysis_kri0002",2026-07-28,"AA-AA-000-0000"
"18260","Site",1,30,0.0333333333333333,-0.232338695151368,0,"Analysis_kri0002",2026-07-28,"AA-AA-000-0000"
"38711","Site",10,301,0.0332225913621262,-0.743532217273613,0,"Analysis_kri0002",2026-07-28,"AA-AA-000-0000"
"21541","Site",2,61,0.0327868852459016,-0.348161763174694,0,"Analysis_kri0002",2026-07-28,"AA-AA-000-0000"
"4695","Site",7,214,0.0327102803738318,-0.656539832652699,0,"Analysis_kri0002",2026-07-28,"AA-AA-000-0000"
"33296","Site",7,215,0.0325581395348837,-0.666883879234209,0,"Analysis_kri0002",2026-07-28,"AA-AA-000-0000"
"1881","Site",9,277,0.0324909747292419,-0.761371960147261,0,"Analysis_kri0002",2026-07-28,"AA-AA-000-0000"
"24917","Site",2,63,0.0317460317460317,-0.386456720067623,0,"Analysis_kri0002",2026-07-28,"AA-AA-000-0000"
"38497","Site",6,190,0.0315789473684211,-0.680228497767008,0,"Analysis_kri0002",2026-07-28,"AA-AA-000-0000"
"10371","Site",3,95,0.0315789473684211,-0.48099418352739,0,"Analysis_kri0002",2026-07-28,"AA-AA-000-0000"
"6530","Site",7,223,0.031390134529148,-0.748074627801832,0,"Analysis_kri0002",2026-07-28,"AA-AA-000-0000"
"33620","Site",6,194,0.0309278350515464,-0.72317429856667,0,"Analysis_kri0002",2026-07-28,"AA-AA-000-0000"
"14164","Site",3,116,0.0258620689655172,-0.774719746942258,0,"Analysis_kri0002",2026-07-28,"AA-AA-000-0000"
"20578","Site",3,120,0.025,-0.825266054511662,0,"Analysis_kri0002",2026-07-28,"AA-AA-000-0000"
"34660","Site",4,162,0.0246913580246914,-0.974389771053217,0,"Analysis_kri0002",2026-07-28,"AA-AA-000-0000"
"22033","Site",3,126,0.0238095238095238,-0.898430838495759,0,"Analysis_kri0002",2026-07-28,"AA-AA-000-0000"
"18033","Site",1,43,0.0232558139534884,-0.539190383858512,0,"Analysis_kri0002",2026-07-28,"AA-AA-000-0000"
"27025","Site",1,49,0.0204081632653061,-0.654318895021424,0,"Analysis_kri0002",2026-07-28,"AA-AA-000-0000"
"25664","Site",1,2,0.5,NA,NA,"Analysis_kri0002",2026-07-28,"AA-AA-000-0000"
"8240","Site",2,5,0.4,NA,NA,"Analysis_kri0002",2026-07-28,"AA-AA-000-0000"
"24680","Site",3,11,0.272727272727273,NA,NA,"Analysis_kri0002",2026-07-28,"AA-AA-000-0000"
"30516","Site",2,10,0.2,NA,NA,"Analysis_kri0002",2026-07-28,"AA-AA-000-0000"
"17938","Site",1,6,0.166666666666667,NA,NA,"Analysis_kri0002",2026-07-28,"AA-AA-000-0000"
"18244","Site",1,6,0.166666666666667,NA,NA,"Analysis_kri0002",2026-07-28,"AA-AA-000-0000"
"18806","Site",1,6,0.166666666666667,NA,NA,"Analysis_kri0002",2026-07-28,"AA-AA-000-0000"
"24867","Site",3,19,0.157894736842105,NA,NA,"Analysis_kri0002",2026-07-28,"AA-AA-000-0000"
"6209","Site",3,23,0.130434782608696,NA,NA,"Analysis_kri0002",2026-07-28,"AA-AA-000-0000"
"18179","Site",2,17,0.117647058823529,NA,NA,"Analysis_kri0002",2026-07-28,"AA-AA-000-0000"
"36994","Site",2,20,0.1,NA,NA,"Analysis_kri0002",2026-07-28,"AA-AA-000-0000"
"16424","Site",2,24,0.0833333333333333,NA,NA,"Analysis_kri0002",2026-07-28,"AA-AA-000-0000"
"17444","Site",2,24,0.0833333333333333,NA,NA,"Analysis_kri0002",2026-07-28,"AA-AA-000-0000"
"33633","Site",1,14,0.0714285714285714,NA,NA,"Analysis_kri0002",2026-07-28,"AA-AA-000-0000"
"17013","Site",2,28,0.0714285714285714,NA,NA,"Analysis_kri0002",2026-07-28,"AA-AA-000-0000"
"34343","Site",1,15,0.0666666666666667,NA,NA,"Analysis_kri0002",2026-07-28,"AA-AA-000-0000"
"38758","Site",1,21,0.0476190476190476,NA,NA,"Analysis_kri0002",2026-07-28,"AA-AA-000-0000"
"30995","Site",1,24,0.0416666666666667,NA,NA,"Analysis_kri0002",2026-07-28,"AA-AA-000-0000"
"18549","Site",1,28,0.0357142857142857,NA,NA,"Analysis_kri0002",2026-07-28,"AA-AA-000-0000"
"14169","Site",0,28,0,NA,NA,"Analysis_kri0002",2026-07-28,"AA-AA-000-0000"
"34326","Site",0,27,0,NA,NA,"Analysis_kri0002",2026-07-28,"AA-AA-000-0000"
"6453","Site",0,26,0,NA,NA,"Analysis_kri0002",2026-07-28,"AA-AA-000-0000"
"29254","Site",0,25,0,NA,NA,"Analysis_kri0002",2026-07-28,"AA-AA-000-0000"
"4723","Site",0,21,0,NA,NA,"Analysis_kri0002",2026-07-28,"AA-AA-000-0000"
"20869","Site",0,10,0,NA,NA,"Analysis_kri0002",2026-07-28,"AA-AA-000-0000"
"8290","Site",0,4,0,NA,NA,"Analysis_kri0002",2026-07-28,"AA-AA-000-0000"
"21015","Site",0,4,0,NA,NA,"Analysis_kri0002",2026-07-28,"AA-AA-000-0000"
"38711","Site",23,301,0.0764119601328904,2.14179555723718,1,"Analysis_kri0003",2026-07-28,"AA-AA-000-0000"
"10388","Site",4,39,0.102564102564103,1.38856576100274,0,"Analysis_kri0003",2026-07-28,"AA-AA-000-0000"
"35223","Site",5,49,0.102040816326531,1.54258721945282,0,"Analysis_kri0003",2026-07-28,"AA-AA-000-0000"
"38166","Site",4,42,0.0952380952380952,1.26143927692578,0,"Analysis_kri0003",2026-07-28,"AA-AA-000-0000"
"5960","Site",11,125,0.088,1.87016441729597,0,"Analysis_kri0003",2026-07-28,"AA-AA-000-0000"
"37781","Site",3,35,0.0857142857142857,0.938461175046486,0,"Analysis_kri0003",2026-07-28,"AA-AA-000-0000"
"30816","Site",3,37,0.0810810810810811,0.858325714213174,0,"Analysis_kri0003",2026-07-28,"AA-AA-000-0000"
"38404","Site",10,127,0.078740157480315,1.49044264136769,0,"Analysis_kri0003",2026-07-28,"AA-AA-000-0000"
"12407","Site",4,52,0.0769230769230769,0.904156105942311,0,"Analysis_kri0003",2026-07-28,"AA-AA-000-0000"
"8995","Site",21,297,0.0707070707070707,1.75572207272175,0,"Analysis_kri0003",2026-07-28,"AA-AA-000-0000"
"4659","Site",7,106,0.0660377358490566,0.867094718189063,0,"Analysis_kri0003",2026-07-28,"AA-AA-000-0000"
"17815","Site",3,47,0.0638297872340425,0.520138957183372,0,"Analysis_kri0003",2026-07-28,"AA-AA-000-0000"
"39048","Site",5,79,0.0632911392405063,0.656242976545427,0,"Analysis_kri0003",2026-07-28,"AA-AA-000-0000"
"4354","Site",7,111,0.0630630630630631,0.76879304088862,0,"Analysis_kri0003",2026-07-28,"AA-AA-000-0000"
"30776","Site",2,32,0.0625,0.400739001906414,0,"Analysis_kri0003",2026-07-28,"AA-AA-000-0000"
"10497","Site",11,178,0.0617977528089888,0.909710508542902,0,"Analysis_kri0003",2026-07-28,"AA-AA-000-0000"
"27025","Site",3,49,0.0612244897959184,0.462124763278988,0,"Analysis_kri0003",2026-07-28,"AA-AA-000-0000"
"17961","Site",21,344,0.061046511627907,1.21196507952823,0,"Analysis_kri0003",2026-07-28,"AA-AA-000-0000"
"16498","Site",9,149,0.0604026845637584,0.767915260638106,0,"Analysis_kri0003",2026-07-28,"AA-AA-000-0000"
"16992","Site",12,203,0.0591133004926108,0.82685879840116,0,"Analysis_kri0003",2026-07-28,"AA-AA-000-0000"
"12392","Site",6,102,0.0588235294117647,0.575048711588587,0,"Analysis_kri0003",2026-07-28,"AA-AA-000-0000"
"18548","Site",10,171,0.0584795321637427,0.727553941808845,0,"Analysis_kri0003",2026-07-28,"AA-AA-000-0000"
"32913","Site",13,224,0.0580357142857143,0.807585719046442,0,"Analysis_kri0003",2026-07-28,"AA-AA-000-0000"
"5968","Site",16,277,0.0577617328519856,0.88081421895674,0,"Analysis_kri0003",2026-07-28,"AA-AA-000-0000"
"17731","Site",3,52,0.0576923076923077,0.379739961545398,0,"Analysis_kri0003",2026-07-28,"AA-AA-000-0000"
"6022","Site",8,141,0.0567375886524823,0.58243736425003,0,"Analysis_kri0003",2026-07-28,"AA-AA-000-0000"
"21129","Site",2,36,0.0555555555555556,0.267480457075582,0,"Analysis_kri0003",2026-07-28,"AA-AA-000-0000"
"384","Site",14,253,0.0553359683794466,0.695881279936599,0,"Analysis_kri0003",2026-07-28,"AA-AA-000-0000"
"34341","Site",30,557,0.0538599640933573,0.900797050154679,0,"Analysis_kri0003",2026-07-28,"AA-AA-000-0000"
"25476","Site",7,130,0.0538461538461538,0.434586652728306,0,"Analysis_kri0003",2026-07-28,"AA-AA-000-0000"
"1028","Site",5,93,0.0537634408602151,0.36455875536166,0,"Analysis_kri0003",2026-07-28,"AA-AA-000-0000"
"34355","Site",17,319,0.0532915360501567,0.643309514054265,0,"Analysis_kri0003",2026-07-28,"AA-AA-000-0000"
"531","Site",37,699,0.0529327610872675,0.916406253327972,0,"Analysis_kri0003",2026-07-28,"AA-AA-000-0000"
"6416","Site",10,191,0.0523560209424084,0.448891604930875,0,"Analysis_kri0003",2026-07-28,"AA-AA-000-0000"
"17808","Site",26,498,0.0522088353413655,0.712414492997025,0,"Analysis_kri0003",2026-07-28,"AA-AA-000-0000"
"22677","Site",20,385,0.051948051948052,0.607044912040539,0,"Analysis_kri0003",2026-07-28,"AA-AA-000-0000"
"12432","Site",11,212,0.0518867924528302,0.44708921572158,0,"Analysis_kri0003",2026-07-28,"AA-AA-000-0000"
"20531","Site",18,349,0.0515759312320917,0.551678159409232,0,"Analysis_kri0003",2026-07-28,"AA-AA-000-0000"
"37702","Site",29,570,0.0508771929824561,0.641949203263224,0,"Analysis_kri0003",2026-07-28,"AA-AA-000-0000"
"31107","Site",21,413,0.0508474576271186,0.544149480924509,0,"Analysis_kri0003",2026-07-28,"AA-AA-000-0000"
"13081","Site",7,138,0.0507246376811594,0.309088815839183,0,"Analysis_kri0003",2026-07-28,"AA-AA-000-0000"
"34660","Site",8,162,0.0493827160493827,0.270299718040957,0,"Analysis_kri0003",2026-07-28,"AA-AA-000-0000"
"6530","Site",11,223,0.0493273542600897,0.314005959672384,0,"Analysis_kri0003",2026-07-28,"AA-AA-000-0000"
"8594","Site",35,725,0.0482758620689655,0.459113623426246,0,"Analysis_kri0003",2026-07-28,"AA-AA-000-0000"
"17172","Site",11,228,0.0482456140350877,0.255738039089835,0,"Analysis_kri0003",2026-07-28,"AA-AA-000-0000"
"8560","Site",19,396,0.047979797979798,0.317031861000631,0,"Analysis_kri0003",2026-07-28,"AA-AA-000-0000"
"5927","Site",8,167,0.0479041916167665,0.202184883590061,0,"Analysis_kri0003",2026-07-28,"AA-AA-000-0000"
"24917","Site",3,63,0.0476190476190476,0.115623804997774,0,"Analysis_kri0003",2026-07-28,"AA-AA-000-0000"
"34071","Site",15,316,0.0474683544303797,0.248822620850613,0,"Analysis_kri0003",2026-07-28,"AA-AA-000-0000"
"18033","Site",2,43,0.0465116279069767,0.0680622196941211,0,"Analysis_kri0003",2026-07-28,"AA-AA-000-0000"
"37908","Site",9,194,0.0463917525773196,0.138254135035131,0,"Analysis_kri0003",2026-07-28,"AA-AA-000-0000"
"26880","Site",15,324,0.0462962962962963,0.172171605125345,0,"Analysis_kri0003",2026-07-28,"AA-AA-000-0000"
"9522","Site",19,417,0.0455635491606715,0.138739835576868,0,"Analysis_kri0003",2026-07-28,"AA-AA-000-0000"
"28822","Site",6,132,0.0454545454545455,0.0733225467877246,0,"Analysis_kri0003",2026-07-28,"AA-AA-000-0000"
"14729","Site",12,266,0.0451127819548872,0.0830070589677074,0,"Analysis_kri0003",2026-07-28,"AA-AA-000-0000"
"37191","Site",2,45,0.0444444444444444,0.0171870341037332,0,"Analysis_kri0003",2026-07-28,"AA-AA-000-0000"
"37912","Site",2,45,0.0444444444444444,0.0171870341037332,0,"Analysis_kri0003",2026-07-28,"AA-AA-000-0000"
"33824","Site",8,180,0.0444444444444444,0.0343740682074664,0,"Analysis_kri0003",2026-07-28,"AA-AA-000-0000"
"29192","Site",4,91,0.043956043956044,0.00682207142490073,0,"Analysis_kri0003",2026-07-28,"AA-AA-000-0000"
"28689","Site",14,321,0.043613707165109,-0.0103815169518892,0,"Analysis_kri0003",2026-07-28,"AA-AA-000-0000"
"29060","Site",7,161,0.0434782608695652,-0.0138514349430637,0,"Analysis_kri0003",2026-07-28,"AA-AA-000-0000"
"17541","Site",25,576,0.0434027777777778,-0.033050262375123,0,"Analysis_kri0003",2026-07-28,"AA-AA-000-0000"
"14164","Site",5,116,0.0431034482758621,-0.0270232338756488,0,"Analysis_kri0003",2026-07-28,"AA-AA-000-0000"
"34696","Site",12,283,0.0424028268551237,-0.0867798606748611,0,"Analysis_kri0003",2026-07-28,"AA-AA-000-0000"
"13333","Site",5,118,0.0423728813559322,-0.0572660773452268,0,"Analysis_kri0003",2026-07-28,"AA-AA-000-0000"
"38497","Site",8,190,0.0421052631578947,-0.0866162011588695,0,"Analysis_kri0003",2026-07-28,"AA-AA-000-0000"
"16996","Site",10,240,0.0416666666666667,-0.123043198783138,0,"Analysis_kri0003",2026-07-28,"AA-AA-000-0000"
"34869","Site",6,144,0.0416666666666667,-0.0953088519502365,0,"Analysis_kri0003",2026-07-28,"AA-AA-000-0000"
"14393","Site",3,72,0.0416666666666667,-0.0673935355211169,0,"Analysis_kri0003",2026-07-28,"AA-AA-000-0000"
"12417","Site",18,435,0.0413793103448276,-0.188316317677157,0,"Analysis_kri0003",2026-07-28,"AA-AA-000-0000"
"34","Site",2,49,0.0408163265306122,-0.0781064648079261,0,"Analysis_kri0003",2026-07-28,"AA-AA-000-0000"
"1881","Site",11,277,0.0397111913357401,-0.255262983025644,0,"Analysis_kri0003",2026-07-28,"AA-AA-000-0000"
"38272","Site",11,277,0.0397111913357401,-0.255262983025644,0,"Analysis_kri0003",2026-07-28,"AA-AA-000-0000"
"17187","Site",29,753,0.0385126162018592,-0.545244666176804,0,"Analysis_kri0003",2026-07-28,"AA-AA-000-0000"
"25605","Site",13,338,0.0384615384615385,-0.368853339755999,0,"Analysis_kri0003",2026-07-28,"AA-AA-000-0000"
"30212","Site",4,105,0.0380952380952381,-0.219778496035529,0,"Analysis_kri0003",2026-07-28,"AA-AA-000-0000"
"34713","Site",24,633,0.037914691943128,-0.55680323451947,0,"Analysis_kri0003",2026-07-28,"AA-AA-000-0000"
"9044","Site",2,53,0.0377358490566038,-0.166039339440945,0,"Analysis_kri0003",2026-07-28,"AA-AA-000-0000"
"21380","Site",15,399,0.037593984962406,-0.466290705469226,0,"Analysis_kri0003",2026-07-28,"AA-AA-000-0000"
"37186","Site",30,808,0.0371287128712871,-0.713567435826288,0,"Analysis_kri0003",2026-07-28,"AA-AA-000-0000"
"37728","Site",16,436,0.036697247706422,-0.558240087917677,0,"Analysis_kri0003",2026-07-28,"AA-AA-000-0000"
"14648","Site",5,137,0.0364963503649635,-0.321815674708562,0,"Analysis_kri0003",2026-07-28,"AA-AA-000-0000"
"33617","Site",16,440,0.0363636363636364,-0.58725832890109,0,"Analysis_kri0003",2026-07-28,"AA-AA-000-0000"
"10630","Site",9,255,0.0352941176470588,-0.511653007806708,0,"Analysis_kri0003",2026-07-28,"AA-AA-000-0000"
"534","Site",7,202,0.0346534653465347,-0.489820595897148,0,"Analysis_kri0003",2026-07-28,"AA-AA-000-0000"
"14601","Site",12,348,0.0344827586206897,-0.654953718967377,0,"Analysis_kri0003",2026-07-28,"AA-AA-000-0000"
"2392","Site",17,497,0.03420523138833,-0.806104013239267,0,"Analysis_kri0003",2026-07-28,"AA-AA-000-0000"
"257","Site",3,89,0.0337078651685393,-0.358864454342034,0,"Analysis_kri0003",2026-07-28,"AA-AA-000-0000"
"10531","Site",1,30,0.0333333333333333,-0.216108824222841,0,"Analysis_kri0003",2026-07-28,"AA-AA-000-0000"
"21541","Site",2,61,0.0327868852459016,-0.32429992753284,0,"Analysis_kri0003",2026-07-28,"AA-AA-000-0000"
"39044","Site",2,61,0.0327868852459016,-0.32429992753284,0,"Analysis_kri0003",2026-07-28,"AA-AA-000-0000"
"33296","Site",7,215,0.0325581395348837,-0.621520993141382,0,"Analysis_kri0003",2026-07-28,"AA-AA-000-0000"
"9075","Site",5,155,0.032258064516129,-0.541846387701065,0,"Analysis_kri0003",2026-07-28,"AA-AA-000-0000"
"26115","Site",13,411,0.0316301703163017,-0.930468077725195,0,"Analysis_kri0003",2026-07-28,"AA-AA-000-0000"
"10371","Site",3,95,0.0315789473684211,-0.44923278479634,0,"Analysis_kri0003",2026-07-28,"AA-AA-000-0000"
"12937","Site",9,301,0.0299003322259136,-0.909768654258922,0,"Analysis_kri0003",2026-07-28,"AA-AA-000-0000"
"14105","Site",4,135,0.0296296296296296,-0.621170999095253,0,"Analysis_kri0003",2026-07-28,"AA-AA-000-0000"
"18777","Site",14,477,0.0293501048218029,-1.19071170241481,0,"Analysis_kri0003",2026-07-28,"AA-AA-000-0000"
"34694","Site",10,345,0.0289855072463768,-1.03825393100735,0,"Analysis_kri0003",2026-07-28,"AA-AA-000-0000"
"16725","Site",1,35,0.0285714285714286,-0.339959243627142,0,"Analysis_kri0003",2026-07-28,"AA-AA-000-0000"
"4695","Site",6,214,0.0280373831775701,-0.870163557768147,0,"Analysis_kri0003",2026-07-28,"AA-AA-000-0000"
"30729","Site",9,322,0.0279503105590062,-1.07329571323463,0,"Analysis_kri0003",2026-07-28,"AA-AA-000-0000"
"34903","Site",2,73,0.0273972602739726,-0.528906785257549,0,"Analysis_kri0003",2026-07-28,"AA-AA-000-0000"
"10624","Site",3,110,0.0272727272727273,-0.654192350316698,0,"Analysis_kri0003",2026-07-28,"AA-AA-000-0000"
"13139","Site",3,113,0.0265486725663717,-0.692159535847853,0,"Analysis_kri0003",2026-07-28,"AA-AA-000-0000"
"33620","Site",5,194,0.0257731958762887,-0.947763434651094,0,"Analysis_kri0003",2026-07-28,"AA-AA-000-0000"
"5444","Site",2,79,0.0253164556962025,-0.620153022142861,0,"Analysis_kri0003",2026-07-28,"AA-AA-000-0000"
"20578","Site",3,120,0.025,-0.777430616652924,0,"Analysis_kri0003",2026-07-28,"AA-AA-000-0000"
"39000","Site",2,90,0.0222222222222222,-0.772929063762334,0,"Analysis_kri0003",2026-07-28,"AA-AA-000-0000"
"28676","Site",5,292,0.0171232876712329,-1.721721038723,0,"Analysis_kri0003",2026-07-28,"AA-AA-000-0000"
"24964","Site",1,59,0.0169491525423729,-0.778980441878682,0,"Analysis_kri0003",2026-07-28,"AA-AA-000-0000"
"26674","Site",2,122,0.0163934426229508,-1.14337267757796,0,"Analysis_kri0003",2026-07-28,"AA-AA-000-0000"
"22033","Site",2,126,0.0158730158730159,-1.18405669026387,0,"Analysis_kri0003",2026-07-28,"AA-AA-000-0000"
"25616","Site",2,158,0.0126582278481013,-1.47872765876234,0,"Analysis_kri0003",2026-07-28,"AA-AA-000-0000"
"34664","Site",0,107,0,-1.71204715793777,0,"Analysis_kri0003",2026-07-28,"AA-AA-000-0000"
"25970","Site",0,71,0,-1.39461075010566,0,"Analysis_kri0003",2026-07-28,"AA-AA-000-0000"
"6452","Site",0,67,0,-1.35475647553761,0,"Analysis_kri0003",2026-07-28,"AA-AA-000-0000"
"14449","Site",0,40,0,-1.04677617616742,0,"Analysis_kri0003",2026-07-28,"AA-AA-000-0000"
"32900","Site",0,38,0,-1.02027121141494,0,"Analysis_kri0003",2026-07-28,"AA-AA-000-0000"
"30019","Site",0,32,0,-0.936265074855063,0,"Analysis_kri0003",2026-07-28,"AA-AA-000-0000"
"18260","Site",0,30,0,-0.906534760637325,0,"Analysis_kri0003",2026-07-28,"AA-AA-000-0000"
"25664","Site",3,2,1.5,NA,NA,"Analysis_kri0003",2026-07-28,"AA-AA-000-0000"
"17938","Site",1,6,0.166666666666667,NA,NA,"Analysis_kri0003",2026-07-28,"AA-AA-000-0000"
"18244","Site",1,6,0.166666666666667,NA,NA,"Analysis_kri0003",2026-07-28,"AA-AA-000-0000"
"18806","Site",1,6,0.166666666666667,NA,NA,"Analysis_kri0003",2026-07-28,"AA-AA-000-0000"
"6453","Site",4,26,0.153846153846154,NA,NA,"Analysis_kri0003",2026-07-28,"AA-AA-000-0000"
"18179","Site",2,17,0.117647058823529,NA,NA,"Analysis_kri0003",2026-07-28,"AA-AA-000-0000"
"36994","Site",2,20,0.1,NA,NA,"Analysis_kri0003",2026-07-28,"AA-AA-000-0000"
"24680","Site",1,11,0.0909090909090909,NA,NA,"Analysis_kri0003",2026-07-28,"AA-AA-000-0000"
"14169","Site",2,28,0.0714285714285714,NA,NA,"Analysis_kri0003",2026-07-28,"AA-AA-000-0000"
"6209","Site",1,23,0.0434782608695652,NA,NA,"Analysis_kri0003",2026-07-28,"AA-AA-000-0000"
"16424","Site",1,24,0.0416666666666667,NA,NA,"Analysis_kri0003",2026-07-28,"AA-AA-000-0000"
"30995","Site",1,24,0.0416666666666667,NA,NA,"Analysis_kri0003",2026-07-28,"AA-AA-000-0000"
"29254","Site",1,25,0.04,NA,NA,"Analysis_kri0003",2026-07-28,"AA-AA-000-0000"
"34326","Site",1,27,0.037037037037037,NA,NA,"Analysis_kri0003",2026-07-28,"AA-AA-000-0000"
"17013","Site",1,28,0.0357142857142857,NA,NA,"Analysis_kri0003",2026-07-28,"AA-AA-000-0000"
"18549","Site",0,28,0,NA,NA,"Analysis_kri0003",2026-07-28,"AA-AA-000-0000"
"17444","Site",0,24,0,NA,NA,"Analysis_kri0003",2026-07-28,"AA-AA-000-0000"
"4723","Site",0,21,0,NA,NA,"Analysis_kri0003",2026-07-28,"AA-AA-000-0000"
"38758","Site",0,21,0,NA,NA,"Analysis_kri0003",2026-07-28,"AA-AA-000-0000"
"24867","Site",0,19,0,NA,NA,"Analysis_kri0003",2026-07-28,"AA-AA-000-0000"
"34343","Site",0,15,0,NA,NA,"Analysis_kri0003",2026-07-28,"AA-AA-000-0000"
"33633","Site",0,14,0,NA,NA,"Analysis_kri0003",2026-07-28,"AA-AA-000-0000"
"20869","Site",0,10,0,NA,NA,"Analysis_kri0003",2026-07-28,"AA-AA-000-0000"
"30516","Site",0,10,0,NA,NA,"Analysis_kri0003",2026-07-28,"AA-AA-000-0000"
"8240","Site",0,5,0,NA,NA,"Analysis_kri0003",2026-07-28,"AA-AA-000-0000"
"8290","Site",0,4,0,NA,NA,"Analysis_kri0003",2026-07-28,"AA-AA-000-0000"
"21015","Site",0,4,0,NA,NA,"Analysis_kri0003",2026-07-28,"AA-AA-000-0000"
"30776","Site",7,32,0.21875,4.06046290045542,2,"Analysis_kri0004",2026-07-28,"AA-AA-000-0000"
"10388","Site",4,39,0.102564102564103,1.49319899371622,0,"Analysis_kri0004",2026-07-28,"AA-AA-000-0000"
"35223","Site",5,49,0.102040816326531,1.65863061893778,0,"Analysis_kri0004",2026-07-28,"AA-AA-000-0000"
"16725","Site",3,35,0.0857142857142857,1.00384672141108,0,"Analysis_kri0004",2026-07-28,"AA-AA-000-0000"
"37781","Site",3,35,0.0857142857142857,1.00384672141108,0,"Analysis_kri0004",2026-07-28,"AA-AA-000-0000"
"21129","Site",3,36,0.0833333333333333,0.959228498214567,0,"Analysis_kri0004",2026-07-28,"AA-AA-000-0000"
"14393","Site",6,72,0.0833333333333333,1.35655395158982,0,"Analysis_kri0004",2026-07-28,"AA-AA-000-0000"
"34","Site",4,49,0.0816326530612245,1.07005166873329,0,"Analysis_kri0004",2026-07-28,"AA-AA-000-0000"
"257","Site",7,89,0.0786516853932584,1.3262552974132,0,"Analysis_kri0004",2026-07-28,"AA-AA-000-0000"
"38166","Site",3,42,0.0714285714285714,0.718216231507261,0,"Analysis_kri0004",2026-07-28,"AA-AA-000-0000"
"14729","Site",19,266,0.0714285714285714,1.8074712122013,0,"Analysis_kri0004",2026-07-28,"AA-AA-000-0000"
"6022","Site",10,141,0.0709219858156028,1.29116859322871,0,"Analysis_kri0004",2026-07-28,"AA-AA-000-0000"
"8995","Site",21,297,0.0707070707070707,1.85866271520002,0,"Analysis_kri0004",2026-07-28,"AA-AA-000-0000"
"28689","Site",22,321,0.0685358255451713,1.77202704994226,0,"Analysis_kri0004",2026-07-28,"AA-AA-000-0000"
"28822","Site",9,132,0.0681818181818182,1.11957362547081,0,"Analysis_kri0004",2026-07-28,"AA-AA-000-0000"
"24964","Site",4,59,0.0677966101694915,0.736309246165142,0,"Analysis_kri0004",2026-07-28,"AA-AA-000-0000"
"18260","Site",2,30,0.0666666666666667,0.499544181240205,0,"Analysis_kri0004",2026-07-28,"AA-AA-000-0000"
"37191","Site",3,45,0.0666666666666667,0.611814174007452,0,"Analysis_kri0004",2026-07-28,"AA-AA-000-0000"
"14105","Site",9,135,0.0666666666666667,1.05969323417169,0,"Analysis_kri0004",2026-07-28,"AA-AA-000-0000"
"14648","Site",9,137,0.0656934306569343,1.02058064077317,0,"Analysis_kri0004",2026-07-28,"AA-AA-000-0000"
"9075","Site",10,155,0.0645161290322581,1.0251688540468,0,"Analysis_kri0004",2026-07-28,"AA-AA-000-0000"
"16992","Site",13,203,0.0640394088669951,1.14523061769017,0,"Analysis_kri0004",2026-07-28,"AA-AA-000-0000"
"17815","Site",3,47,0.0638297872340425,0.545132719879144,0,"Analysis_kri0004",2026-07-28,"AA-AA-000-0000"
"30019","Site",2,32,0.0625,0.418816439614409,0,"Analysis_kri0004",2026-07-28,"AA-AA-000-0000"
"37908","Site",12,194,0.0618556701030928,0.994240572016337,0,"Analysis_kri0004",2026-07-28,"AA-AA-000-0000"
"10497","Site",11,178,0.0617977528089888,0.949175221997123,0,"Analysis_kri0004",2026-07-28,"AA-AA-000-0000"
"34355","Site",19,319,0.0595611285266458,1.10608160875744,0,"Analysis_kri0004",2026-07-28,"AA-AA-000-0000"
"20578","Site",7,120,0.0583333333333333,0.62298073326408,0,"Analysis_kri0004",2026-07-28,"AA-AA-000-0000"
"17731","Site",3,52,0.0576923076923077,0.391051173663874,0,"Analysis_kri0004",2026-07-28,"AA-AA-000-0000"
"4659","Site",6,106,0.0566037735849057,0.512148120176095,0,"Analysis_kri0004",2026-07-28,"AA-AA-000-0000"
"22033","Site",7,126,0.0555555555555556,0.509900078213792,0,"Analysis_kri0004",2026-07-28,"AA-AA-000-0000"
"34869","Site",8,144,0.0555555555555556,0.545106112618641,0,"Analysis_kri0004",2026-07-28,"AA-AA-000-0000"
"34660","Site",9,162,0.0555555555555556,0.578172343048319,0,"Analysis_kri0004",2026-07-28,"AA-AA-000-0000"
"17541","Site",32,576,0.0555555555555556,1.09021222523728,0,"Analysis_kri0004",2026-07-28,"AA-AA-000-0000"
"30816","Site",2,37,0.0540540540540541,0.238683003987206,0,"Analysis_kri0004",2026-07-28,"AA-AA-000-0000"
"34071","Site",17,316,0.0537974683544304,0.678739812578498,0,"Analysis_kri0004",2026-07-28,"AA-AA-000-0000"
"32900","Site",2,38,0.0526315789473684,0.205759335449886,0,"Analysis_kri0004",2026-07-28,"AA-AA-000-0000"
"38497","Site",10,190,0.0526315789473684,0.460091861071127,0,"Analysis_kri0004",2026-07-28,"AA-AA-000-0000"
"2392","Site",26,497,0.0523138832997988,0.714944617945066,0,"Analysis_kri0004",2026-07-28,"AA-AA-000-0000"
"22677","Site",20,385,0.051948051948052,0.59967768085863,0,"Analysis_kri0004",2026-07-28,"AA-AA-000-0000"
"33620","Site",10,194,0.0515463917525773,0.402635489010362,0,"Analysis_kri0004",2026-07-28,"AA-AA-000-0000"
"5444","Site",4,79,0.0506329113924051,0.223484371556656,0,"Analysis_kri0004",2026-07-28,"AA-AA-000-0000"
"34341","Site",28,557,0.0502692998204668,0.558062273788841,0,"Analysis_kri0004",2026-07-28,"AA-AA-000-0000"
"14449","Site",2,40,0.05,0.142532253077646,0,"Analysis_kri0004",2026-07-28,"AA-AA-000-0000"
"16996","Site",12,240,0.05,0.34913129192947,0,"Analysis_kri0004",2026-07-28,"AA-AA-000-0000"
"34694","Site",17,345,0.0492753623188406,0.363139669326125,0,"Analysis_kri0004",2026-07-28,"AA-AA-000-0000"
"21541","Site",3,61,0.0491803278688525,0.14963841403233,0,"Analysis_kri0004",2026-07-28,"AA-AA-000-0000"
"17187","Site",37,753,0.049136786188579,0.520822901328649,0,"Analysis_kri0004",2026-07-28,"AA-AA-000-0000"
"12392","Site",5,102,0.0490196078431373,0.186811155710317,0,"Analysis_kri0004",2026-07-28,"AA-AA-000-0000"
"20531","Site",17,349,0.0487106017191977,0.321769737942512,0,"Analysis_kri0004",2026-07-28,"AA-AA-000-0000"
"5960","Site",6,125,0.048,0.159836628727711,0,"Analysis_kri0004",2026-07-28,"AA-AA-000-0000"
"9522","Site",20,417,0.0479616306954436,0.288708970856802,0,"Analysis_kri0004",2026-07-28,"AA-AA-000-0000"
"28676","Site",14,292,0.047945205479452,0.240436234821526,0,"Analysis_kri0004",2026-07-28,"AA-AA-000-0000"
"24917","Site",3,63,0.0476190476190476,0.101014881504429,0,"Analysis_kri0004",2026-07-28,"AA-AA-000-0000"
"384","Site",12,253,0.0474308300395257,0.19009567164263,0,"Analysis_kri0004",2026-07-28,"AA-AA-000-0000"
"6416","Site",9,191,0.0471204188481675,0.147494148500593,0,"Analysis_kri0004",2026-07-28,"AA-AA-000-0000"
"8594","Site",34,725,0.0468965517241379,0.262525645129636,0,"Analysis_kri0004",2026-07-28,"AA-AA-000-0000"
"18548","Site",8,171,0.0467836257309941,0.121413163295987,0,"Analysis_kri0004",2026-07-28,"AA-AA-000-0000"
"38711","Site",14,301,0.0465116279069767,0.141640996210913,0,"Analysis_kri0004",2026-07-28,"AA-AA-000-0000"
"26880","Site",15,324,0.0462962962962963,0.130983727022716,0,"Analysis_kri0004",2026-07-28,"AA-AA-000-0000"
"14601","Site",16,348,0.0459770114942529,0.111208540793069,0,"Analysis_kri0004",2026-07-28,"AA-AA-000-0000"
"37728","Site",20,436,0.0458715596330275,0.115405818217809,0,"Analysis_kri0004",2026-07-28,"AA-AA-000-0000"
"6452","Site",3,67,0.0447761194029851,0.00829720466433598,0,"Analysis_kri0004",2026-07-28,"AA-AA-000-0000"
"13139","Site",5,113,0.0442477876106195,-0.0123638154261154,0,"Analysis_kri0004",2026-07-28,"AA-AA-000-0000"
"30729","Site",14,322,0.0434782608695652,-0.0777633237843657,0,"Analysis_kri0004",2026-07-28,"AA-AA-000-0000"
"33617","Site",19,440,0.0431818181818182,-0.116521406346773,0,"Analysis_kri0004",2026-07-28,"AA-AA-000-0000"
"14164","Site",5,116,0.0431034482758621,-0.0633061474394073,0,"Analysis_kri0004",2026-07-28,"AA-AA-000-0000"
"1028","Site",4,93,0.043010752688172,-0.0603667361013296,0,"Analysis_kri0004",2026-07-28,"AA-AA-000-0000"
"34696","Site",12,283,0.0424028268551237,-0.147440455910717,0,"Analysis_kri0004",2026-07-28,"AA-AA-000-0000"
"25970","Site",3,71,0.0422535211267606,-0.079033685498455,0,"Analysis_kri0004",2026-07-28,"AA-AA-000-0000"
"10371","Site",4,95,0.0421052631578947,-0.0973744080498406,0,"Analysis_kri0004",2026-07-28,"AA-AA-000-0000"
"4695","Site",9,214,0.0420560747663551,-0.149111645378254,0,"Analysis_kri0004",2026-07-28,"AA-AA-000-0000"
"12417","Site",18,435,0.0413793103448276,-0.270747880863859,0,"Analysis_kri0004",2026-07-28,"AA-AA-000-0000"
"34903","Site",3,73,0.0410958904109589,-0.120889727005237,0,"Analysis_kri0004",2026-07-28,"AA-AA-000-0000"
"26674","Site",5,122,0.040983606557377,-0.161391365955284,0,"Analysis_kri0004",2026-07-28,"AA-AA-000-0000"
"16498","Site",6,149,0.0402684563758389,-0.214324462748917,0,"Analysis_kri0004",2026-07-28,"AA-AA-000-0000"
"1881","Site",11,277,0.0397111913357401,-0.33043816995497,0,"Analysis_kri0004",2026-07-28,"AA-AA-000-0000"
"534","Site",8,202,0.0396039603960396,-0.288458973437981,0,"Analysis_kri0004",2026-07-28,"AA-AA-000-0000"
"38404","Site",5,127,0.0393700787401575,-0.239582479617641,0,"Analysis_kri0004",2026-07-28,"AA-AA-000-0000"
"26115","Site",16,411,0.0389294403892944,-0.467801787557941,0,"Analysis_kri0004",2026-07-28,"AA-AA-000-0000"
"17808","Site",19,498,0.0381526104417671,-0.586362697819668,0,"Analysis_kri0004",2026-07-28,"AA-AA-000-0000"
"30212","Site",4,105,0.0380952380952381,-0.271666317046455,0,"Analysis_kri0004",2026-07-28,"AA-AA-000-0000"
"25616","Site",6,158,0.0379746835443038,-0.339492950372918,0,"Analysis_kri0004",2026-07-28,"AA-AA-000-0000"
"39048","Site",3,79,0.0379746835443038,-0.240057767373718,0,"Analysis_kri0004",2026-07-28,"AA-AA-000-0000"
"8560","Site",15,396,0.0378787878787879,-0.54532682719904,0,"Analysis_kri0004",2026-07-28,"AA-AA-000-0000"
"21380","Site",15,399,0.037593984962406,-0.5708272684705,0,"Analysis_kri0004",2026-07-28,"AA-AA-000-0000"
"33296","Site",8,215,0.0372093023255814,-0.442262026727677,0,"Analysis_kri0004",2026-07-28,"AA-AA-000-0000"
"531","Site",26,699,0.0371959942775393,-0.798891449223485,0,"Analysis_kri0004",2026-07-28,"AA-AA-000-0000"
"37186","Site",30,808,0.0371287128712871,-0.866803839846634,0,"Analysis_kri0004",2026-07-28,"AA-AA-000-0000"
"37702","Site",21,570,0.0368421052631579,-0.75622766035356,0,"Analysis_kri0004",2026-07-28,"AA-AA-000-0000"
"4354","Site",4,111,0.036036036036036,-0.368705093596488,0,"Analysis_kri0004",2026-07-28,"AA-AA-000-0000"
"5927","Site",6,167,0.0359281437125748,-0.457991687629513,0,"Analysis_kri0004",2026-07-28,"AA-AA-000-0000"
"17172","Site",8,228,0.0350877192982456,-0.587423228260145,0,"Analysis_kri0004",2026-07-28,"AA-AA-000-0000"
"18777","Site",16,477,0.0335429769392034,-0.988656544650658,0,"Analysis_kri0004",2026-07-28,"AA-AA-000-0000"
"10531","Site",1,30,0.0333333333333333,-0.252671077192457,0,"Analysis_kri0004",2026-07-28,"AA-AA-000-0000"
"34713","Site",21,633,0.033175355450237,-1.17701366955699,0,"Analysis_kri0004",2026-07-28,"AA-AA-000-0000"
"38272","Site",9,277,0.0324909747292419,-0.825538113926721,0,"Analysis_kri0004",2026-07-28,"AA-AA-000-0000"
"31107","Site",13,413,0.0314769975786925,-1.09292690618881,0,"Analysis_kri0004",2026-07-28,"AA-AA-000-0000"
"6530","Site",7,223,0.031390134529148,-0.808442254460683,0,"Analysis_kri0004",2026-07-28,"AA-AA-000-0000"
"29060","Site",5,161,0.031055900621118,-0.704398247344759,0,"Analysis_kri0004",2026-07-28,"AA-AA-000-0000"
"25605","Site",10,338,0.029585798816568,-1.1319737636751,0,"Analysis_kri0004",2026-07-28,"AA-AA-000-0000"
"17961","Site",10,344,0.0290697674418605,-1.18140951523194,0,"Analysis_kri0004",2026-07-28,"AA-AA-000-0000"
"34664","Site",3,107,0.0280373831775701,-0.702888640840068,0,"Analysis_kri0004",2026-07-28,"AA-AA-000-0000"
"12432","Site",5,212,0.0235849056603774,-1.2564778274493,0,"Analysis_kri0004",2026-07-28,"AA-AA-000-0000"
"12937","Site",7,301,0.0232558139534884,-1.52069021189451,0,"Analysis_kri0004",2026-07-28,"AA-AA-000-0000"
"25476","Site",3,130,0.0230769230769231,-1.00778015282738,0,"Analysis_kri0004",2026-07-28,"AA-AA-000-0000"
"32913","Site",5,224,0.0223214285714286,-1.36945922961862,0,"Analysis_kri0004",2026-07-28,"AA-AA-000-0000"
"37912","Site",1,45,0.0222222222222222,-0.616548199256418,0,"Analysis_kri0004",2026-07-28,"AA-AA-000-0000"
"5968","Site",6,277,0.0216606498194946,-1.56818802988435,0,"Analysis_kri0004",2026-07-28,"AA-AA-000-0000"
"27025","Site",1,49,0.0204081632653061,-0.695685181880203,0,"Analysis_kri0004",2026-07-28,"AA-AA-000-0000"
"10630","Site",5,255,0.0196078431372549,-1.63968341597064,0,"Analysis_kri0004",2026-07-28,"AA-AA-000-0000"
"12407","Site",1,52,0.0192307692307692,-0.751645833439783,0,"Analysis_kri0004",2026-07-28,"AA-AA-000-0000"
"9044","Site",1,53,0.0188679245283019,-0.769722102649379,0,"Analysis_kri0004",2026-07-28,"AA-AA-000-0000"
"10624","Site",2,110,0.0181818181818182,-1.13854762211044,0,"Analysis_kri0004",2026-07-28,"AA-AA-000-0000"
"13333","Site",2,118,0.0169491525423729,-1.23439101516005,0,"Analysis_kri0004",2026-07-28,"AA-AA-000-0000"
"33824","Site",3,180,0.0166666666666667,-1.5401869918288,0,"Analysis_kri0004",2026-07-28,"AA-AA-000-0000"
"13081","Site",2,138,0.0144927536231884,-1.45379673600226,0,"Analysis_kri0004",2026-07-28,"AA-AA-000-0000"
"39000","Site",1,90,0.0111111111111111,-1.30622250718978,0,"Analysis_kri0004",2026-07-28,"AA-AA-000-0000"
"29192","Site",1,91,0.010989010989011,-1.31825812871414,0,"Analysis_kri0004",2026-07-28,"AA-AA-000-0000"
"39044","Site",0,61,0,-1.4329176459133,0,"Analysis_kri0004",2026-07-28,"AA-AA-000-0000"
"18033","Site",0,43,0,-1.20306901358735,0,"Analysis_kri0004",2026-07-28,"AA-AA-000-0000"
"25664","Site",1,2,0.5,NA,NA,"Analysis_kri0004",2026-07-28,"AA-AA-000-0000"
"30516","Site",3,10,0.3,NA,NA,"Analysis_kri0004",2026-07-28,"AA-AA-000-0000"
"21015","Site",1,4,0.25,NA,NA,"Analysis_kri0004",2026-07-28,"AA-AA-000-0000"
"24867","Site",4,19,0.210526315789474,NA,NA,"Analysis_kri0004",2026-07-28,"AA-AA-000-0000"
"8240","Site",1,5,0.2,NA,NA,"Analysis_kri0004",2026-07-28,"AA-AA-000-0000"
"20869","Site",2,10,0.2,NA,NA,"Analysis_kri0004",2026-07-28,"AA-AA-000-0000"
"24680","Site",2,11,0.181818181818182,NA,NA,"Analysis_kri0004",2026-07-28,"AA-AA-000-0000"
"18806","Site",1,6,0.166666666666667,NA,NA,"Analysis_kri0004",2026-07-28,"AA-AA-000-0000"
"38758","Site",3,21,0.142857142857143,NA,NA,"Analysis_kri0004",2026-07-28,"AA-AA-000-0000"
"36994","Site",2,20,0.1,NA,NA,"Analysis_kri0004",2026-07-28,"AA-AA-000-0000"
"6209","Site",2,23,0.0869565217391304,NA,NA,"Analysis_kri0004",2026-07-28,"AA-AA-000-0000"
"34343","Site",1,15,0.0666666666666667,NA,NA,"Analysis_kri0004",2026-07-28,"AA-AA-000-0000"
"18179","Site",1,17,0.0588235294117647,NA,NA,"Analysis_kri0004",2026-07-28,"AA-AA-000-0000"
"4723","Site",1,21,0.0476190476190476,NA,NA,"Analysis_kri0004",2026-07-28,"AA-AA-000-0000"
"16424","Site",1,24,0.0416666666666667,NA,NA,"Analysis_kri0004",2026-07-28,"AA-AA-000-0000"
"17444","Site",1,24,0.0416666666666667,NA,NA,"Analysis_kri0004",2026-07-28,"AA-AA-000-0000"
"30995","Site",1,24,0.0416666666666667,NA,NA,"Analysis_kri0004",2026-07-28,"AA-AA-000-0000"
"29254","Site",1,25,0.04,NA,NA,"Analysis_kri0004",2026-07-28,"AA-AA-000-0000"
"6453","Site",1,26,0.0384615384615385,NA,NA,"Analysis_kri0004",2026-07-28,"AA-AA-000-0000"
"34326","Site",1,27,0.037037037037037,NA,NA,"Analysis_kri0004",2026-07-28,"AA-AA-000-0000"
"14169","Site",1,28,0.0357142857142857,NA,NA,"Analysis_kri0004",2026-07-28,"AA-AA-000-0000"
"18549","Site",1,28,0.0357142857142857,NA,NA,"Analysis_kri0004",2026-07-28,"AA-AA-000-0000"
"17013","Site",0,28,0,NA,NA,"Analysis_kri0004",2026-07-28,"AA-AA-000-0000"
"33633","Site",0,14,0,NA,NA,"Analysis_kri0004",2026-07-28,"AA-AA-000-0000"
"17938","Site",0,6,0,NA,NA,"Analysis_kri0004",2026-07-28,"AA-AA-000-0000"
"18244","Site",0,6,0,NA,NA,"Analysis_kri0004",2026-07-28,"AA-AA-000-0000"
"8290","Site",0,4,0,NA,NA,"Analysis_kri0004",2026-07-28,"AA-AA-000-0000"
"34","Site",24,1037,0.0231436837029894,2.24656340833713,1,"Analysis_kri0005",2026-07-28,"AA-AA-000-0000"
"18548","Site",34,1539,0.0220922677063028,2.40865527214106,1,"Analysis_kri0005",2026-07-28,"AA-AA-000-0000"
"34071","Site",45,2050,0.0219512195121951,2.72910827846722,1,"Analysis_kri0005",2026-07-28,"AA-AA-000-0000"
"33296","Site",43,2014,0.0213505461767627,2.49055967187608,1,"Analysis_kri0005",2026-07-28,"AA-AA-000-0000"
"25476","Site",32,1510,0.0211920529801325,2.10752858018616,1,"Analysis_kri0005",2026-07-28,"AA-AA-000-0000"
"26880","Site",60,3110,0.0192926045016077,2.18177883088669,1,"Analysis_kri0005",2026-07-28,"AA-AA-000-0000"
"18260","Site",11,526,0.0209125475285171,1.19287462303086,0,"Analysis_kri0005",2026-07-28,"AA-AA-000-0000"
"4723","Site",11,532,0.0206766917293233,1.15637551382969,0,"Analysis_kri0005",2026-07-28,"AA-AA-000-0000"
"24964","Site",11,538,0.0204460966542751,1.12032232128159,0,"Analysis_kri0005",2026-07-28,"AA-AA-000-0000"
"5444","Site",20,984,0.0203252032520325,1.48495530077465,0,"Analysis_kri0005",2026-07-28,"AA-AA-000-0000"
"27025","Site",10,507,0.019723865877712,0.958177387719349,0,"Analysis_kri0005",2026-07-28,"AA-AA-000-0000"
"24917","Site",20,1025,0.0195121951219512,1.30847875093863,0,"Analysis_kri0005",2026-07-28,"AA-AA-000-0000"
"21015","Site",10,529,0.0189035916824197,0.828637184063583,0,"Analysis_kri0005",2026-07-28,"AA-AA-000-0000"
"37781","Site",29,1537,0.0188679245283019,1.40132581231536,0,"Analysis_kri0005",2026-07-28,"AA-AA-000-0000"
"37908","Site",48,2560,0.01875,1.76104274560874,0,"Analysis_kri0005",2026-07-28,"AA-AA-000-0000"
"38404","Site",39,2087,0.0186871106851941,1.56719238064507,0,"Analysis_kri0005",2026-07-28,"AA-AA-000-0000"
"1028","Site",27,1494,0.0180722891566265,1.13689968104651,0,"Analysis_kri0005",2026-07-28,"AA-AA-000-0000"
"29060","Site",46,2552,0.018025078369906,1.46691601240586,0,"Analysis_kri0005",2026-07-28,"AA-AA-000-0000"
"12392","Site",26,1496,0.017379679144385,0.924516752419535,0,"Analysis_kri0005",2026-07-28,"AA-AA-000-0000"
"38166","Site",18,1036,0.0173745173745174,0.768036801177929,0,"Analysis_kri0005",2026-07-28,"AA-AA-000-0000"
"2392","Site",61,3521,0.0173246236864527,1.39235269780909,0,"Analysis_kri0005",2026-07-28,"AA-AA-000-0000"
"534","Site",35,2056,0.0170233463035019,0.955274545156007,0,"Analysis_kri0005",2026-07-28,"AA-AA-000-0000"
"26115","Site",34,2007,0.0169407075236672,0.914366410080919,0,"Analysis_kri0005",2026-07-28,"AA-AA-000-0000"
"16996","Site",26,1543,0.016850291639663,0.773474327026983,0,"Analysis_kri0005",2026-07-28,"AA-AA-000-0000"
"32913","Site",17,1012,0.016798418972332,0.613272633427255,0,"Analysis_kri0005",2026-07-28,"AA-AA-000-0000"
"12432","Site",34,2075,0.0163855421686747,0.728517541001555,0,"Analysis_kri0005",2026-07-28,"AA-AA-000-0000"
"20531","Site",50,3058,0.0163505559189012,0.869008594222358,0,"Analysis_kri0005",2026-07-28,"AA-AA-000-0000"
"10624","Site",16,989,0.0161779575328615,0.451013869171165,0,"Analysis_kri0005",2026-07-28,"AA-AA-000-0000"
"10497","Site",25,1551,0.0161186331399097,0.546214808957266,0,"Analysis_kri0005",2026-07-28,"AA-AA-000-0000"
"14393","Site",16,993,0.0161127895266868,0.435585955647229,0,"Analysis_kri0005",2026-07-28,"AA-AA-000-0000"
"25616","Site",16,1009,0.0158572844400396,0.374506399300986,0,"Analysis_kri0005",2026-07-28,"AA-AA-000-0000"
"14648","Site",24,1524,0.015748031496063,0.426328426732148,0,"Analysis_kri0005",2026-07-28,"AA-AA-000-0000"
"531","Site",80,5094,0.0157047506870828,0.754859685743701,0,"Analysis_kri0005",2026-07-28,"AA-AA-000-0000"
"30212","Site",24,1532,0.0156657963446475,0.40183622097638,0,"Analysis_kri0005",2026-07-28,"AA-AA-000-0000"
"38711","Site",39,2506,0.0155626496408619,0.472854260887387,0,"Analysis_kri0005",2026-07-28,"AA-AA-000-0000"
"38497","Site",24,1544,0.0155440414507772,0.365341740053027,0,"Analysis_kri0005",2026-07-28,"AA-AA-000-0000"
"12417","Site",63,4059,0.0155210643015521,0.580711991519398,0,"Analysis_kri0005",2026-07-28,"AA-AA-000-0000"
"34664","Site",24,1554,0.0154440154440154,0.335149915618457,0,"Analysis_kri0005",2026-07-28,"AA-AA-000-0000"
"31107","Site",71,4598,0.0154414963027403,0.57513926843895,0,"Analysis_kri0005",2026-07-28,"AA-AA-000-0000"
"8594","Site",86,5580,0.0154121863799283,0.616166035227515,0,"Analysis_kri0005",2026-07-28,"AA-AA-000-0000"
"25605","Site",46,2986,0.0154052243804421,0.447712545817579,0,"Analysis_kri0005",2026-07-28,"AA-AA-000-0000"
"6022","Site",24,1564,0.0153452685421995,0.305155213176899,0,"Analysis_kri0005",2026-07-28,"AA-AA-000-0000"
"9522","Site",31,2031,0.0152634170359429,0.318392770092696,0,"Analysis_kri0005",2026-07-28,"AA-AA-000-0000"
"29192","Site",16,1049,0.0152526215443279,0.22603911140744,0,"Analysis_kri0005",2026-07-28,"AA-AA-000-0000"
"37702","Site",85,5629,0.0151003730680405,0.432730479707489,0,"Analysis_kri0005",2026-07-28,"AA-AA-000-0000"
"34341","Site",77,5113,0.015059651867788,0.389252691137221,0,"Analysis_kri0005",2026-07-28,"AA-AA-000-0000"
"37186","Site",100,6648,0.0150421179302046,0.432478300179064,0,"Analysis_kri0005",2026-07-28,"AA-AA-000-0000"
"14105","Site",16,1066,0.0150093808630394,0.164675619853357,0,"Analysis_kri0005",2026-07-28,"AA-AA-000-0000"
"18033","Site",15,1010,0.0148514851485149,0.120366469007857,0,"Analysis_kri0005",2026-07-28,"AA-AA-000-0000"
"34869","Site",23,1550,0.0148387096774194,0.145109495116399,0,"Analysis_kri0005",2026-07-28,"AA-AA-000-0000"
"9044","Site",23,1559,0.0147530468248877,0.118618948374622,0,"Analysis_kri0005",2026-07-28,"AA-AA-000-0000"
"4695","Site",23,1573,0.0146217418944692,0.0777157559635616,0,"Analysis_kri0005",2026-07-28,"AA-AA-000-0000"
"17187","Site",88,6039,0.0145719489981785,0.12148749029074,0,"Analysis_kri0005",2026-07-28,"AA-AA-000-0000"
"21541","Site",15,1030,0.0145631067961165,0.0479148620296909,0,"Analysis_kri0005",2026-07-28,"AA-AA-000-0000"
"25970","Site",15,1032,0.0145348837209302,0.0407475932569658,0,"Analysis_kri0005",2026-07-28,"AA-AA-000-0000"
"6530","Site",36,2478,0.0145278450363196,0.0603534006948626,0,"Analysis_kri0005",2026-07-28,"AA-AA-000-0000"
"384","Site",51,3540,0.014406779661017,0.0148249216582321,0,"Analysis_kri0005",2026-07-28,"AA-AA-000-0000"
"34694","Site",44,3064,0.0143603133159269,-0.00667222975855228,0,"Analysis_kri0005",2026-07-28,"AA-AA-000-0000"
"5968","Site",44,3069,0.014336917562724,-0.0169899187756151,0,"Analysis_kri0005",2026-07-28,"AA-AA-000-0000"
"13139","Site",14,979,0.0143003064351379,-0.0187101450438692,0,"Analysis_kri0005",2026-07-28,"AA-AA-000-0000"
"17541","Site",58,4063,0.014275166133399,-0.0508662123991053,0,"Analysis_kri0005",2026-07-28,"AA-AA-000-0000"
"28689","Site",29,2064,0.0140503875968992,-0.117505186818364,0,"Analysis_kri0005",2026-07-28,"AA-AA-000-0000"
"10630","Site",28,1996,0.0140280561122244,-0.123491412633982,0,"Analysis_kri0005",2026-07-28,"AA-AA-000-0000"
"34713","Site",63,4566,0.0137976346911958,-0.310659574853158,0,"Analysis_kri0005",2026-07-28,"AA-AA-000-0000"
"13081","Site",21,1549,0.013557133634603,-0.256254664772117,0,"Analysis_kri0005",2026-07-28,"AA-AA-000-0000"
"30816","Site",14,1037,0.0135004821600771,-0.224184638194296,0,"Analysis_kri0005",2026-07-28,"AA-AA-000-0000"
"35223","Site",20,1503,0.0133067198935462,-0.329663396871219,0,"Analysis_kri0005",2026-07-28,"AA-AA-000-0000"
"17961","Site",27,2030,0.0133004926108374,-0.385356272562294,0,"Analysis_kri0005",2026-07-28,"AA-AA-000-0000"
"38272","Site",27,2035,0.0132678132678133,-0.397559891638808,0,"Analysis_kri0005",2026-07-28,"AA-AA-000-0000"
"10371","Site",20,1512,0.0132275132275132,-0.355153982804135,0,"Analysis_kri0005",2026-07-28,"AA-AA-000-0000"
"17808","Site",67,5074,0.0132045723295231,-0.663604745669994,0,"Analysis_kri0005",2026-07-28,"AA-AA-000-0000"
"5960","Site",20,1528,0.0130890052356021,-0.400106041969777,0,"Analysis_kri0005",2026-07-28,"AA-AA-000-0000"
"8560","Site",40,3057,0.0130847235852143,-0.567811509447018,0,"Analysis_kri0005",2026-07-28,"AA-AA-000-0000"
"16992","Site",13,1007,0.012909632571996,-0.370097678123238,0,"Analysis_kri0005",2026-07-28,"AA-AA-000-0000"
"33620","Site",27,2105,0.0128266033254157,-0.565400271373292,0,"Analysis_kri0005",2026-07-28,"AA-AA-000-0000"
"14449","Site",13,1031,0.0126091173617847,-0.451255913633074,0,"Analysis_kri0005",2026-07-28,"AA-AA-000-0000"
"6416","Site",19,1511,0.0125744540039709,-0.557013853781866,0,"Analysis_kri0005",2026-07-28,"AA-AA-000-0000"
"34903","Site",13,1035,0.01256038647343,-0.46460405661769,0,"Analysis_kri0005",2026-07-28,"AA-AA-000-0000"
"21380","Site",44,3542,0.0124223602484472,-0.924841372323326,0,"Analysis_kri0005",2026-07-28,"AA-AA-000-0000"
"34355","Site",25,2019,0.0123823675086677,-0.712548031371339,0,"Analysis_kri0005",2026-07-28,"AA-AA-000-0000"
"14729","Site",26,2102,0.0123691722169363,-0.731860169570013,0,"Analysis_kri0005",2026-07-28,"AA-AA-000-0000"
"18549","Site",13,1056,0.0123106060606061,-0.53387526949959,0,"Analysis_kri0005",2026-07-28,"AA-AA-000-0000"
"14601","Site",30,2462,0.0121852152721365,-0.864679449882902,0,"Analysis_kri0005",2026-07-28,"AA-AA-000-0000"
"17172","Site",25,2058,0.0121477162293489,-0.804093186640036,0,"Analysis_kri0005",2026-07-28,"AA-AA-000-0000"
"1881","Site",25,2077,0.0120365912373616,-0.848091150309278,0,"Analysis_kri0005",2026-07-28,"AA-AA-000-0000"
"22677","Site",36,3021,0.0119165839126117,-1.07530188430774,0,"Analysis_kri0005",2026-07-28,"AA-AA-000-0000"
"33617","Site",48,4045,0.0118665018541409,-1.26961214747418,0,"Analysis_kri0005",2026-07-28,"AA-AA-000-0000"
"30729","Site",19,1602,0.0118601747815231,-0.80100805358154,0,"Analysis_kri0005",2026-07-28,"AA-AA-000-0000"
"12937","Site",30,2553,0.0117508813160987,-1.05512368001956,0,"Analysis_kri0005",2026-07-28,"AA-AA-000-0000"
"39044","Site",12,1023,0.0117302052785924,-0.67316833053657,0,"Analysis_kri0005",2026-07-28,"AA-AA-000-0000"
"5927","Site",24,2048,0.01171875,-0.956593632140585,0,"Analysis_kri0005",2026-07-28,"AA-AA-000-0000"
"18777","Site",29,2483,0.0116794200563834,-1.06889004756229,0,"Analysis_kri0005",2026-07-28,"AA-AA-000-0000"
"8995","Site",29,2496,0.0116185897435897,-1.09586475227966,0,"Analysis_kri0005",2026-07-28,"AA-AA-000-0000"
"37728","Site",35,3055,0.0114566284779051,-1.28360957283192,0,"Analysis_kri0005",2026-07-28,"AA-AA-000-0000"
"14164","Site",12,1048,0.0114503816793893,-0.753418797666294,0,"Analysis_kri0005",2026-07-28,"AA-AA-000-0000"
"6452","Site",18,1591,0.011313639220616,-0.97170211058343,0,"Analysis_kri0005",2026-07-28,"AA-AA-000-0000"
"26674","Site",23,2036,0.0112966601178782,-1.10532154577519,0,"Analysis_kri0005",2026-07-28,"AA-AA-000-0000"
"33824","Site",11,1018,0.0108055009823183,-0.906265287077741,0,"Analysis_kri0005",2026-07-28,"AA-AA-000-0000"
"16498","Site",16,1513,0.0105750165234633,-1.17617500011728,0,"Analysis_kri0005",2026-07-28,"AA-AA-000-0000"
"17444","Site",11,1074,0.0102420856610801,-1.07776742404402,0,"Analysis_kri0005",2026-07-28,"AA-AA-000-0000"
"28822","Site",21,2097,0.0100143061516452,-1.58898127152068,0,"Analysis_kri0005",2026-07-28,"AA-AA-000-0000"
"20578","Site",15,1529,0.00981033355134074,-1.42028236845339,0,"Analysis_kri0005",2026-07-28,"AA-AA-000-0000"
"13333","Site",10,1021,0.00979431929480901,-1.1646747024639,0,"Analysis_kri0005",2026-07-28,"AA-AA-000-0000"
"9075","Site",20,2049,0.00976085895558809,-1.66197037261326,0,"Analysis_kri0005",2026-07-28,"AA-AA-000-0000"
"34696","Site",19,2031,0.00935499753815854,-1.80018359615406,0,"Analysis_kri0005",2026-07-28,"AA-AA-000-0000"
"34660","Site",14,1534,0.0091264667535854,-1.63571183459454,0,"Analysis_kri0005",2026-07-28,"AA-AA-000-0000"
"16424","Site",9,495,0.0181818181818182,NA,NA,"Analysis_kri0005",2026-07-28,"AA-AA-000-0000"
"37191","Site",9,509,0.0176817288801572,NA,NA,"Analysis_kri0005",2026-07-28,"AA-AA-000-0000"
"33633","Site",9,522,0.0172413793103448,NA,NA,"Analysis_kri0005",2026-07-28,"AA-AA-000-0000"
"17938","Site",8,475,0.0168421052631579,NA,NA,"Analysis_kri0005",2026-07-28,"AA-AA-000-0000"
"4354","Site",8,494,0.0161943319838057,NA,NA,"Analysis_kri0005",2026-07-28,"AA-AA-000-0000"
"10388","Site",8,528,0.0151515151515152,NA,NA,"Analysis_kri0005",2026-07-28,"AA-AA-000-0000"
"39048","Site",7,500,0.014,NA,NA,"Analysis_kri0005",2026-07-28,"AA-AA-000-0000"
"24867","Site",6,498,0.0120481927710843,NA,NA,"Analysis_kri0005",2026-07-28,"AA-AA-000-0000"
"4659","Site",6,535,0.011214953271028,NA,NA,"Analysis_kri0005",2026-07-28,"AA-AA-000-0000"
"10531","Site",5,493,0.0101419878296146,NA,NA,"Analysis_kri0005",2026-07-28,"AA-AA-000-0000"
"12407","Site",5,495,0.0101010101010101,NA,NA,"Analysis_kri0005",2026-07-28,"AA-AA-000-0000"
"6453","Site",5,497,0.0100603621730382,NA,NA,"Analysis_kri0005",2026-07-28,"AA-AA-000-0000"
"30019","Site",5,512,0.009765625,NA,NA,"Analysis_kri0005",2026-07-28,"AA-AA-000-0000"
"18806","Site",5,514,0.00972762645914397,NA,NA,"Analysis_kri0005",2026-07-28,"AA-AA-000-0000"
"34326","Site",5,527,0.0094876660341556,NA,NA,"Analysis_kri0005",2026-07-28,"AA-AA-000-0000"
"17731","Site",9,1013,0.00888450148075025,NA,NA,"Analysis_kri0005",2026-07-28,"AA-AA-000-0000"
"39000","Site",4,499,0.00801603206412826,NA,NA,"Analysis_kri0005",2026-07-28,"AA-AA-000-0000"
"257","Site",8,1001,0.00799200799200799,NA,NA,"Analysis_kri0005",2026-07-28,"AA-AA-000-0000"
"22033","Site",8,1034,0.00773694390715667,NA,NA,"Analysis_kri0005",2026-07-28,"AA-AA-000-0000"
"37912","Site",3,472,0.00635593220338983,NA,NA,"Analysis_kri0005",2026-07-28,"AA-AA-000-0000"
"21129","Site",3,523,0.00573613766730402,NA,NA,"Analysis_kri0005",2026-07-28,"AA-AA-000-0000"
"28676","Site",5,989,0.00505561172901921,NA,NA,"Analysis_kri0005",2026-07-28,"AA-AA-000-0000"
"6416","Site",2,5,0.4,NA,NA,"Analysis_kri0006",2026-07-28,"AA-AA-000-0000"
"34071","Site",2,6,0.333333333333333,NA,NA,"Analysis_kri0006",2026-07-28,"AA-AA-000-0000"
"34355","Site",2,6,0.333333333333333,NA,NA,"Analysis_kri0006",2026-07-28,"AA-AA-000-0000"
"26674","Site",1,5,0.2,NA,NA,"Analysis_kri0006",2026-07-28,"AA-AA-000-0000"
"25605","Site",1,6,0.166666666666667,NA,NA,"Analysis_kri0006",2026-07-28,"AA-AA-000-0000"
"34696","Site",1,6,0.166666666666667,NA,NA,"Analysis_kri0006",2026-07-28,"AA-AA-000-0000"
"12937","Site",1,7,0.142857142857143,NA,NA,"Analysis_kri0006",2026-07-28,"AA-AA-000-0000"
"26880","Site",1,7,0.142857142857143,NA,NA,"Analysis_kri0006",2026-07-28,"AA-AA-000-0000"
"8560","Site",1,10,0.1,NA,NA,"Analysis_kri0006",2026-07-28,"AA-AA-000-0000"
"12417","Site",1,11,0.0909090909090909,NA,NA,"Analysis_kri0006",2026-07-28,"AA-AA-000-0000"
"31107","Site",1,13,0.0769230769230769,NA,NA,"Analysis_kri0006",2026-07-28,"AA-AA-000-0000"
"37186","Site",0,15,0,NA,NA,"Analysis_kri0006",2026-07-28,"AA-AA-000-0000"
"8594","Site",0,14,0,NA,NA,"Analysis_kri0006",2026-07-28,"AA-AA-000-0000"
"17187","Site",0,14,0,NA,NA,"Analysis_kri0006",2026-07-28,"AA-AA-000-0000"
"34713","Site",0,13,0,NA,NA,"Analysis_kri0006",2026-07-28,"AA-AA-000-0000"
"17808","Site",0,12,0,NA,NA,"Analysis_kri0006",2026-07-28,"AA-AA-000-0000"
"34341","Site",0,12,0,NA,NA,"Analysis_kri0006",2026-07-28,"AA-AA-000-0000"
"531","Site",0,11,0,NA,NA,"Analysis_kri0006",2026-07-28,"AA-AA-000-0000"
"2392","Site",0,11,0,NA,NA,"Analysis_kri0006",2026-07-28,"AA-AA-000-0000"
"9522","Site",0,11,0,NA,NA,"Analysis_kri0006",2026-07-28,"AA-AA-000-0000"
"17541","Site",0,11,0,NA,NA,"Analysis_kri0006",2026-07-28,"AA-AA-000-0000"
"18777","Site",0,11,0,NA,NA,"Analysis_kri0006",2026-07-28,"AA-AA-000-0000"
"37702","Site",0,11,0,NA,NA,"Analysis_kri0006",2026-07-28,"AA-AA-000-0000"
"20531","Site",0,10,0,NA,NA,"Analysis_kri0006",2026-07-28,"AA-AA-000-0000"
"16498","Site",0,9,0,NA,NA,"Analysis_kri0006",2026-07-28,"AA-AA-000-0000"
"22677","Site",0,9,0,NA,NA,"Analysis_kri0006",2026-07-28,"AA-AA-000-0000"
"26115","Site",0,9,0,NA,NA,"Analysis_kri0006",2026-07-28,"AA-AA-000-0000"
"28676","Site",0,9,0,NA,NA,"Analysis_kri0006",2026-07-28,"AA-AA-000-0000"
"33617","Site",0,9,0,NA,NA,"Analysis_kri0006",2026-07-28,"AA-AA-000-0000"
"37728","Site",0,9,0,NA,NA,"Analysis_kri0006",2026-07-28,"AA-AA-000-0000"
"534","Site",0,8,0,NA,NA,"Analysis_kri0006",2026-07-28,"AA-AA-000-0000"
"16992","Site",0,8,0,NA,NA,"Analysis_kri0006",2026-07-28,"AA-AA-000-0000"
"17172","Site",0,8,0,NA,NA,"Analysis_kri0006",2026-07-28,"AA-AA-000-0000"
"34694","Site",0,8,0,NA,NA,"Analysis_kri0006",2026-07-28,"AA-AA-000-0000"
"384","Site",0,7,0,NA,NA,"Analysis_kri0006",2026-07-28,"AA-AA-000-0000"
"5927","Site",0,7,0,NA,NA,"Analysis_kri0006",2026-07-28,"AA-AA-000-0000"
"5960","Site",0,7,0,NA,NA,"Analysis_kri0006",2026-07-28,"AA-AA-000-0000"
"5968","Site",0,7,0,NA,NA,"Analysis_kri0006",2026-07-28,"AA-AA-000-0000"
"10630","Site",0,7,0,NA,NA,"Analysis_kri0006",2026-07-28,"AA-AA-000-0000"
"13139","Site",0,7,0,NA,NA,"Analysis_kri0006",2026-07-28,"AA-AA-000-0000"
"14601","Site",0,7,0,NA,NA,"Analysis_kri0006",2026-07-28,"AA-AA-000-0000"
"14729","Site",0,7,0,NA,NA,"Analysis_kri0006",2026-07-28,"AA-AA-000-0000"
"17961","Site",0,7,0,NA,NA,"Analysis_kri0006",2026-07-28,"AA-AA-000-0000"
"18548","Site",0,7,0,NA,NA,"Analysis_kri0006",2026-07-28,"AA-AA-000-0000"
"21380","Site",0,7,0,NA,NA,"Analysis_kri0006",2026-07-28,"AA-AA-000-0000"
"30729","Site",0,7,0,NA,NA,"Analysis_kri0006",2026-07-28,"AA-AA-000-0000"
"34664","Site",0,7,0,NA,NA,"Analysis_kri0006",2026-07-28,"AA-AA-000-0000"
"37908","Site",0,7,0,NA,NA,"Analysis_kri0006",2026-07-28,"AA-AA-000-0000"
"38497","Site",0,7,0,NA,NA,"Analysis_kri0006",2026-07-28,"AA-AA-000-0000"
"1881","Site",0,6,0,NA,NA,"Analysis_kri0006",2026-07-28,"AA-AA-000-0000"
"4659","Site",0,6,0,NA,NA,"Analysis_kri0006",2026-07-28,"AA-AA-000-0000"
"8995","Site",0,6,0,NA,NA,"Analysis_kri0006",2026-07-28,"AA-AA-000-0000"
"14393","Site",0,6,0,NA,NA,"Analysis_kri0006",2026-07-28,"AA-AA-000-0000"
"22033","Site",0,6,0,NA,NA,"Analysis_kri0006",2026-07-28,"AA-AA-000-0000"
"28689","Site",0,6,0,NA,NA,"Analysis_kri0006",2026-07-28,"AA-AA-000-0000"
"33296","Site",0,6,0,NA,NA,"Analysis_kri0006",2026-07-28,"AA-AA-000-0000"
"33620","Site",0,6,0,NA,NA,"Analysis_kri0006",2026-07-28,"AA-AA-000-0000"
"33824","Site",0,6,0,NA,NA,"Analysis_kri0006",2026-07-28,"AA-AA-000-0000"
"38711","Site",0,6,0,NA,NA,"Analysis_kri0006",2026-07-28,"AA-AA-000-0000"
"4695","Site",0,5,0,NA,NA,"Analysis_kri0006",2026-07-28,"AA-AA-000-0000"
"6022","Site",0,5,0,NA,NA,"Analysis_kri0006",2026-07-28,"AA-AA-000-0000"
"6530","Site",0,5,0,NA,NA,"Analysis_kri0006",2026-07-28,"AA-AA-000-0000"
"9075","Site",0,5,0,NA,NA,"Analysis_kri0006",2026-07-28,"AA-AA-000-0000"
"10388","Site",0,5,0,NA,NA,"Analysis_kri0006",2026-07-28,"AA-AA-000-0000"
"12432","Site",0,5,0,NA,NA,"Analysis_kri0006",2026-07-28,"AA-AA-000-0000"
"13081","Site",0,5,0,NA,NA,"Analysis_kri0006",2026-07-28,"AA-AA-000-0000"
"14105","Site",0,5,0,NA,NA,"Analysis_kri0006",2026-07-28,"AA-AA-000-0000"
"16996","Site",0,5,0,NA,NA,"Analysis_kri0006",2026-07-28,"AA-AA-000-0000"
"20578","Site",0,5,0,NA,NA,"Analysis_kri0006",2026-07-28,"AA-AA-000-0000"
"24964","Site",0,5,0,NA,NA,"Analysis_kri0006",2026-07-28,"AA-AA-000-0000"
"25476","Site",0,5,0,NA,NA,"Analysis_kri0006",2026-07-28,"AA-AA-000-0000"
"28822","Site",0,5,0,NA,NA,"Analysis_kri0006",2026-07-28,"AA-AA-000-0000"
"29060","Site",0,5,0,NA,NA,"Analysis_kri0006",2026-07-28,"AA-AA-000-0000"
"32913","Site",0,5,0,NA,NA,"Analysis_kri0006",2026-07-28,"AA-AA-000-0000"
"34869","Site",0,5,0,NA,NA,"Analysis_kri0006",2026-07-28,"AA-AA-000-0000"
"35223","Site",0,5,0,NA,NA,"Analysis_kri0006",2026-07-28,"AA-AA-000-0000"
"38272","Site",0,5,0,NA,NA,"Analysis_kri0006",2026-07-28,"AA-AA-000-0000"
"38404","Site",0,5,0,NA,NA,"Analysis_kri0006",2026-07-28,"AA-AA-000-0000"
"34","Site",0,4,0,NA,NA,"Analysis_kri0006",2026-07-28,"AA-AA-000-0000"
"4354","Site",0,4,0,NA,NA,"Analysis_kri0006",2026-07-28,"AA-AA-000-0000"
"6452","Site",0,4,0,NA,NA,"Analysis_kri0006",2026-07-28,"AA-AA-000-0000"
"10497","Site",0,4,0,NA,NA,"Analysis_kri0006",2026-07-28,"AA-AA-000-0000"
"10624","Site",0,4,0,NA,NA,"Analysis_kri0006",2026-07-28,"AA-AA-000-0000"
"12392","Site",0,4,0,NA,NA,"Analysis_kri0006",2026-07-28,"AA-AA-000-0000"
"13333","Site",0,4,0,NA,NA,"Analysis_kri0006",2026-07-28,"AA-AA-000-0000"
"14164","Site",0,4,0,NA,NA,"Analysis_kri0006",2026-07-28,"AA-AA-000-0000"
"14648","Site",0,4,0,NA,NA,"Analysis_kri0006",2026-07-28,"AA-AA-000-0000"
"25616","Site",0,4,0,NA,NA,"Analysis_kri0006",2026-07-28,"AA-AA-000-0000"
"29192","Site",0,4,0,NA,NA,"Analysis_kri0006",2026-07-28,"AA-AA-000-0000"
"30212","Site",0,4,0,NA,NA,"Analysis_kri0006",2026-07-28,"AA-AA-000-0000"
"30816","Site",0,4,0,NA,NA,"Analysis_kri0006",2026-07-28,"AA-AA-000-0000"
"34660","Site",0,4,0,NA,NA,"Analysis_kri0006",2026-07-28,"AA-AA-000-0000"
"37781","Site",0,4,0,NA,NA,"Analysis_kri0006",2026-07-28,"AA-AA-000-0000"
"38166","Site",0,4,0,NA,NA,"Analysis_kri0006",2026-07-28,"AA-AA-000-0000"
"39000","Site",0,4,0,NA,NA,"Analysis_kri0006",2026-07-28,"AA-AA-000-0000"
"39044","Site",0,4,0,NA,NA,"Analysis_kri0006",2026-07-28,"AA-AA-000-0000"
"1028","Site",0,3,0,NA,NA,"Analysis_kri0006",2026-07-28,"AA-AA-000-0000"
"6209","Site",0,3,0,NA,NA,"Analysis_kri0006",2026-07-28,"AA-AA-000-0000"
"9044","Site",0,3,0,NA,NA,"Analysis_kri0006",2026-07-28,"AA-AA-000-0000"
"10371","Site",0,3,0,NA,NA,"Analysis_kri0006",2026-07-28,"AA-AA-000-0000"
"10531","Site",0,3,0,NA,NA,"Analysis_kri0006",2026-07-28,"AA-AA-000-0000"
"12407","Site",0,3,0,NA,NA,"Analysis_kri0006",2026-07-28,"AA-AA-000-0000"
"14449","Site",0,3,0,NA,NA,"Analysis_kri0006",2026-07-28,"AA-AA-000-0000"
"17731","Site",0,3,0,NA,NA,"Analysis_kri0006",2026-07-28,"AA-AA-000-0000"
"17815","Site",0,3,0,NA,NA,"Analysis_kri0006",2026-07-28,"AA-AA-000-0000"
"24917","Site",0,3,0,NA,NA,"Analysis_kri0006",2026-07-28,"AA-AA-000-0000"
"25970","Site",0,3,0,NA,NA,"Analysis_kri0006",2026-07-28,"AA-AA-000-0000"
"27025","Site",0,3,0,NA,NA,"Analysis_kri0006",2026-07-28,"AA-AA-000-0000"
"30776","Site",0,3,0,NA,NA,"Analysis_kri0006",2026-07-28,"AA-AA-000-0000"
"37912","Site",0,3,0,NA,NA,"Analysis_kri0006",2026-07-28,"AA-AA-000-0000"
"257","Site",0,2,0,NA,NA,"Analysis_kri0006",2026-07-28,"AA-AA-000-0000"
"5444","Site",0,2,0,NA,NA,"Analysis_kri0006",2026-07-28,"AA-AA-000-0000"
"6453","Site",0,2,0,NA,NA,"Analysis_kri0006",2026-07-28,"AA-AA-000-0000"
"16424","Site",0,2,0,NA,NA,"Analysis_kri0006",2026-07-28,"AA-AA-000-0000"
"16725","Site",0,2,0,NA,NA,"Analysis_kri0006",2026-07-28,"AA-AA-000-0000"
"17444","Site",0,2,0,NA,NA,"Analysis_kri0006",2026-07-28,"AA-AA-000-0000"
"17938","Site",0,2,0,NA,NA,"Analysis_kri0006",2026-07-28,"AA-AA-000-0000"
"18033","Site",0,2,0,NA,NA,"Analysis_kri0006",2026-07-28,"AA-AA-000-0000"
"18179","Site",0,2,0,NA,NA,"Analysis_kri0006",2026-07-28,"AA-AA-000-0000"
"18244","Site",0,2,0,NA,NA,"Analysis_kri0006",2026-07-28,"AA-AA-000-0000"
"18549","Site",0,2,0,NA,NA,"Analysis_kri0006",2026-07-28,"AA-AA-000-0000"
"21541","Site",0,2,0,NA,NA,"Analysis_kri0006",2026-07-28,"AA-AA-000-0000"
"24680","Site",0,2,0,NA,NA,"Analysis_kri0006",2026-07-28,"AA-AA-000-0000"
"24867","Site",0,2,0,NA,NA,"Analysis_kri0006",2026-07-28,"AA-AA-000-0000"
"29254","Site",0,2,0,NA,NA,"Analysis_kri0006",2026-07-28,"AA-AA-000-0000"
"30019","Site",0,2,0,NA,NA,"Analysis_kri0006",2026-07-28,"AA-AA-000-0000"
"30516","Site",0,2,0,NA,NA,"Analysis_kri0006",2026-07-28,"AA-AA-000-0000"
"30995","Site",0,2,0,NA,NA,"Analysis_kri0006",2026-07-28,"AA-AA-000-0000"
"32900","Site",0,2,0,NA,NA,"Analysis_kri0006",2026-07-28,"AA-AA-000-0000"
"34343","Site",0,2,0,NA,NA,"Analysis_kri0006",2026-07-28,"AA-AA-000-0000"
"34903","Site",0,2,0,NA,NA,"Analysis_kri0006",2026-07-28,"AA-AA-000-0000"
"37191","Site",0,2,0,NA,NA,"Analysis_kri0006",2026-07-28,"AA-AA-000-0000"
"38758","Site",0,2,0,NA,NA,"Analysis_kri0006",2026-07-28,"AA-AA-000-0000"
"39048","Site",0,2,0,NA,NA,"Analysis_kri0006",2026-07-28,"AA-AA-000-0000"
"4723","Site",0,1,0,NA,NA,"Analysis_kri0006",2026-07-28,"AA-AA-000-0000"
"8240","Site",0,1,0,NA,NA,"Analysis_kri0006",2026-07-28,"AA-AA-000-0000"
"8290","Site",0,1,0,NA,NA,"Analysis_kri0006",2026-07-28,"AA-AA-000-0000"
"14169","Site",0,1,0,NA,NA,"Analysis_kri0006",2026-07-28,"AA-AA-000-0000"
"17013","Site",0,1,0,NA,NA,"Analysis_kri0006",2026-07-28,"AA-AA-000-0000"
"18260","Site",0,1,0,NA,NA,"Analysis_kri0006",2026-07-28,"AA-AA-000-0000"
"18806","Site",0,1,0,NA,NA,"Analysis_kri0006",2026-07-28,"AA-AA-000-0000"
"20869","Site",0,1,0,NA,NA,"Analysis_kri0006",2026-07-28,"AA-AA-000-0000"
"21015","Site",0,1,0,NA,NA,"Analysis_kri0006",2026-07-28,"AA-AA-000-0000"
"21129","Site",0,1,0,NA,NA,"Analysis_kri0006",2026-07-28,"AA-AA-000-0000"
"25664","Site",0,1,0,NA,NA,"Analysis_kri0006",2026-07-28,"AA-AA-000-0000"
"33633","Site",0,1,0,NA,NA,"Analysis_kri0006",2026-07-28,"AA-AA-000-0000"
"34326","Site",0,1,0,NA,NA,"Analysis_kri0006",2026-07-28,"AA-AA-000-0000"
"36994","Site",0,1,0,NA,NA,"Analysis_kri0006",2026-07-28,"AA-AA-000-0000"
"34071","Site",2,6,0.333333333333333,NA,NA,"Analysis_kri0007",2026-07-28,"AA-AA-000-0000"
"30212","Site",1,4,0.25,NA,NA,"Analysis_kri0007",2026-07-28,"AA-AA-000-0000"
"16996","Site",1,5,0.2,NA,NA,"Analysis_kri0007",2026-07-28,"AA-AA-000-0000"
"32913","Site",1,5,0.2,NA,NA,"Analysis_kri0007",2026-07-28,"AA-AA-000-0000"
"384","Site",1,7,0.142857142857143,NA,NA,"Analysis_kri0007",2026-07-28,"AA-AA-000-0000"
"5927","Site",1,7,0.142857142857143,NA,NA,"Analysis_kri0007",2026-07-28,"AA-AA-000-0000"
"37908","Site",1,7,0.142857142857143,NA,NA,"Analysis_kri0007",2026-07-28,"AA-AA-000-0000"
"534","Site",1,8,0.125,NA,NA,"Analysis_kri0007",2026-07-28,"AA-AA-000-0000"
"531","Site",1,11,0.0909090909090909,NA,NA,"Analysis_kri0007",2026-07-28,"AA-AA-000-0000"
"17541","Site",1,11,0.0909090909090909,NA,NA,"Analysis_kri0007",2026-07-28,"AA-AA-000-0000"
"37702","Site",1,11,0.0909090909090909,NA,NA,"Analysis_kri0007",2026-07-28,"AA-AA-000-0000"
"17187","Site",1,14,0.0714285714285714,NA,NA,"Analysis_kri0007",2026-07-28,"AA-AA-000-0000"
"37186","Site",1,15,0.0666666666666667,NA,NA,"Analysis_kri0007",2026-07-28,"AA-AA-000-0000"
"8594","Site",0,14,0,NA,NA,"Analysis_kri0007",2026-07-28,"AA-AA-000-0000"
"31107","Site",0,13,0,NA,NA,"Analysis_kri0007",2026-07-28,"AA-AA-000-0000"
"34713","Site",0,13,0,NA,NA,"Analysis_kri0007",2026-07-28,"AA-AA-000-0000"
"17808","Site",0,12,0,NA,NA,"Analysis_kri0007",2026-07-28,"AA-AA-000-0000"
"34341","Site",0,12,0,NA,NA,"Analysis_kri0007",2026-07-28,"AA-AA-000-0000"
"2392","Site",0,11,0,NA,NA,"Analysis_kri0007",2026-07-28,"AA-AA-000-0000"
"9522","Site",0,11,0,NA,NA,"Analysis_kri0007",2026-07-28,"AA-AA-000-0000"
"12417","Site",0,11,0,NA,NA,"Analysis_kri0007",2026-07-28,"AA-AA-000-0000"
"18777","Site",0,11,0,NA,NA,"Analysis_kri0007",2026-07-28,"AA-AA-000-0000"
"8560","Site",0,10,0,NA,NA,"Analysis_kri0007",2026-07-28,"AA-AA-000-0000"
"20531","Site",0,10,0,NA,NA,"Analysis_kri0007",2026-07-28,"AA-AA-000-0000"
"16498","Site",0,9,0,NA,NA,"Analysis_kri0007",2026-07-28,"AA-AA-000-0000"
"22677","Site",0,9,0,NA,NA,"Analysis_kri0007",2026-07-28,"AA-AA-000-0000"
"26115","Site",0,9,0,NA,NA,"Analysis_kri0007",2026-07-28,"AA-AA-000-0000"
"28676","Site",0,9,0,NA,NA,"Analysis_kri0007",2026-07-28,"AA-AA-000-0000"
"33617","Site",0,9,0,NA,NA,"Analysis_kri0007",2026-07-28,"AA-AA-000-0000"
"37728","Site",0,9,0,NA,NA,"Analysis_kri0007",2026-07-28,"AA-AA-000-0000"
"16992","Site",0,8,0,NA,NA,"Analysis_kri0007",2026-07-28,"AA-AA-000-0000"
"17172","Site",0,8,0,NA,NA,"Analysis_kri0007",2026-07-28,"AA-AA-000-0000"
"34694","Site",0,8,0,NA,NA,"Analysis_kri0007",2026-07-28,"AA-AA-000-0000"
"5960","Site",0,7,0,NA,NA,"Analysis_kri0007",2026-07-28,"AA-AA-000-0000"
"5968","Site",0,7,0,NA,NA,"Analysis_kri0007",2026-07-28,"AA-AA-000-0000"
"10630","Site",0,7,0,NA,NA,"Analysis_kri0007",2026-07-28,"AA-AA-000-0000"
"12937","Site",0,7,0,NA,NA,"Analysis_kri0007",2026-07-28,"AA-AA-000-0000"
"13139","Site",0,7,0,NA,NA,"Analysis_kri0007",2026-07-28,"AA-AA-000-0000"
"14601","Site",0,7,0,NA,NA,"Analysis_kri0007",2026-07-28,"AA-AA-000-0000"
"14729","Site",0,7,0,NA,NA,"Analysis_kri0007",2026-07-28,"AA-AA-000-0000"
"17961","Site",0,7,0,NA,NA,"Analysis_kri0007",2026-07-28,"AA-AA-000-0000"
"18548","Site",0,7,0,NA,NA,"Analysis_kri0007",2026-07-28,"AA-AA-000-0000"
"21380","Site",0,7,0,NA,NA,"Analysis_kri0007",2026-07-28,"AA-AA-000-0000"
"26880","Site",0,7,0,NA,NA,"Analysis_kri0007",2026-07-28,"AA-AA-000-0000"
"30729","Site",0,7,0,NA,NA,"Analysis_kri0007",2026-07-28,"AA-AA-000-0000"
"34664","Site",0,7,0,NA,NA,"Analysis_kri0007",2026-07-28,"AA-AA-000-0000"
"38497","Site",0,7,0,NA,NA,"Analysis_kri0007",2026-07-28,"AA-AA-000-0000"
"1881","Site",0,6,0,NA,NA,"Analysis_kri0007",2026-07-28,"AA-AA-000-0000"
"4659","Site",0,6,0,NA,NA,"Analysis_kri0007",2026-07-28,"AA-AA-000-0000"
"8995","Site",0,6,0,NA,NA,"Analysis_kri0007",2026-07-28,"AA-AA-000-0000"
"14393","Site",0,6,0,NA,NA,"Analysis_kri0007",2026-07-28,"AA-AA-000-0000"
"22033","Site",0,6,0,NA,NA,"Analysis_kri0007",2026-07-28,"AA-AA-000-0000"
"25605","Site",0,6,0,NA,NA,"Analysis_kri0007",2026-07-28,"AA-AA-000-0000"
"28689","Site",0,6,0,NA,NA,"Analysis_kri0007",2026-07-28,"AA-AA-000-0000"
"33296","Site",0,6,0,NA,NA,"Analysis_kri0007",2026-07-28,"AA-AA-000-0000"
"33620","Site",0,6,0,NA,NA,"Analysis_kri0007",2026-07-28,"AA-AA-000-0000"
"33824","Site",0,6,0,NA,NA,"Analysis_kri0007",2026-07-28,"AA-AA-000-0000"
"34355","Site",0,6,0,NA,NA,"Analysis_kri0007",2026-07-28,"AA-AA-000-0000"
"34696","Site",0,6,0,NA,NA,"Analysis_kri0007",2026-07-28,"AA-AA-000-0000"
"38711","Site",0,6,0,NA,NA,"Analysis_kri0007",2026-07-28,"AA-AA-000-0000"
"4695","Site",0,5,0,NA,NA,"Analysis_kri0007",2026-07-28,"AA-AA-000-0000"
"6022","Site",0,5,0,NA,NA,"Analysis_kri0007",2026-07-28,"AA-AA-000-0000"
"6416","Site",0,5,0,NA,NA,"Analysis_kri0007",2026-07-28,"AA-AA-000-0000"
"6530","Site",0,5,0,NA,NA,"Analysis_kri0007",2026-07-28,"AA-AA-000-0000"
"9075","Site",0,5,0,NA,NA,"Analysis_kri0007",2026-07-28,"AA-AA-000-0000"
"10388","Site",0,5,0,NA,NA,"Analysis_kri0007",2026-07-28,"AA-AA-000-0000"
"12432","Site",0,5,0,NA,NA,"Analysis_kri0007",2026-07-28,"AA-AA-000-0000"
"13081","Site",0,5,0,NA,NA,"Analysis_kri0007",2026-07-28,"AA-AA-000-0000"
"14105","Site",0,5,0,NA,NA,"Analysis_kri0007",2026-07-28,"AA-AA-000-0000"
"20578","Site",0,5,0,NA,NA,"Analysis_kri0007",2026-07-28,"AA-AA-000-0000"
"24964","Site",0,5,0,NA,NA,"Analysis_kri0007",2026-07-28,"AA-AA-000-0000"
"25476","Site",0,5,0,NA,NA,"Analysis_kri0007",2026-07-28,"AA-AA-000-0000"
"26674","Site",0,5,0,NA,NA,"Analysis_kri0007",2026-07-28,"AA-AA-000-0000"
"28822","Site",0,5,0,NA,NA,"Analysis_kri0007",2026-07-28,"AA-AA-000-0000"
"29060","Site",0,5,0,NA,NA,"Analysis_kri0007",2026-07-28,"AA-AA-000-0000"
"34869","Site",0,5,0,NA,NA,"Analysis_kri0007",2026-07-28,"AA-AA-000-0000"
"35223","Site",0,5,0,NA,NA,"Analysis_kri0007",2026-07-28,"AA-AA-000-0000"
"38272","Site",0,5,0,NA,NA,"Analysis_kri0007",2026-07-28,"AA-AA-000-0000"
"38404","Site",0,5,0,NA,NA,"Analysis_kri0007",2026-07-28,"AA-AA-000-0000"
"34","Site",0,4,0,NA,NA,"Analysis_kri0007",2026-07-28,"AA-AA-000-0000"
"4354","Site",0,4,0,NA,NA,"Analysis_kri0007",2026-07-28,"AA-AA-000-0000"
"6452","Site",0,4,0,NA,NA,"Analysis_kri0007",2026-07-28,"AA-AA-000-0000"
"10497","Site",0,4,0,NA,NA,"Analysis_kri0007",2026-07-28,"AA-AA-000-0000"
"10624","Site",0,4,0,NA,NA,"Analysis_kri0007",2026-07-28,"AA-AA-000-0000"
"12392","Site",0,4,0,NA,NA,"Analysis_kri0007",2026-07-28,"AA-AA-000-0000"
"13333","Site",0,4,0,NA,NA,"Analysis_kri0007",2026-07-28,"AA-AA-000-0000"
"14164","Site",0,4,0,NA,NA,"Analysis_kri0007",2026-07-28,"AA-AA-000-0000"
"14648","Site",0,4,0,NA,NA,"Analysis_kri0007",2026-07-28,"AA-AA-000-0000"
"25616","Site",0,4,0,NA,NA,"Analysis_kri0007",2026-07-28,"AA-AA-000-0000"
"29192","Site",0,4,0,NA,NA,"Analysis_kri0007",2026-07-28,"AA-AA-000-0000"
"30816","Site",0,4,0,NA,NA,"Analysis_kri0007",2026-07-28,"AA-AA-000-0000"
"34660","Site",0,4,0,NA,NA,"Analysis_kri0007",2026-07-28,"AA-AA-000-0000"
"37781","Site",0,4,0,NA,NA,"Analysis_kri0007",2026-07-28,"AA-AA-000-0000"
"38166","Site",0,4,0,NA,NA,"Analysis_kri0007",2026-07-28,"AA-AA-000-0000"
"39000","Site",0,4,0,NA,NA,"Analysis_kri0007",2026-07-28,"AA-AA-000-0000"
"39044","Site",0,4,0,NA,NA,"Analysis_kri0007",2026-07-28,"AA-AA-000-0000"
"1028","Site",0,3,0,NA,NA,"Analysis_kri0007",2026-07-28,"AA-AA-000-0000"
"6209","Site",0,3,0,NA,NA,"Analysis_kri0007",2026-07-28,"AA-AA-000-0000"
"9044","Site",0,3,0,NA,NA,"Analysis_kri0007",2026-07-28,"AA-AA-000-0000"
"10371","Site",0,3,0,NA,NA,"Analysis_kri0007",2026-07-28,"AA-AA-000-0000"
"10531","Site",0,3,0,NA,NA,"Analysis_kri0007",2026-07-28,"AA-AA-000-0000"
"12407","Site",0,3,0,NA,NA,"Analysis_kri0007",2026-07-28,"AA-AA-000-0000"
"14449","Site",0,3,0,NA,NA,"Analysis_kri0007",2026-07-28,"AA-AA-000-0000"
"17731","Site",0,3,0,NA,NA,"Analysis_kri0007",2026-07-28,"AA-AA-000-0000"
"17815","Site",0,3,0,NA,NA,"Analysis_kri0007",2026-07-28,"AA-AA-000-0000"
"24917","Site",0,3,0,NA,NA,"Analysis_kri0007",2026-07-28,"AA-AA-000-0000"
"25970","Site",0,3,0,NA,NA,"Analysis_kri0007",2026-07-28,"AA-AA-000-0000"
"27025","Site",0,3,0,NA,NA,"Analysis_kri0007",2026-07-28,"AA-AA-000-0000"
"30776","Site",0,3,0,NA,NA,"Analysis_kri0007",2026-07-28,"AA-AA-000-0000"
"37912","Site",0,3,0,NA,NA,"Analysis_kri0007",2026-07-28,"AA-AA-000-0000"
"257","Site",0,2,0,NA,NA,"Analysis_kri0007",2026-07-28,"AA-AA-000-0000"
"5444","Site",0,2,0,NA,NA,"Analysis_kri0007",2026-07-28,"AA-AA-000-0000"
"6453","Site",0,2,0,NA,NA,"Analysis_kri0007",2026-07-28,"AA-AA-000-0000"
"16424","Site",0,2,0,NA,NA,"Analysis_kri0007",2026-07-28,"AA-AA-000-0000"
"16725","Site",0,2,0,NA,NA,"Analysis_kri0007",2026-07-28,"AA-AA-000-0000"
"17444","Site",0,2,0,NA,NA,"Analysis_kri0007",2026-07-28,"AA-AA-000-0000"
"17938","Site",0,2,0,NA,NA,"Analysis_kri0007",2026-07-28,"AA-AA-000-0000"
"18033","Site",0,2,0,NA,NA,"Analysis_kri0007",2026-07-28,"AA-AA-000-0000"
"18179","Site",0,2,0,NA,NA,"Analysis_kri0007",2026-07-28,"AA-AA-000-0000"
"18244","Site",0,2,0,NA,NA,"Analysis_kri0007",2026-07-28,"AA-AA-000-0000"
"18549","Site",0,2,0,NA,NA,"Analysis_kri0007",2026-07-28,"AA-AA-000-0000"
"21541","Site",0,2,0,NA,NA,"Analysis_kri0007",2026-07-28,"AA-AA-000-0000"
"24680","Site",0,2,0,NA,NA,"Analysis_kri0007",2026-07-28,"AA-AA-000-0000"
"24867","Site",0,2,0,NA,NA,"Analysis_kri0007",2026-07-28,"AA-AA-000-0000"
"29254","Site",0,2,0,NA,NA,"Analysis_kri0007",2026-07-28,"AA-AA-000-0000"
"30019","Site",0,2,0,NA,NA,"Analysis_kri0007",2026-07-28,"AA-AA-000-0000"
"30516","Site",0,2,0,NA,NA,"Analysis_kri0007",2026-07-28,"AA-AA-000-0000"
"30995","Site",0,2,0,NA,NA,"Analysis_kri0007",2026-07-28,"AA-AA-000-0000"
"32900","Site",0,2,0,NA,NA,"Analysis_kri0007",2026-07-28,"AA-AA-000-0000"
"34343","Site",0,2,0,NA,NA,"Analysis_kri0007",2026-07-28,"AA-AA-000-0000"
"34903","Site",0,2,0,NA,NA,"Analysis_kri0007",2026-07-28,"AA-AA-000-0000"
"37191","Site",0,2,0,NA,NA,"Analysis_kri0007",2026-07-28,"AA-AA-000-0000"
"38758","Site",0,2,0,NA,NA,"Analysis_kri0007",2026-07-28,"AA-AA-000-0000"
"39048","Site",0,2,0,NA,NA,"Analysis_kri0007",2026-07-28,"AA-AA-000-0000"
"4723","Site",0,1,0,NA,NA,"Analysis_kri0007",2026-07-28,"AA-AA-000-0000"
"8240","Site",0,1,0,NA,NA,"Analysis_kri0007",2026-07-28,"AA-AA-000-0000"
"8290","Site",0,1,0,NA,NA,"Analysis_kri0007",2026-07-28,"AA-AA-000-0000"
"14169","Site",0,1,0,NA,NA,"Analysis_kri0007",2026-07-28,"AA-AA-000-0000"
"17013","Site",0,1,0,NA,NA,"Analysis_kri0007",2026-07-28,"AA-AA-000-0000"
"18260","Site",0,1,0,NA,NA,"Analysis_kri0007",2026-07-28,"AA-AA-000-0000"
"18806","Site",0,1,0,NA,NA,"Analysis_kri0007",2026-07-28,"AA-AA-000-0000"
"20869","Site",0,1,0,NA,NA,"Analysis_kri0007",2026-07-28,"AA-AA-000-0000"
"21015","Site",0,1,0,NA,NA,"Analysis_kri0007",2026-07-28,"AA-AA-000-0000"
"21129","Site",0,1,0,NA,NA,"Analysis_kri0007",2026-07-28,"AA-AA-000-0000"
"25664","Site",0,1,0,NA,NA,"Analysis_kri0007",2026-07-28,"AA-AA-000-0000"
"33633","Site",0,1,0,NA,NA,"Analysis_kri0007",2026-07-28,"AA-AA-000-0000"
"34326","Site",0,1,0,NA,NA,"Analysis_kri0007",2026-07-28,"AA-AA-000-0000"
"36994","Site",0,1,0,NA,NA,"Analysis_kri0007",2026-07-28,"AA-AA-000-0000"
"32913","Site",1128,2000,0.564,2.48171321654097,1,"Analysis_kri0008",2026-07-28,"AA-AA-000-0000"
"34071","Site",1880,4000,0.47,2.52435042307158,1,"Analysis_kri0008",2026-07-28,"AA-AA-000-0000"
"28689","Site",1692,4000,0.423,2.03168939023098,1,"Analysis_kri0008",2026-07-28,"AA-AA-000-0000"
"531","Site",3854,10000,0.3854,2.58921059428934,1,"Analysis_kri0008",2026-07-28,"AA-AA-000-0000"
"8995","Site",2162,6000,0.360333333333333,1.68378906320474,0,"Analysis_kri0008",2026-07-28,"AA-AA-000-0000"
"12432","Site",1410,4000,0.3525,1.29269784097007,0,"Analysis_kri0008",2026-07-28,"AA-AA-000-0000"
"17961","Site",1410,4000,0.3525,1.29269784097007,0,"Analysis_kri0008",2026-07-28,"AA-AA-000-0000"
"38272","Site",1410,4000,0.3525,1.29269784097007,0,"Analysis_kri0008",2026-07-28,"AA-AA-000-0000"
"8594","Site",3760,11000,0.341818181818182,1.95801823985907,0,"Analysis_kri0008",2026-07-28,"AA-AA-000-0000"
"34341","Site",3760,11000,0.341818181818182,1.95801823985907,0,"Analysis_kri0008",2026-07-28,"AA-AA-000-0000"
"22677","Site",2350,7000,0.335714285714286,1.47731804421624,0,"Analysis_kri0008",2026-07-28,"AA-AA-000-0000"
"37702","Site",3666,11000,0.333272727272727,1.80947534942623,0,"Analysis_kri0008",2026-07-28,"AA-AA-000-0000"
"257","Site",658,2000,0.329,0.739893430801166,0,"Analysis_kri0008",2026-07-28,"AA-AA-000-0000"
"25605","Site",1974,6000,0.329,1.28153301433407,0,"Analysis_kri0008",2026-07-28,"AA-AA-000-0000"
"2392","Site",2632,8000,0.329,1.47978686160233,0,"Analysis_kri0008",2026-07-28,"AA-AA-000-0000"
"37186","Site",4606,14000,0.329,1.95757401459026,0,"Analysis_kri0008",2026-07-28,"AA-AA-000-0000"
"1881","Site",1598,5000,0.3196,1.05971187763425,0,"Analysis_kri0008",2026-07-28,"AA-AA-000-0000"
"6530","Site",1598,5000,0.3196,1.05971187763425,0,"Analysis_kri0008",2026-07-28,"AA-AA-000-0000"
"14601","Site",1598,5000,0.3196,1.05971187763425,0,"Analysis_kri0008",2026-07-28,"AA-AA-000-0000"
"38711","Site",1598,5000,0.3196,1.05971187763425,0,"Analysis_kri0008",2026-07-28,"AA-AA-000-0000"
"17541","Site",2538,8000,0.31725,1.30560488302835,0,"Analysis_kri0008",2026-07-28,"AA-AA-000-0000"
"8560","Site",1880,6000,0.313333333333333,1.08040498989873,0,"Analysis_kri0008",2026-07-28,"AA-AA-000-0000"
"21380","Site",2162,7000,0.308857142857143,1.10490130891668,0,"Analysis_kri0008",2026-07-28,"AA-AA-000-0000"
"34355","Site",1504,5000,0.3008,0.839387165774878,0,"Analysis_kri0008",2026-07-28,"AA-AA-000-0000"
"34696","Site",1504,5000,0.3008,0.839387165774878,0,"Analysis_kri0008",2026-07-28,"AA-AA-000-0000"
"5968","Site",1786,6000,0.297666666666667,0.87927696546339,0,"Analysis_kri0008",2026-07-28,"AA-AA-000-0000"
"26880","Site",1786,6000,0.297666666666667,0.87927696546339,0,"Analysis_kri0008",2026-07-28,"AA-AA-000-0000"
"18260","Site",282,1000,0.282,0.276853145854581,0,"Analysis_kri0008",2026-07-28,"AA-AA-000-0000"
"33617","Site",2256,8000,0.282,0.78305894730641,0,"Analysis_kri0008",2026-07-28,"AA-AA-000-0000"
"37728","Site",2256,8000,0.282,0.78305894730641,0,"Analysis_kri0008",2026-07-28,"AA-AA-000-0000"
"17187","Site",3384,12000,0.282,0.959047429710823,0,"Analysis_kri0008",2026-07-28,"AA-AA-000-0000"
"34713","Site",3384,12000,0.282,0.959047429710823,0,"Analysis_kri0008",2026-07-28,"AA-AA-000-0000"
"18777","Site",2162,8000,0.27025,0.60887696873243,0,"Analysis_kri0008",2026-07-28,"AA-AA-000-0000"
"14729","Site",1598,6000,0.266333333333333,0.477020916592713,0,"Analysis_kri0008",2026-07-28,"AA-AA-000-0000"
"30729","Site",1316,5000,0.2632,0.398737742056137,0,"Analysis_kri0008",2026-07-28,"AA-AA-000-0000"
"26115","Site",2350,9000,0.261111111111111,0.50211874900334,0,"Analysis_kri0008",2026-07-28,"AA-AA-000-0000"
"4695","Site",1034,4000,0.2585,0.30737577528886,0,"Analysis_kri0008",2026-07-28,"AA-AA-000-0000"
"18548","Site",1034,4000,0.2585,0.30737577528886,0,"Analysis_kri0008",2026-07-28,"AA-AA-000-0000"
"384","Site",1786,7000,0.255142857142857,0.360067838317552,0,"Analysis_kri0008",2026-07-28,"AA-AA-000-0000"
"9522","Site",1504,6000,0.250666666666667,0.275892892157375,0,"Analysis_kri0008",2026-07-28,"AA-AA-000-0000"
"17808","Site",2726,11000,0.247818181818182,0.32404644509782,0,"Analysis_kri0008",2026-07-28,"AA-AA-000-0000"
"12937","Site",1222,5000,0.2444,0.178413030196768,0,"Analysis_kri0008",2026-07-28,"AA-AA-000-0000"
"6416","Site",940,4000,0.235,0.0610452588685566,0,"Analysis_kri0008",2026-07-28,"AA-AA-000-0000"
"10497","Site",940,4000,0.235,0.0610452588685566,0,"Analysis_kri0008",2026-07-28,"AA-AA-000-0000"
"33620","Site",940,4000,0.235,0.0610452588685566,0,"Analysis_kri0008",2026-07-28,"AA-AA-000-0000"
"10630","Site",1128,5000,0.2256,-0.0419116816626027,0,"Analysis_kri0008",2026-07-28,"AA-AA-000-0000"
"20531","Site",1786,8000,0.22325,-0.0878509455634909,0,"Analysis_kri0008",2026-07-28,"AA-AA-000-0000"
"1028","Site",658,3000,0.219333333333333,-0.089352245004114,0,"Analysis_kri0008",2026-07-28,"AA-AA-000-0000"
"25616","Site",658,3000,0.219333333333333,-0.089352245004114,0,"Analysis_kri0008",2026-07-28,"AA-AA-000-0000"
"33824","Site",658,3000,0.219333333333333,-0.089352245004114,0,"Analysis_kri0008",2026-07-28,"AA-AA-000-0000"
"38497","Site",658,3000,0.219333333333333,-0.089352245004114,0,"Analysis_kri0008",2026-07-28,"AA-AA-000-0000"
"34694","Site",1692,8000,0.2115,-0.262032924137471,0,"Analysis_kri0008",2026-07-28,"AA-AA-000-0000"
"28676","Site",846,4000,0.2115,-0.185285257551746,0,"Analysis_kri0008",2026-07-28,"AA-AA-000-0000"
"38404","Site",846,4000,0.2115,-0.185285257551746,0,"Analysis_kri0008",2026-07-28,"AA-AA-000-0000"
"16996","Site",1034,5000,0.2068,-0.262236393521973,0,"Analysis_kri0008",2026-07-28,"AA-AA-000-0000"
"17172","Site",1034,5000,0.2068,-0.262236393521973,0,"Analysis_kri0008",2026-07-28,"AA-AA-000-0000"
"28822","Site",1034,5000,0.2068,-0.262236393521973,0,"Analysis_kri0008",2026-07-28,"AA-AA-000-0000"
"29060","Site",1034,5000,0.2068,-0.262236393521973,0,"Analysis_kri0008",2026-07-28,"AA-AA-000-0000"
"12417","Site",1974,10000,0.1974,-0.526651362085315,0,"Analysis_kri0008",2026-07-28,"AA-AA-000-0000"
"31107","Site",2350,12000,0.195833333333333,-0.605361459902872,0,"Analysis_kri0008",2026-07-28,"AA-AA-000-0000"
"34660","Site",752,4000,0.188,-0.431615773972049,0,"Analysis_kri0008",2026-07-28,"AA-AA-000-0000"
"34869","Site",752,4000,0.188,-0.431615773972049,0,"Analysis_kri0008",2026-07-28,"AA-AA-000-0000"
"5444","Site",376,2000,0.188,-0.305198440642716,0,"Analysis_kri0008",2026-07-28,"AA-AA-000-0000"
"21541","Site",376,2000,0.188,-0.305198440642716,0,"Analysis_kri0008",2026-07-28,"AA-AA-000-0000"
"25970","Site",376,2000,0.188,-0.305198440642716,0,"Analysis_kri0008",2026-07-28,"AA-AA-000-0000"
"29192","Site",376,2000,0.188,-0.305198440642716,0,"Analysis_kri0008",2026-07-28,"AA-AA-000-0000"
"34903","Site",376,2000,0.188,-0.305198440642716,0,"Analysis_kri0008",2026-07-28,"AA-AA-000-0000"
"21129","Site",188,1000,0.188,-0.215807886986024,0,"Analysis_kri0008",2026-07-28,"AA-AA-000-0000"
"37908","Site",1034,6000,0.172333333333333,-0.729747230019317,0,"Analysis_kri0008",2026-07-28,"AA-AA-000-0000"
"5927","Site",846,5000,0.1692,-0.702885817240713,0,"Analysis_kri0008",2026-07-28,"AA-AA-000-0000"
"6022","Site",846,5000,0.1692,-0.702885817240713,0,"Analysis_kri0008",2026-07-28,"AA-AA-000-0000"
"9075","Site",846,5000,0.1692,-0.702885817240713,0,"Analysis_kri0008",2026-07-28,"AA-AA-000-0000"
"12392","Site",658,4000,0.1645,-0.677946290392352,0,"Analysis_kri0008",2026-07-28,"AA-AA-000-0000"
"13081","Site",658,4000,0.1645,-0.677946290392352,0,"Analysis_kri0008",2026-07-28,"AA-AA-000-0000"
"14648","Site",658,4000,0.1645,-0.677946290392352,0,"Analysis_kri0008",2026-07-28,"AA-AA-000-0000"
"33296","Site",658,4000,0.1645,-0.677946290392352,0,"Analysis_kri0008",2026-07-28,"AA-AA-000-0000"
"10371","Site",470,3000,0.156666666666667,-0.658228204863639,0,"Analysis_kri0008",2026-07-28,"AA-AA-000-0000"
"30212","Site",470,3000,0.156666666666667,-0.658228204863639,0,"Analysis_kri0008",2026-07-28,"AA-AA-000-0000"
"534","Site",752,5000,0.1504,-0.923210529100083,0,"Analysis_kri0008",2026-07-28,"AA-AA-000-0000"
"25476","Site",658,5000,0.1316,-1.14353524095945,0,"Analysis_kri0008",2026-07-28,"AA-AA-000-0000"
"10624","Site",376,3000,0.125333333333333,-0.942666184793402,0,"Analysis_kri0008",2026-07-28,"AA-AA-000-0000"
"14105","Site",376,3000,0.125333333333333,-0.942666184793402,0,"Analysis_kri0008",2026-07-28,"AA-AA-000-0000"
"14164","Site",376,3000,0.125333333333333,-0.942666184793402,0,"Analysis_kri0008",2026-07-28,"AA-AA-000-0000"
"16992","Site",376,3000,0.125333333333333,-0.942666184793402,0,"Analysis_kri0008",2026-07-28,"AA-AA-000-0000"
"16498","Site",470,4000,0.1175,-1.17060732323296,0,"Analysis_kri0008",2026-07-28,"AA-AA-000-0000"
"20578","Site",470,4000,0.1175,-1.17060732323296,0,"Analysis_kri0008",2026-07-28,"AA-AA-000-0000"
"26674","Site",564,5000,0.1128,-1.36385995281882,0,"Analysis_kri0008",2026-07-28,"AA-AA-000-0000"
"14393","Site",564,6000,0.094,-1.73538735219601,0,"Analysis_kri0008",2026-07-28,"AA-AA-000-0000"
"4659","Site",470,5000,0.094,-1.58418466467819,0,"Analysis_kri0008",2026-07-28,"AA-AA-000-0000"
"5960","Site",470,5000,0.094,-1.58418466467819,0,"Analysis_kri0008",2026-07-28,"AA-AA-000-0000"
"34","Site",376,4000,0.094,-1.41693783965326,0,"Analysis_kri0008",2026-07-28,"AA-AA-000-0000"
"6452","Site",376,4000,0.094,-1.41693783965326,0,"Analysis_kri0008",2026-07-28,"AA-AA-000-0000"
"13139","Site",376,4000,0.094,-1.41693783965326,0,"Analysis_kri0008",2026-07-28,"AA-AA-000-0000"
"34664","Site",376,4000,0.094,-1.41693783965326,0,"Analysis_kri0008",2026-07-28,"AA-AA-000-0000"
"35223","Site",376,4000,0.094,-1.41693783965326,0,"Analysis_kri0008",2026-07-28,"AA-AA-000-0000"
"9044","Site",282,3000,0.094,-1.22710416472317,0,"Analysis_kri0008",2026-07-28,"AA-AA-000-0000"
"13333","Site",282,3000,0.094,-1.22710416472317,0,"Analysis_kri0008",2026-07-28,"AA-AA-000-0000"
"24964","Site",282,3000,0.094,-1.22710416472317,0,"Analysis_kri0008",2026-07-28,"AA-AA-000-0000"
"37781","Site",282,3000,0.094,-1.22710416472317,0,"Analysis_kri0008",2026-07-28,"AA-AA-000-0000"
"38166","Site",282,3000,0.094,-1.22710416472317,0,"Analysis_kri0008",2026-07-28,"AA-AA-000-0000"
"4354","Site",188,2000,0.094,-1.00192635493864,0,"Analysis_kri0008",2026-07-28,"AA-AA-000-0000"
"6453","Site",188,2000,0.094,-1.00192635493864,0,"Analysis_kri0008",2026-07-28,"AA-AA-000-0000"
"12407","Site",188,2000,0.094,-1.00192635493864,0,"Analysis_kri0008",2026-07-28,"AA-AA-000-0000"
"14449","Site",188,2000,0.094,-1.00192635493864,0,"Analysis_kri0008",2026-07-28,"AA-AA-000-0000"
"17444","Site",188,2000,0.094,-1.00192635493864,0,"Analysis_kri0008",2026-07-28,"AA-AA-000-0000"
"17731","Site",188,2000,0.094,-1.00192635493864,0,"Analysis_kri0008",2026-07-28,"AA-AA-000-0000"
"18033","Site",188,2000,0.094,-1.00192635493864,0,"Analysis_kri0008",2026-07-28,"AA-AA-000-0000"
"18549","Site",188,2000,0.094,-1.00192635493864,0,"Analysis_kri0008",2026-07-28,"AA-AA-000-0000"
"22033","Site",188,2000,0.094,-1.00192635493864,0,"Analysis_kri0008",2026-07-28,"AA-AA-000-0000"
"24867","Site",188,2000,0.094,-1.00192635493864,0,"Analysis_kri0008",2026-07-28,"AA-AA-000-0000"
"24917","Site",188,2000,0.094,-1.00192635493864,0,"Analysis_kri0008",2026-07-28,"AA-AA-000-0000"
"30019","Site",188,2000,0.094,-1.00192635493864,0,"Analysis_kri0008",2026-07-28,"AA-AA-000-0000"
"30816","Site",188,2000,0.094,-1.00192635493864,0,"Analysis_kri0008",2026-07-28,"AA-AA-000-0000"
"39000","Site",188,2000,0.094,-1.00192635493864,0,"Analysis_kri0008",2026-07-28,"AA-AA-000-0000"
"39044","Site",188,2000,0.094,-1.00192635493864,0,"Analysis_kri0008",2026-07-28,"AA-AA-000-0000"
"4723","Site",94,1000,0.094,-0.70846891982663,0,"Analysis_kri0008",2026-07-28,"AA-AA-000-0000"
"6209","Site",94,1000,0.094,-0.70846891982663,0,"Analysis_kri0008",2026-07-28,"AA-AA-000-0000"
"8240","Site",94,1000,0.094,-0.70846891982663,0,"Analysis_kri0008",2026-07-28,"AA-AA-000-0000"
"10388","Site",94,1000,0.094,-0.70846891982663,0,"Analysis_kri0008",2026-07-28,"AA-AA-000-0000"
"10531","Site",94,1000,0.094,-0.70846891982663,0,"Analysis_kri0008",2026-07-28,"AA-AA-000-0000"
"14169","Site",94,1000,0.094,-0.70846891982663,0,"Analysis_kri0008",2026-07-28,"AA-AA-000-0000"
"16424","Site",94,1000,0.094,-0.70846891982663,0,"Analysis_kri0008",2026-07-28,"AA-AA-000-0000"
"17938","Site",94,1000,0.094,-0.70846891982663,0,"Analysis_kri0008",2026-07-28,"AA-AA-000-0000"
"18179","Site",94,1000,0.094,-0.70846891982663,0,"Analysis_kri0008",2026-07-28,"AA-AA-000-0000"
"18244","Site",94,1000,0.094,-0.70846891982663,0,"Analysis_kri0008",2026-07-28,"AA-AA-000-0000"
"18806","Site",94,1000,0.094,-0.70846891982663,0,"Analysis_kri0008",2026-07-28,"AA-AA-000-0000"
"21015","Site",94,1000,0.094,-0.70846891982663,0,"Analysis_kri0008",2026-07-28,"AA-AA-000-0000"
"24680","Site",94,1000,0.094,-0.70846891982663,0,"Analysis_kri0008",2026-07-28,"AA-AA-000-0000"
"25664","Site",94,1000,0.094,-0.70846891982663,0,"Analysis_kri0008",2026-07-28,"AA-AA-000-0000"
"27025","Site",94,1000,0.094,-0.70846891982663,0,"Analysis_kri0008",2026-07-28,"AA-AA-000-0000"
"30776","Site",94,1000,0.094,-0.70846891982663,0,"Analysis_kri0008",2026-07-28,"AA-AA-000-0000"
"33633","Site",94,1000,0.094,-0.70846891982663,0,"Analysis_kri0008",2026-07-28,"AA-AA-000-0000"
"34326","Site",94,1000,0.094,-0.70846891982663,0,"Analysis_kri0008",2026-07-28,"AA-AA-000-0000"
"34343","Site",94,1000,0.094,-0.70846891982663,0,"Analysis_kri0008",2026-07-28,"AA-AA-000-0000"
"36994","Site",94,1000,0.094,-0.70846891982663,0,"Analysis_kri0008",2026-07-28,"AA-AA-000-0000"
"37191","Site",94,1000,0.094,-0.70846891982663,0,"Analysis_kri0008",2026-07-28,"AA-AA-000-0000"
"37912","Site",94,1000,0.094,-0.70846891982663,0,"Analysis_kri0008",2026-07-28,"AA-AA-000-0000"
"39048","Site",94,1000,0.094,-0.70846891982663,0,"Analysis_kri0008",2026-07-28,"AA-AA-000-0000"
"17731","Site",181,188,0.962765957446808,2.28601999144043,1,"Analysis_kri0009",2026-07-28,"AA-AA-000-0000"
"30212","Site",444,470,0.94468085106383,2.19670811814848,1,"Analysis_kri0009",2026-07-28,"AA-AA-000-0000"
"14169","Site",91,94,0.968085106382979,1.80294920907978,0,"Analysis_kri0009",2026-07-28,"AA-AA-000-0000"
"10531","Site",90,94,0.957446808510638,1.4299712666713,0,"Analysis_kri0009",2026-07-28,"AA-AA-000-0000"
"34343","Site",90,94,0.957446808510638,1.4299712666713,0,"Analysis_kri0009",2026-07-28,"AA-AA-000-0000"
"30019","Site",179,188,0.952127659574468,1.75854952682035,0,"Analysis_kri0009",2026-07-28,"AA-AA-000-0000"
"18179","Site",89,94,0.946808510638298,1.05699332426282,0,"Analysis_kri0009",2026-07-28,"AA-AA-000-0000"
"18244","Site",89,94,0.946808510638298,1.05699332426282,0,"Analysis_kri0009",2026-07-28,"AA-AA-000-0000"
"21015","Site",89,94,0.946808510638298,1.05699332426282,0,"Analysis_kri0009",2026-07-28,"AA-AA-000-0000"
"37781","Site",266,282,0.943262411347518,1.61542722543301,0,"Analysis_kri0009",2026-07-28,"AA-AA-000-0000"
"34","Site",353,376,0.938829787234043,1.55451973491293,0,"Analysis_kri0009",2026-07-28,"AA-AA-000-0000"
"10624","Site",353,376,0.938829787234043,1.55451973491293,0,"Analysis_kri0009",2026-07-28,"AA-AA-000-0000"
"35223","Site",353,376,0.938829787234043,1.55451973491293,0,"Analysis_kri0009",2026-07-28,"AA-AA-000-0000"
"4723","Site",88,94,0.936170212765957,0.684015381854347,0,"Analysis_kri0009",2026-07-28,"AA-AA-000-0000"
"24680","Site",88,94,0.936170212765957,0.684015381854347,0,"Analysis_kri0009",2026-07-28,"AA-AA-000-0000"
"33633","Site",88,94,0.936170212765957,0.684015381854347,0,"Analysis_kri0009",2026-07-28,"AA-AA-000-0000"
"37912","Site",88,94,0.936170212765957,0.684015381854347,0,"Analysis_kri0009",2026-07-28,"AA-AA-000-0000"
"5960","Site",438,470,0.931914893617021,1.19590327814845,0,"Analysis_kri0009",2026-07-28,"AA-AA-000-0000"
"6453","Site",175,188,0.930851063829787,0.703608597580186,0,"Analysis_kri0009",2026-07-28,"AA-AA-000-0000"
"18033","Site",175,188,0.930851063829787,0.703608597580186,0,"Analysis_kri0009",2026-07-28,"AA-AA-000-0000"
"24867","Site",175,188,0.930851063829787,0.703608597580186,0,"Analysis_kri0009",2026-07-28,"AA-AA-000-0000"
"14105","Site",350,376,0.930851063829787,0.995052821300213,0,"Analysis_kri0009",2026-07-28,"AA-AA-000-0000"
"4695","Site",962,1034,0.93036750483559,1.59387988696197,0,"Analysis_kri0009",2026-07-28,"AA-AA-000-0000"
"16996","Site",962,1034,0.93036750483559,1.59387988696197,0,"Analysis_kri0009",2026-07-28,"AA-AA-000-0000"
"25616","Site",611,658,0.928571428571429,1.10487253609705,0,"Analysis_kri0009",2026-07-28,"AA-AA-000-0000"
"14729","Site",1483,1598,0.928035043804756,1.6442819699042,0,"Analysis_kri0009",2026-07-28,"AA-AA-000-0000"
"1881","Site",1482,1598,0.927409261576971,1.55382153151739,0,"Analysis_kri0009",2026-07-28,"AA-AA-000-0000"
"38497","Site",610,658,0.927051671732523,0.963900124650563,0,"Analysis_kri0009",2026-07-28,"AA-AA-000-0000"
"34660","Site",697,752,0.92686170212766,1.01161434669532,0,"Analysis_kri0009",2026-07-28,"AA-AA-000-0000"
"9075","Site",784,846,0.926713947990544,1.05743829914043,0,"Analysis_kri0009",2026-07-28,"AA-AA-000-0000"
"8995","Site",2003,2162,0.92645698427382,1.64722571125999,0,"Analysis_kri0009",2026-07-28,"AA-AA-000-0000"
"8560","Site",1741,1880,0.926063829787234,1.4744021196302,0,"Analysis_kri0009",2026-07-28,"AA-AA-000-0000"
"10388","Site",87,94,0.925531914893617,0.311037439445866,0,"Analysis_kri0009",2026-07-28,"AA-AA-000-0000"
"25664","Site",87,94,0.925531914893617,0.311037439445866,0,"Analysis_kri0009",2026-07-28,"AA-AA-000-0000"
"30776","Site",87,94,0.925531914893617,0.311037439445866,0,"Analysis_kri0009",2026-07-28,"AA-AA-000-0000"
"4354","Site",174,188,0.925531914893617,0.439873365270144,0,"Analysis_kri0009",2026-07-28,"AA-AA-000-0000"
"17444","Site",174,188,0.925531914893617,0.439873365270144,0,"Analysis_kri0009",2026-07-28,"AA-AA-000-0000"
"21129","Site",174,188,0.925531914893617,0.439873365270144,0,"Analysis_kri0009",2026-07-28,"AA-AA-000-0000"
"6452","Site",348,376,0.925531914893617,0.622074878891731,0,"Analysis_kri0009",2026-07-28,"AA-AA-000-0000"
"14164","Site",348,376,0.925531914893617,0.622074878891731,0,"Analysis_kri0009",2026-07-28,"AA-AA-000-0000"
"26674","Site",522,564,0.925531914893617,0.761883017544192,0,"Analysis_kri0009",2026-07-28,"AA-AA-000-0000"
"25476","Site",609,658,0.925531914893617,0.822927713204073,0,"Analysis_kri0009",2026-07-28,"AA-AA-000-0000"
"8594","Site",3480,3760,0.925531914893617,1.96717349247127,0,"Analysis_kri0009",2026-07-28,"AA-AA-000-0000"
"34071","Site",1736,1880,0.923404255319149,1.05740010296352,0,"Analysis_kri0009",2026-07-28,"AA-AA-000-0000"
"12432","Site",1301,1410,0.922695035460993,0.819432860500651,0,"Analysis_kri0009",2026-07-28,"AA-AA-000-0000"
"20531","Site",1647,1786,0.922172452407615,0.842378715951153,0,"Analysis_kri0009",2026-07-28,"AA-AA-000-0000"
"24964","Site",260,282,0.921985815602837,0.323393732725043,0,"Analysis_kri0009",2026-07-28,"AA-AA-000-0000"
"38166","Site",260,282,0.921985815602837,0.323393732725043,0,"Analysis_kri0009",2026-07-28,"AA-AA-000-0000"
"32913","Site",1040,1128,0.921985815602837,0.646787465450085,0,"Analysis_kri0009",2026-07-28,"AA-AA-000-0000"
"14601","Site",1473,1598,0.921777221526909,0.739677586036138,0,"Analysis_kri0009",2026-07-28,"AA-AA-000-0000"
"10630","Site",1039,1128,0.921099290780142,0.539118007724423,0,"Analysis_kri0009",2026-07-28,"AA-AA-000-0000"
"5968","Site",1644,1786,0.920492721164614,0.58567769082563,0,"Analysis_kri0009",2026-07-28,"AA-AA-000-0000"
"26880","Site",1644,1786,0.920492721164614,0.58567769082563,0,"Analysis_kri0009",2026-07-28,"AA-AA-000-0000"
"34341","Site",3461,3760,0.920478723404255,0.846686668208073,0,"Analysis_kri0009",2026-07-28,"AA-AA-000-0000"
"30816","Site",173,188,0.920212765957447,0.176138132960107,0,"Analysis_kri0009",2026-07-28,"AA-AA-000-0000"
"5444","Site",346,376,0.920212765957447,0.249096936483258,0,"Analysis_kri0009",2026-07-28,"AA-AA-000-0000"
"34664","Site",346,376,0.920212765957447,0.249096936483258,0,"Analysis_kri0009",2026-07-28,"AA-AA-000-0000"
"34713","Site",3114,3384,0.920212765957447,0.747290809449774,0,"Analysis_kri0009",2026-07-28,"AA-AA-000-0000"
"28689","Site",1556,1692,0.919621749408983,0.440502654776968,0,"Analysis_kri0009",2026-07-28,"AA-AA-000-0000"
"34694","Site",1556,1692,0.919621749408983,0.440502654776968,0,"Analysis_kri0009",2026-07-28,"AA-AA-000-0000"
"257","Site",605,658,0.919452887537994,0.259038067418131,0,"Analysis_kri0009",2026-07-28,"AA-AA-000-0000"
"2392","Site",2420,2632,0.919452887537994,0.518076134836263,0,"Analysis_kri0009",2026-07-28,"AA-AA-000-0000"
"29060","Site",950,1034,0.918762088974855,0.24439491600083,0,"Analysis_kri0009",2026-07-28,"AA-AA-000-0000"
"37908","Site",950,1034,0.918762088974855,0.24439491600083,0,"Analysis_kri0009",2026-07-28,"AA-AA-000-0000"
"6022","Site",777,846,0.918439716312057,0.187156433520651,0,"Analysis_kri0009",2026-07-28,"AA-AA-000-0000"
"6530","Site",1467,1598,0.9180225281602,0.196914955715299,0,"Analysis_kri0009",2026-07-28,"AA-AA-000-0000"
"21380","Site",1984,2162,0.917668825161887,0.169571446027177,0,"Analysis_kri0009",2026-07-28,"AA-AA-000-0000"
"13139","Site",345,376,0.917553191489362,0.0626079652790137,0,"Analysis_kri0009",2026-07-28,"AA-AA-000-0000"
"29192","Site",345,376,0.917553191489362,0.0626079652790137,0,"Analysis_kri0009",2026-07-28,"AA-AA-000-0000"
"17187","Site",3105,3384,0.917553191489362,0.187823895837041,0,"Analysis_kri0009",2026-07-28,"AA-AA-000-0000"
"22677","Site",2156,2350,0.917446808510638,0.137871016077121,0,"Analysis_kri0009",2026-07-28,"AA-AA-000-0000"
"6416","Site",862,940,0.917021276595745,0.0400188942245269,0,"Analysis_kri0009",2026-07-28,"AA-AA-000-0000"
"34355","Site",1379,1504,0.91688829787234,0.0319714449559091,0,"Analysis_kri0009",2026-07-28,"AA-AA-000-0000"
"25605","Site",1809,1974,0.916413373860182,-0.0396756643189778,0,"Analysis_kri0009",2026-07-28,"AA-AA-000-0000"
"5927","Site",775,846,0.916075650118203,-0.0614955280850022,0,"Analysis_kri0009",2026-07-28,"AA-AA-000-0000"
"34696","Site",1377,1504,0.915558510638298,-0.154517526248328,0,"Analysis_kri0009",2026-07-28,"AA-AA-000-0000"
"17541","Site",2323,2538,0.915287628053586,-0.250072656049055,0,"Analysis_kri0009",2026-07-28,"AA-AA-000-0000"
"384","Site",1634,1786,0.914893617021277,-0.269992392926105,0,"Analysis_kri0009",2026-07-28,"AA-AA-000-0000"
"30729","Site",1204,1316,0.914893617021277,-0.231760140450548,0,"Analysis_kri0009",2026-07-28,"AA-AA-000-0000"
"14393","Site",516,564,0.914893617021277,-0.151722626669748,0,"Analysis_kri0009",2026-07-28,"AA-AA-000-0000"
"18549","Site",172,188,0.914893617021277,-0.087597099349936,0,"Analysis_kri0009",2026-07-28,"AA-AA-000-0000"
"17938","Site",86,94,0.914893617021277,-0.0619405029626115,0,"Analysis_kri0009",2026-07-28,"AA-AA-000-0000"
"37191","Site",86,94,0.914893617021277,-0.0619405029626115,0,"Analysis_kri0009",2026-07-28,"AA-AA-000-0000"
"531","Site",3524,3854,0.91437467566165,-0.513111472533491,0,"Analysis_kri0009",2026-07-28,"AA-AA-000-0000"
"26115","Site",2148,2350,0.914042553191489,-0.458893691776437,0,"Analysis_kri0009",2026-07-28,"AA-AA-000-0000"
"18777","Site",1975,2162,0.913506012950971,-0.530370048030485,0,"Analysis_kri0009",2026-07-28,"AA-AA-000-0000"
"37186","Site",4207,4606,0.913373860182371,-0.806561463146769,0,"Analysis_kri0009",2026-07-28,"AA-AA-000-0000"
"37702","Site",3348,3666,0.913256955810147,-0.745163932988631,0,"Analysis_kri0009",2026-07-28,"AA-AA-000-0000"
"18548","Site",943,1034,0.911992263056093,-0.542804650393165,0,"Analysis_kri0009",2026-07-28,"AA-AA-000-0000"
"17808","Site",2486,2726,0.911958914159941,-0.887641937875443,0,"Analysis_kri0009",2026-07-28,"AA-AA-000-0000"
"12392","Site",600,658,0.911854103343465,-0.4458239898143,0,"Analysis_kri0009",2026-07-28,"AA-AA-000-0000"
"33620","Site",857,940,0.911702127659574,-0.549711013282427,0,"Analysis_kri0009",2026-07-28,"AA-AA-000-0000"
"9044","Site",257,282,0.911347517730496,-0.322623013628938,0,"Analysis_kri0009",2026-07-28,"AA-AA-000-0000"
"4659","Site",428,470,0.91063829787234,-0.472104788518271,0,"Analysis_kri0009",2026-07-28,"AA-AA-000-0000"
"33824","Site",599,658,0.910334346504559,-0.58679640126079,0,"Analysis_kri0009",2026-07-28,"AA-AA-000-0000"
"12417","Site",1796,1974,0.909827760891591,-1.0977516403792,0,"Analysis_kri0009",2026-07-28,"AA-AA-000-0000"
"31107","Site",2138,2350,0.909787234042553,-1.2048495765934,0,"Analysis_kri0009",2026-07-28,"AA-AA-000-0000"
"37728","Site",2052,2256,0.909574468085106,-1.21705089755345,0,"Analysis_kri0009",2026-07-28,"AA-AA-000-0000"
"24917","Site",171,188,0.909574468085106,-0.351332331659979,0,"Analysis_kri0009",2026-07-28,"AA-AA-000-0000"
"17961","Site",1282,1410,0.909219858156028,-1.0103144614703,0,"Analysis_kri0009",2026-07-28,"AA-AA-000-0000"
"12937","Site",1110,1222,0.908346972176759,-1.05089341082638,0,"Analysis_kri0009",2026-07-28,"AA-AA-000-0000"
"534","Site",683,752,0.908244680851064,-0.834532279474976,0,"Analysis_kri0009",2026-07-28,"AA-AA-000-0000"
"38404","Site",768,846,0.907801418439716,-0.931777393704793,0,"Analysis_kri0009",2026-07-28,"AA-AA-000-0000"
"13333","Site",256,282,0.907801418439716,-0.53796192908027,0,"Analysis_kri0009",2026-07-28,"AA-AA-000-0000"
"33296","Site",597,658,0.907294832826748,-0.868741224153761,0,"Analysis_kri0009",2026-07-28,"AA-AA-000-0000"
"17172","Site",938,1034,0.90715667311412,-1.1050900549603,0,"Analysis_kri0009",2026-07-28,"AA-AA-000-0000"
"16992","Site",341,376,0.906914893617021,-0.683347919537941,0,"Analysis_kri0009",2026-07-28,"AA-AA-000-0000"
"25970","Site",341,376,0.906914893617021,-0.683347919537941,0,"Analysis_kri0009",2026-07-28,"AA-AA-000-0000"
"9522","Site",1363,1504,0.90625,-1.459940324678,0,"Analysis_kri0009",2026-07-28,"AA-AA-000-0000"
"33617","Site",2044,2256,0.906028368794326,-1.8261213270294,0,"Analysis_kri0009",2026-07-28,"AA-AA-000-0000"
"38711","Site",1447,1598,0.905506883604506,-1.61229381202082,0,"Analysis_kri0009",2026-07-28,"AA-AA-000-0000"
"28822","Site",936,1034,0.905222437137331,-1.33000421678716,0,"Analysis_kri0009",2026-07-28,"AA-AA-000-0000"
"10497","Site",850,940,0.904255319148936,-1.37533288379216,0,"Analysis_kri0009",2026-07-28,"AA-AA-000-0000"
"14648","Site",595,658,0.904255319148936,-1.15068604704673,0,"Analysis_kri0009",2026-07-28,"AA-AA-000-0000"
"10371","Site",425,470,0.904255319148936,-0.972507208518283,0,"Analysis_kri0009",2026-07-28,"AA-AA-000-0000"
"20578","Site",425,470,0.904255319148936,-0.972507208518283,0,"Analysis_kri0009",2026-07-28,"AA-AA-000-0000"
"21541","Site",340,376,0.904255319148936,-0.869836890742177,0,"Analysis_kri0009",2026-07-28,"AA-AA-000-0000"
"34903","Site",340,376,0.904255319148936,-0.869836890742177,0,"Analysis_kri0009",2026-07-28,"AA-AA-000-0000"
"39000","Site",170,188,0.904255319148936,-0.615067563970016,0,"Analysis_kri0009",2026-07-28,"AA-AA-000-0000"
"6209","Site",85,94,0.904255319148936,-0.434918445371089,0,"Analysis_kri0009",2026-07-28,"AA-AA-000-0000"
"8240","Site",85,94,0.904255319148936,-0.434918445371089,0,"Analysis_kri0009",2026-07-28,"AA-AA-000-0000"
"38272","Site",1274,1410,0.90354609929078,-1.7807343865107,0,"Analysis_kri0009",2026-07-28,"AA-AA-000-0000"
"28676","Site",764,846,0.903073286052009,-1.4290813169161,0,"Analysis_kri0009",2026-07-28,"AA-AA-000-0000"
"34869","Site",679,752,0.902925531914894,-1.36200274409505,0,"Analysis_kri0009",2026-07-28,"AA-AA-000-0000"
"13081","Site",594,658,0.90273556231003,-1.29165845849322,0,"Analysis_kri0009",2026-07-28,"AA-AA-000-0000"
"16498","Site",423,470,0.9,-1.30610882185163,0,"Analysis_kri0009",2026-07-28,"AA-AA-000-0000"
"22033","Site",169,188,0.898936170212766,-0.878802796280058,0,"Analysis_kri0009",2026-07-28,"AA-AA-000-0000"
"1028","Site",591,658,0.898176291793313,-1.71457569283268,0,"Analysis_kri0009",2026-07-28,"AA-AA-000-0000"
"18260","Site",253,282,0.897163120567376,-1.18397867543425,0,"Analysis_kri0009",2026-07-28,"AA-AA-000-0000"
"16424","Site",84,94,0.893617021276596,-0.80789638777957,0,"Analysis_kri0009",2026-07-28,"AA-AA-000-0000"
"27025","Site",84,94,0.893617021276596,-0.80789638777957,0,"Analysis_kri0009",2026-07-28,"AA-AA-000-0000"
"12407","Site",167,188,0.888297872340426,-1.40627326090014,0,"Analysis_kri0009",2026-07-28,"AA-AA-000-0000"
"14449","Site",167,188,0.888297872340426,-1.40627326090014,0,"Analysis_kri0009",2026-07-28,"AA-AA-000-0000"
"18806","Site",83,94,0.882978723404255,-1.18087433018805,0,"Analysis_kri0009",2026-07-28,"AA-AA-000-0000"
"34326","Site",83,94,0.882978723404255,-1.18087433018805,0,"Analysis_kri0009",2026-07-28,"AA-AA-000-0000"
"39048","Site",83,94,0.882978723404255,-1.18087433018805,0,"Analysis_kri0009",2026-07-28,"AA-AA-000-0000"
"39044","Site",165,188,0.877659574468085,-1.93374372552022,0,"Analysis_kri0009",2026-07-28,"AA-AA-000-0000"
"36994","Site",81,94,0.861702127659574,-1.92683021500501,0,"Analysis_kri0009",2026-07-28,"AA-AA-000-0000"
"6452","Site",94,1504,0.0625,2.32842181398649,1,"Analysis_kri0010",2026-07-28,"AA-AA-000-0000"
"38497","Site",157,2632,0.0596504559270517,2.36291683269198,1,"Analysis_kri0010",2026-07-28,"AA-AA-000-0000"
"37702","Site",807,14664,0.0550327332242226,2.83371574815939,1,"Analysis_kri0010",2026-07-28,"AA-AA-000-0000"
"17444","Site",46,752,0.0611702127659574,1.46751787029564,0,"Analysis_kri0010",2026-07-28,"AA-AA-000-0000"
"14449","Site",44,752,0.0585106382978723,1.10966790262188,0,"Analysis_kri0010",2026-07-28,"AA-AA-000-0000"
"5960","Site",110,1880,0.0585106382978723,1.75453900933353,0,"Analysis_kri0010",2026-07-28,"AA-AA-000-0000"
"37781","Site",65,1128,0.0576241134751773,1.21296843513864,0,"Analysis_kri0010",2026-07-28,"AA-AA-000-0000"
"13081","Site",149,2632,0.0566109422492401,1.59780141846149,0,"Analysis_kri0010",2026-07-28,"AA-AA-000-0000"
"29060","Site",228,4136,0.0551257253384913,1.53428773693162,0,"Analysis_kri0010",2026-07-28,"AA-AA-000-0000"
"1028","Site",145,2632,0.0550911854103343,1.21524371134624,0,"Analysis_kri0010",2026-07-28,"AA-AA-000-0000"
"12937","Site",269,4888,0.0550327332242226,1.63604655000671,0,"Analysis_kri0010",2026-07-28,"AA-AA-000-0000"
"24964","Site",62,1128,0.0549645390070922,0.774693522502548,0,"Analysis_kri0010",2026-07-28,"AA-AA-000-0000"
"37908","Site",227,4136,0.0548839458413926,1.45799386747574,0,"Analysis_kri0010",2026-07-28,"AA-AA-000-0000"
"6022","Site",185,3384,0.0546690307328605,1.25746249500575,0,"Analysis_kri0010",2026-07-28,"AA-AA-000-0000"
"4354","Site",41,752,0.0545212765957447,0.572892951111226,0,"Analysis_kri0010",2026-07-28,"AA-AA-000-0000"
"21129","Site",41,752,0.0545212765957447,0.572892951111226,0,"Analysis_kri0010",2026-07-28,"AA-AA-000-0000"
"20578","Site",102,1880,0.0542553191489362,0.849242242560146,0,"Analysis_kri0010",2026-07-28,"AA-AA-000-0000"
"18260","Site",61,1128,0.0540780141843972,0.628601884957184,0,"Analysis_kri0010",2026-07-28,"AA-AA-000-0000"
"14601","Site",345,6392,0.053973717146433,1.45545794839006,0,"Analysis_kri0010",2026-07-28,"AA-AA-000-0000"
"34","Site",81,1504,0.0538563829787234,0.683673911854687,0,"Analysis_kri0010",2026-07-28,"AA-AA-000-0000"
"13139","Site",81,1504,0.0538563829787234,0.683673911854687,0,"Analysis_kri0010",2026-07-28,"AA-AA-000-0000"
"6530","Site",343,6392,0.0536608260325407,1.33271642209137,0,"Analysis_kri0010",2026-07-28,"AA-AA-000-0000"
"12392","Site",141,2632,0.0535714285714286,0.832686004230988,0,"Analysis_kri0010",2026-07-28,"AA-AA-000-0000"
"37728","Site",483,9024,0.0535239361702128,1.51969865312205,0,"Analysis_kri0010",2026-07-28,"AA-AA-000-0000"
"26880","Site",382,7144,0.053471444568869,1.33039268770886,0,"Analysis_kri0010",2026-07-28,"AA-AA-000-0000"
"38166","Site",60,1128,0.0531914893617021,0.482510247411819,0,"Analysis_kri0010",2026-07-28,"AA-AA-000-0000"
"25970","Site",80,1504,0.0531914893617021,0.557154842459933,0,"Analysis_kri0010",2026-07-28,"AA-AA-000-0000"
"10371","Site",100,1880,0.0531914893617021,0.622918050866799,0,"Analysis_kri0010",2026-07-28,"AA-AA-000-0000"
"17808","Site",580,10904,0.0531914893617021,1.5001853248699,0,"Analysis_kri0010",2026-07-28,"AA-AA-000-0000"
"5968","Site",377,7144,0.0527715565509519,1.04013803617068,0,"Analysis_kri0010",2026-07-28,"AA-AA-000-0000"
"4659","Site",99,1880,0.0526595744680851,0.509755955020125,0,"Analysis_kri0010",2026-07-28,"AA-AA-000-0000"
"29192","Site",79,1504,0.0525265957446809,0.43063577306518,0,"Analysis_kri0010",2026-07-28,"AA-AA-000-0000"
"33296","Site",138,2632,0.0524316109422492,0.545767723894553,0,"Analysis_kri0010",2026-07-28,"AA-AA-000-0000"
"33620","Site",197,3760,0.0523936170212766,0.640886099743446,0,"Analysis_kri0010",2026-07-28,"AA-AA-000-0000"
"8995","Site",452,8648,0.0522664199814986,0.913913584467544,0,"Analysis_kri0010",2026-07-28,"AA-AA-000-0000"
"16996","Site",216,4136,0.0522243713733075,0.618761303461069,0,"Analysis_kri0010",2026-07-28,"AA-AA-000-0000"
"17541","Site",528,10152,0.0520094562647754,0.863164192053999,0,"Analysis_kri0010",2026-07-28,"AA-AA-000-0000"
"38272","Site",293,5640,0.0519503546099291,0.621586547559096,0,"Analysis_kri0010",2026-07-28,"AA-AA-000-0000"
"18033","Site",39,752,0.0518617021276596,0.215042983437457,0,"Analysis_kri0010",2026-07-28,"AA-AA-000-0000"
"4695","Site",214,4136,0.0517408123791103,0.466173564549311,0,"Analysis_kri0010",2026-07-28,"AA-AA-000-0000"
"5927","Site",175,3384,0.0517139479905437,0.414002032374053,0,"Analysis_kri0010",2026-07-28,"AA-AA-000-0000"
"28689","Site",349,6768,0.0515661938534279,0.525845627754449,0,"Analysis_kri0010",2026-07-28,"AA-AA-000-0000"
"13333","Site",58,1128,0.0514184397163121,0.19032697232109,0,"Analysis_kri0010",2026-07-28,"AA-AA-000-0000"
"34660","Site",154,3008,0.0511968085106383,0.251160983038032,0,"Analysis_kri0010",2026-07-28,"AA-AA-000-0000"
"30212","Site",96,1880,0.051063829787234,0.170269667480105,0,"Analysis_kri0010",2026-07-28,"AA-AA-000-0000"
"33824","Site",134,2632,0.0509118541033435,0.163210016779305,0,"Analysis_kri0010",2026-07-28,"AA-AA-000-0000"
"34869","Site",153,3008,0.0508643617021277,0.161698491119589,0,"Analysis_kri0010",2026-07-28,"AA-AA-000-0000"
"38404","Site",172,3384,0.0508274231678487,0.160963893584545,0,"Analysis_kri0010",2026-07-28,"AA-AA-000-0000"
"12417","Site",401,7896,0.0507852077001013,0.227470592570035,0,"Analysis_kri0010",2026-07-28,"AA-AA-000-0000"
"34713","Site",686,13536,0.0506796690307329,0.23758174090592,0,"Analysis_kri0010",2026-07-28,"AA-AA-000-0000"
"34341","Site",761,15040,0.0505984042553191,0.201533447309617,0,"Analysis_kri0010",2026-07-28,"AA-AA-000-0000"
"12407","Site",38,752,0.050531914893617,0.0361179996005732,0,"Analysis_kri0010",2026-07-28,"AA-AA-000-0000"
"24867","Site",38,752,0.050531914893617,0.0361179996005732,0,"Analysis_kri0010",2026-07-28,"AA-AA-000-0000"
"34903","Site",76,1504,0.050531914893617,0.0510785648809167,0,"Analysis_kri0010",2026-07-28,"AA-AA-000-0000"
"32913","Site",228,4512,0.050531914893617,0.0884706695514511,0,"Analysis_kri0010",2026-07-28,"AA-AA-000-0000"
"531","Site",775,15416,0.0502724442138038,0.00545952625695058,0,"Analysis_kri0010",2026-07-28,"AA-AA-000-0000"
"34355","Site",302,6016,0.0501994680851064,-0.0243619396329188,0,"Analysis_kri0010",2026-07-28,"AA-AA-000-0000"
"534","Site",151,3008,0.0501994680851064,-0.0172264927172942,0,"Analysis_kri0010",2026-07-28,"AA-AA-000-0000"
"8594","Site",754,15040,0.0501329787234043,-0.0785284514030083,0,"Analysis_kri0010",2026-07-28,"AA-AA-000-0000"
"16498","Site",94,1880,0.05,-0.0560545242132404,0,"Analysis_kri0010",2026-07-28,"AA-AA-000-0000"
"9075","Site",169,3384,0.0499408983451537,-0.0920742452049619,0,"Analysis_kri0010",2026-07-28,"AA-AA-000-0000"
"17172","Site",206,4136,0.0498065764023211,-0.144177391097724,0,"Analysis_kri0010",2026-07-28,"AA-AA-000-0000"
"34694","Site",337,6768,0.0497931442080378,-0.189854307593084,0,"Analysis_kri0010",2026-07-28,"AA-AA-000-0000"
"22677","Site",465,9400,0.049468085106383,-0.378379865376722,0,"Analysis_kri0010",2026-07-28,"AA-AA-000-0000"
"17961","Site",279,5640,0.049468085106383,-0.29309178342885,0,"Analysis_kri0010",2026-07-28,"AA-AA-000-0000"
"38711","Site",316,6392,0.0494367959949937,-0.324294182940914,0,"Analysis_kri0010",2026-07-28,"AA-AA-000-0000"
"14648","Site",130,2632,0.0493920972644377,-0.219347690335944,0,"Analysis_kri0010",2026-07-28,"AA-AA-000-0000"
"10624","Site",74,1504,0.0492021276595745,-0.20195957390859,0,"Analysis_kri0010",2026-07-28,"AA-AA-000-0000"
"14105","Site",74,1504,0.0492021276595745,-0.20195957390859,0,"Analysis_kri0010",2026-07-28,"AA-AA-000-0000"
"35223","Site",74,1504,0.0492021276595745,-0.20195957390859,0,"Analysis_kri0010",2026-07-28,"AA-AA-000-0000"
"1881","Site",314,6392,0.0491239048811014,-0.4470357092396,0,"Analysis_kri0010",2026-07-28,"AA-AA-000-0000"
"33617","Site",443,9024,0.0490913120567376,-0.54634909853744,0,"Analysis_kri0010",2026-07-28,"AA-AA-000-0000"
"10630","Site",221,4512,0.0489804964539007,-0.422850061857324,0,"Analysis_kri0010",2026-07-28,"AA-AA-000-0000"
"14729","Site",313,6392,0.0489674593241552,-0.508406472388944,0,"Analysis_kri0010",2026-07-28,"AA-AA-000-0000"
"21380","Site",423,8648,0.0489130434782609,-0.616187293602279,0,"Analysis_kri0010",2026-07-28,"AA-AA-000-0000"
"8560","Site",367,7520,0.0488031914893617,-0.621338479736513,0,"Analysis_kri0010",2026-07-28,"AA-AA-000-0000"
"37186","Site",899,18424,0.0487950499348676,-0.977970800240254,0,"Analysis_kri0010",2026-07-28,"AA-AA-000-0000"
"10497","Site",183,3760,0.0486702127659574,-0.47936149510706,0,"Analysis_kri0010",2026-07-28,"AA-AA-000-0000"
"25476","Site",128,2632,0.0486322188449848,-0.410626543893568,0,"Analysis_kri0010",2026-07-28,"AA-AA-000-0000"
"9522","Site",292,6016,0.0485372340425532,-0.65695728660669,0,"Analysis_kri0010",2026-07-28,"AA-AA-000-0000"
"5444","Site",73,1504,0.0485372340425532,-0.328478643303345,0,"Analysis_kri0010",2026-07-28,"AA-AA-000-0000"
"14164","Site",73,1504,0.0485372340425532,-0.328478643303345,0,"Analysis_kri0010",2026-07-28,"AA-AA-000-0000"
"34664","Site",73,1504,0.0485372340425532,-0.328478643303345,0,"Analysis_kri0010",2026-07-28,"AA-AA-000-0000"
"18777","Site",418,8648,0.0483348751156337,-0.879997789821213,0,"Analysis_kri0010",2026-07-28,"AA-AA-000-0000"
"31107","Site",454,9400,0.0482978723404255,-0.93506377071364,0,"Analysis_kri0010",2026-07-28,"AA-AA-000-0000"
"20531","Site",344,7144,0.0481522956326988,-0.875542663981311,0,"Analysis_kri0010",2026-07-28,"AA-AA-000-0000"
"28822","Site",199,4136,0.0481141199226306,-0.67823447728888,0,"Analysis_kri0010",2026-07-28,"AA-AA-000-0000"
"257","Site",126,2632,0.0478723404255319,-0.601905397451192,0,"Analysis_kri0010",2026-07-28,"AA-AA-000-0000"
"16992","Site",72,1504,0.0478723404255319,-0.454997712698099,0,"Analysis_kri0010",2026-07-28,"AA-AA-000-0000"
"17731","Site",36,752,0.0478723404255319,-0.321731968073194,0,"Analysis_kri0010",2026-07-28,"AA-AA-000-0000"
"34071","Site",359,7520,0.0477393617021277,-1.0739868631232,0,"Analysis_kri0010",2026-07-28,"AA-AA-000-0000"
"12432","Site",269,5640,0.0476950354609929,-0.946433448420241,0,"Analysis_kri0010",2026-07-28,"AA-AA-000-0000"
"2392","Site",499,10528,0.0473974164133739,-1.44290936184941,0,"Analysis_kri0010",2026-07-28,"AA-AA-000-0000"
"25605","Site",374,7896,0.0473657548125633,-1.26340052491896,0,"Analysis_kri0010",2026-07-28,"AA-AA-000-0000"
"17187","Site",641,13536,0.0473552009456265,-1.66020430001539,0,"Analysis_kri0010",2026-07-28,"AA-AA-000-0000"
"6416","Site",178,3760,0.0473404255319149,-0.879449921839384,0,"Analysis_kri0010",2026-07-28,"AA-AA-000-0000"
"34696","Site",283,6016,0.0470412234042553,-1.22629309888308,0,"Analysis_kri0010",2026-07-28,"AA-AA-000-0000"
"28676","Site",159,3384,0.0469858156028369,-0.935534707836656,0,"Analysis_kri0010",2026-07-28,"AA-AA-000-0000"
"14393","Site",106,2256,0.0469858156028369,-0.763860890287849,0,"Analysis_kri0010",2026-07-28,"AA-AA-000-0000"
"9044","Site",53,1128,0.0469858156028369,-0.540131215405732,0,"Analysis_kri0010",2026-07-28,"AA-AA-000-0000"
"21541","Site",70,1504,0.0465425531914894,-0.708035851487607,0,"Analysis_kri0010",2026-07-28,"AA-AA-000-0000"
"384","Site",331,7144,0.0463325867861142,-1.63020475798058,0,"Analysis_kri0010",2026-07-28,"AA-AA-000-0000"
"26115","Site",435,9400,0.0462765957446808,-1.89660869811377,0,"Analysis_kri0010",2026-07-28,"AA-AA-000-0000"
"30729","Site",242,5264,0.0459726443768997,-1.52749564858197,0,"Analysis_kri0010",2026-07-28,"AA-AA-000-0000"
"25616","Site",121,2632,0.0459726443768997,-1.08010253134525,0,"Analysis_kri0010",2026-07-28,"AA-AA-000-0000"
"30816","Site",34,752,0.0452127659574468,-0.679581935746961,0,"Analysis_kri0010",2026-07-28,"AA-AA-000-0000"
"6453","Site",33,752,0.0438829787234043,-0.858506919583846,0,"Analysis_kri0010",2026-07-28,"AA-AA-000-0000"
"39044","Site",33,752,0.0438829787234043,-0.858506919583846,0,"Analysis_kri0010",2026-07-28,"AA-AA-000-0000"
"18548","Site",177,4136,0.0427949709864603,-2.35669960531823,0,"Analysis_kri0010",2026-07-28,"AA-AA-000-0000"
"18549","Site",32,752,0.0425531914893617,-1.03743190342073,0,"Analysis_kri0010",2026-07-28,"AA-AA-000-0000"
"30019","Site",32,752,0.0425531914893617,-1.03743190342073,0,"Analysis_kri0010",2026-07-28,"AA-AA-000-0000"
"26674","Site",90,2256,0.0398936170212766,-2.41669909161544,0,"Analysis_kri0010",2026-07-28,"AA-AA-000-0000"
"22033","Site",30,752,0.0398936170212766,-1.3952818710945,0,"Analysis_kri0010",2026-07-28,"AA-AA-000-0000"
"8240","Site",28,376,0.074468085106383,NA,NA,"Analysis_kri0010",2026-07-28,"AA-AA-000-0000"
"14169","Site",25,376,0.0664893617021277,NA,NA,"Analysis_kri0010",2026-07-28,"AA-AA-000-0000"
"17938","Site",24,376,0.0638297872340425,NA,NA,"Analysis_kri0010",2026-07-28,"AA-AA-000-0000"
"18806","Site",23,376,0.0611702127659574,NA,NA,"Analysis_kri0010",2026-07-28,"AA-AA-000-0000"
"21015","Site",22,376,0.0585106382978723,NA,NA,"Analysis_kri0010",2026-07-28,"AA-AA-000-0000"
"25664","Site",22,376,0.0585106382978723,NA,NA,"Analysis_kri0010",2026-07-28,"AA-AA-000-0000"
"39048","Site",22,376,0.0585106382978723,NA,NA,"Analysis_kri0010",2026-07-28,"AA-AA-000-0000"
"4723","Site",21,376,0.0558510638297872,NA,NA,"Analysis_kri0010",2026-07-28,"AA-AA-000-0000"
"10531","Site",21,376,0.0558510638297872,NA,NA,"Analysis_kri0010",2026-07-28,"AA-AA-000-0000"
"18244","Site",21,376,0.0558510638297872,NA,NA,"Analysis_kri0010",2026-07-28,"AA-AA-000-0000"
"30776","Site",21,376,0.0558510638297872,NA,NA,"Analysis_kri0010",2026-07-28,"AA-AA-000-0000"
"6209","Site",20,376,0.0531914893617021,NA,NA,"Analysis_kri0010",2026-07-28,"AA-AA-000-0000"
"24680","Site",20,376,0.0531914893617021,NA,NA,"Analysis_kri0010",2026-07-28,"AA-AA-000-0000"
"27025","Site",20,376,0.0531914893617021,NA,NA,"Analysis_kri0010",2026-07-28,"AA-AA-000-0000"
"36994","Site",20,376,0.0531914893617021,NA,NA,"Analysis_kri0010",2026-07-28,"AA-AA-000-0000"
"18179","Site",19,376,0.050531914893617,NA,NA,"Analysis_kri0010",2026-07-28,"AA-AA-000-0000"
"33633","Site",19,376,0.050531914893617,NA,NA,"Analysis_kri0010",2026-07-28,"AA-AA-000-0000"
"37912","Site",18,376,0.0478723404255319,NA,NA,"Analysis_kri0010",2026-07-28,"AA-AA-000-0000"
"34343","Site",15,376,0.0398936170212766,NA,NA,"Analysis_kri0010",2026-07-28,"AA-AA-000-0000"
"39000","Site",29,752,0.038563829787234,NA,NA,"Analysis_kri0010",2026-07-28,"AA-AA-000-0000"
"10388","Site",14,376,0.0372340425531915,NA,NA,"Analysis_kri0010",2026-07-28,"AA-AA-000-0000"
"16424","Site",14,376,0.0372340425531915,NA,NA,"Analysis_kri0010",2026-07-28,"AA-AA-000-0000"
"34326","Site",14,376,0.0372340425531915,NA,NA,"Analysis_kri0010",2026-07-28,"AA-AA-000-0000"
"37191","Site",13,376,0.0345744680851064,NA,NA,"Analysis_kri0010",2026-07-28,"AA-AA-000-0000"
"24917","Site",25,752,0.0332446808510638,NA,NA,"Analysis_kri0010",2026-07-28,"AA-AA-000-0000"
"18260","Site",288,1000,0.288,2.04898913572829,1,"Analysis_kri0011",2026-07-28,"AA-AA-000-0000"
"17444","Site",565,2000,0.2825,2.31073512612467,1,"Analysis_kri0011",2026-07-28,"AA-AA-000-0000"
"34660","Site",1100,4000,0.275,2.13591115845491,1,"Analysis_kri0011",2026-07-28,"AA-AA-000-0000"
"33633","Site",284,1000,0.284,1.74713265680496,0,"Analysis_kri0011",2026-07-28,"AA-AA-000-0000"
"34326","Site",277,1000,0.277,1.21888381868912,0,"Analysis_kri0011",2026-07-28,"AA-AA-000-0000"
"34343","Site",277,1000,0.277,1.21888381868912,0,"Analysis_kri0011",2026-07-28,"AA-AA-000-0000"
"39048","Site",277,1000,0.277,1.21888381868912,0,"Analysis_kri0011",2026-07-28,"AA-AA-000-0000"
"10624","Site",827,3000,0.275666666666667,1.93689178313011,0,"Analysis_kri0011",2026-07-28,"AA-AA-000-0000"
"18033","Site",550,2000,0.275,1.51031726415548,0,"Analysis_kri0011",2026-07-28,"AA-AA-000-0000"
"35223","Site",1094,4000,0.2735,1.90951879926241,0,"Analysis_kri0011",2026-07-28,"AA-AA-000-0000"
"34869","Site",1092,4000,0.273,1.83405467953157,0,"Analysis_kri0011",2026-07-28,"AA-AA-000-0000"
"29060","Site",1358,5000,0.2716,1.81429540672963,0,"Analysis_kri0011",2026-07-28,"AA-AA-000-0000"
"32913","Site",543,2000,0.2715,1.13678892856986,0,"Analysis_kri0011",2026-07-28,"AA-AA-000-0000"
"12432","Site",1085,4000,0.27125,1.56993026047365,0,"Analysis_kri0011",2026-07-28,"AA-AA-000-0000"
"39044","Site",542,2000,0.271,1.08342773777191,0,"Analysis_kri0011",2026-07-28,"AA-AA-000-0000"
"18548","Site",1083,4000,0.27075,1.49446614074282,0,"Analysis_kri0011",2026-07-28,"AA-AA-000-0000"
"25605","Site",1624,6000,0.270666666666667,1.81493569240741,0,"Analysis_kri0011",2026-07-28,"AA-AA-000-0000"
"30019","Site",541,2000,0.2705,1.03006654697397,0,"Analysis_kri0011",2026-07-28,"AA-AA-000-0000"
"30816","Site",541,2000,0.2705,1.03006654697397,0,"Analysis_kri0011",2026-07-28,"AA-AA-000-0000"
"33620","Site",1081,4000,0.27025,1.41900202101198,0,"Analysis_kri0011",2026-07-28,"AA-AA-000-0000"
"13333","Site",810,3000,0.27,1.19621487583727,0,"Analysis_kri0011",2026-07-28,"AA-AA-000-0000"
"36994","Site",269,1000,0.269,0.615170860842451,0,"Analysis_kri0011",2026-07-28,"AA-AA-000-0000"
"17731","Site",536,2000,0.268,0.763260592984234,0,"Analysis_kri0011",2026-07-28,"AA-AA-000-0000"
"18777","Site",2143,8000,0.267875,1.49984059056949,0,"Analysis_kri0011",2026-07-28,"AA-AA-000-0000"
"17961","Site",1071,4000,0.26775,1.04168142235781,0,"Analysis_kri0011",2026-07-28,"AA-AA-000-0000"
"34696","Site",1338,5000,0.2676,1.13932380040832,0,"Analysis_kri0011",2026-07-28,"AA-AA-000-0000"
"33296","Site",1070,4000,0.2675,1.0039493624924,0,"Analysis_kri0011",2026-07-28,"AA-AA-000-0000"
"33824","Site",802,3000,0.267333333333333,0.847661037111229,0,"Analysis_kri0011",2026-07-28,"AA-AA-000-0000"
"16498","Site",1069,4000,0.26725,0.96621730262698,0,"Analysis_kri0011",2026-07-28,"AA-AA-000-0000"
"24917","Site",532,2000,0.266,0.549815829792449,0,"Analysis_kri0011",2026-07-28,"AA-AA-000-0000"
"34341","Site",2918,11000,0.265272727272727,1.10740611087008,0,"Analysis_kri0011",2026-07-28,"AA-AA-000-0000"
"9075","Site",1326,5000,0.2652,0.734340836615535,0,"Analysis_kri0011",2026-07-28,"AA-AA-000-0000"
"18549","Site",530,2000,0.265,0.443093448196557,0,"Analysis_kri0011",2026-07-28,"AA-AA-000-0000"
"16996","Site",1325,5000,0.265,0.700592256299474,0,"Analysis_kri0011",2026-07-28,"AA-AA-000-0000"
"17172","Site",1325,5000,0.265,0.700592256299474,0,"Analysis_kri0011",2026-07-28,"AA-AA-000-0000"
"21380","Site",1854,7000,0.264857142857143,0.800429180492717,0,"Analysis_kri0011",2026-07-28,"AA-AA-000-0000"
"38272","Site",1059,4000,0.26475,0.58889670397281,0,"Analysis_kri0011",2026-07-28,"AA-AA-000-0000"
"37728","Site",2118,8000,0.26475,0.832825705595162,0,"Analysis_kri0011",2026-07-28,"AA-AA-000-0000"
"30729","Site",1323,5000,0.2646,0.633095095667341,0,"Analysis_kri0011",2026-07-28,"AA-AA-000-0000"
"34694","Site",2115,8000,0.264375,0.752783919398251,0,"Analysis_kri0011",2026-07-28,"AA-AA-000-0000"
"16992","Site",793,3000,0.264333333333333,0.455537968544433,0,"Analysis_kri0011",2026-07-28,"AA-AA-000-0000"
"33617","Site",2114,8000,0.26425,0.726103323999269,0,"Analysis_kri0011",2026-07-28,"AA-AA-000-0000"
"9044","Site",792,3000,0.264,0.411968738703683,0,"Analysis_kri0011",2026-07-28,"AA-AA-000-0000"
"24964","Site",792,3000,0.264,0.411968738703683,0,"Analysis_kri0011",2026-07-28,"AA-AA-000-0000"
"9522","Site",1583,6000,0.263833333333333,0.551803679677005,0,"Analysis_kri0011",2026-07-28,"AA-AA-000-0000"
"17541","Site",2110,8000,0.26375,0.619380942403377,0,"Analysis_kri0011",2026-07-28,"AA-AA-000-0000"
"17187","Site",3159,12000,0.26325,0.62787594312396,0,"Analysis_kri0011",2026-07-28,"AA-AA-000-0000"
"5927","Site",1315,5000,0.263,0.363106453138818,0,"Analysis_kri0011",2026-07-28,"AA-AA-000-0000"
"12417","Site",2626,10000,0.2626,0.418054670626469,0,"Analysis_kri0011",2026-07-28,"AA-AA-000-0000"
"25970","Site",525,2000,0.2625,0.176287494206826,0,"Analysis_kri0011",2026-07-28,"AA-AA-000-0000"
"4695","Site",1050,4000,0.2625,0.249308165184062,0,"Analysis_kri0011",2026-07-28,"AA-AA-000-0000"
"2392","Site",2099,8000,0.262375,0.325894393014682,0,"Analysis_kri0011",2026-07-28,"AA-AA-000-0000"
"38404","Site",1049,4000,0.26225,0.211576105318641,0,"Analysis_kri0011",2026-07-28,"AA-AA-000-0000"
"30212","Site",786,3000,0.262,0.150553359659152,0,"Analysis_kri0011",2026-07-28,"AA-AA-000-0000"
"22677","Site",1833,7000,0.261857142857143,0.20145129934415,0,"Analysis_kri0011",2026-07-28,"AA-AA-000-0000"
"34664","Site",1047,4000,0.26175,0.136111985587807,0,"Analysis_kri0011",2026-07-28,"AA-AA-000-0000"
"28822","Site",1308,5000,0.2616,0.126866390926357,0,"Analysis_kri0011",2026-07-28,"AA-AA-000-0000"
"531","Site",2614,10000,0.2614,0.131688470663569,0,"Analysis_kri0011",2026-07-28,"AA-AA-000-0000"
"13081","Site",1045,4000,0.26125,0.0606478658569727,0,"Analysis_kri0011",2026-07-28,"AA-AA-000-0000"
"17808","Site",2873,11000,0.261181818181818,0.0835081415361309,0,"Analysis_kri0011",2026-07-28,"AA-AA-000-0000"
"26880","Site",1567,6000,0.261166666666667,0.0588741137334375,0,"Analysis_kri0011",2026-07-28,"AA-AA-000-0000"
"24680","Site",261,1000,0.261,0.01145790299578,0,"Analysis_kri0011",2026-07-28,"AA-AA-000-0000"
"34903","Site",522,2000,0.261,0.0162039218129874,0,"Analysis_kri0011",2026-07-28,"AA-AA-000-0000"
"28689","Site",1044,4000,0.261,0.02291580599156,0,"Analysis_kri0011",2026-07-28,"AA-AA-000-0000"
"38711","Site",1304,5000,0.2608,-0.00812793033790863,0,"Analysis_kri0011",2026-07-28,"AA-AA-000-0000"
"31107","Site",3128,12000,0.260666666666667,-0.0474471194077419,0,"Analysis_kri0011",2026-07-28,"AA-AA-000-0000"
"384","Site",1824,7000,0.260571428571429,-0.055253506862377,0,"Analysis_kri0011",2026-07-28,"AA-AA-000-0000"
"10497","Site",1042,4000,0.2605,-0.0525483137392739,0,"Analysis_kri0011",2026-07-28,"AA-AA-000-0000"
"4354","Site",521,2000,0.2605,-0.0371572689849588,0,"Analysis_kri0011",2026-07-28,"AA-AA-000-0000"
"8560","Site",1562,6000,0.260333333333333,-0.0951663756239217,0,"Analysis_kri0011",2026-07-28,"AA-AA-000-0000"
"20578","Site",1041,4000,0.26025,-0.090280373604695,0,"Analysis_kri0011",2026-07-28,"AA-AA-000-0000"
"22033","Site",520,2000,0.26,-0.090518459782905,0,"Analysis_kri0011",2026-07-28,"AA-AA-000-0000"
"18806","Site",260,1000,0.26,-0.0640062167350539,0,"Analysis_kri0011",2026-07-28,"AA-AA-000-0000"
"21129","Site",260,1000,0.26,-0.0640062167350539,0,"Analysis_kri0011",2026-07-28,"AA-AA-000-0000"
"26115","Site",2339,9000,0.259888888888889,-0.217173356782108,0,"Analysis_kri0011",2026-07-28,"AA-AA-000-0000"
"12937","Site",1299,5000,0.2598,-0.176870831918236,0,"Analysis_kri0011",2026-07-28,"AA-AA-000-0000"
"12407","Site",519,2000,0.2595,-0.143879650580851,0,"Analysis_kri0011",2026-07-28,"AA-AA-000-0000"
"14648","Site",1036,4000,0.259,-0.278940672931776,0,"Analysis_kri0011",2026-07-28,"AA-AA-000-0000"
"4723","Site",259,1000,0.259,-0.139470336465888,0,"Analysis_kri0011",2026-07-28,"AA-AA-000-0000"
"37912","Site",259,1000,0.259,-0.139470336465888,0,"Analysis_kri0011",2026-07-28,"AA-AA-000-0000"
"5960","Site",1294,5000,0.2588,-0.345613733498564,0,"Analysis_kri0011",2026-07-28,"AA-AA-000-0000"
"34355","Site",1294,5000,0.2588,-0.345613733498564,0,"Analysis_kri0011",2026-07-28,"AA-AA-000-0000"
"8594","Site",2844,11000,0.258545454545455,-0.576337216479085,0,"Analysis_kri0011",2026-07-28,"AA-AA-000-0000"
"14393","Site",1551,6000,0.2585,-0.43405545221013,0,"Analysis_kri0011",2026-07-28,"AA-AA-000-0000"
"25476","Site",1292,5000,0.2584,-0.413110894130688,0,"Analysis_kri0011",2026-07-28,"AA-AA-000-0000"
"20531","Site",2067,8000,0.258375,-0.527884659752457,0,"Analysis_kri0011",2026-07-28,"AA-AA-000-0000"
"8995","Site",1550,6000,0.258333333333333,-0.4648635500816,0,"Analysis_kri0011",2026-07-28,"AA-AA-000-0000"
"37186","Site",3612,14000,0.258,-0.804211095700704,0,"Analysis_kri0011",2026-07-28,"AA-AA-000-0000"
"10531","Site",258,1000,0.258,-0.214934456196722,0,"Analysis_kri0011",2026-07-28,"AA-AA-000-0000"
"27025","Site",258,1000,0.258,-0.214934456196722,0,"Analysis_kri0011",2026-07-28,"AA-AA-000-0000"
"28676","Site",1031,4000,0.25775,-0.467600972258865,0,"Analysis_kri0011",2026-07-28,"AA-AA-000-0000"
"37908","Site",1546,6000,0.257666666666667,-0.5880959415675,0,"Analysis_kri0011",2026-07-28,"AA-AA-000-0000"
"13139","Site",1030,4000,0.2575,-0.505333032124277,0,"Analysis_kri0011",2026-07-28,"AA-AA-000-0000"
"39000","Site",515,2000,0.2575,-0.357324413772636,0,"Analysis_kri0011",2026-07-28,"AA-AA-000-0000"
"14601","Site",1287,5000,0.2574,-0.581853795711015,0,"Analysis_kri0011",2026-07-28,"AA-AA-000-0000"
"14729","Site",1542,6000,0.257,-0.711328333053389,0,"Analysis_kri0011",2026-07-28,"AA-AA-000-0000"
"38497","Site",771,3000,0.257,-0.502985087952175,0,"Analysis_kri0011",2026-07-28,"AA-AA-000-0000"
"34713","Site",3083,12000,0.256916666666667,-1.02775479082472,0,"Analysis_kri0011",2026-07-28,"AA-AA-000-0000"
"25616","Site",770,3000,0.256666666666667,-0.546554317792932,0,"Analysis_kri0011",2026-07-28,"AA-AA-000-0000"
"38166","Site",770,3000,0.256666666666667,-0.546554317792932,0,"Analysis_kri0011",2026-07-28,"AA-AA-000-0000"
"6530","Site",1281,5000,0.2562,-0.784345277607414,0,"Analysis_kri0011",2026-07-28,"AA-AA-000-0000"
"1028","Site",768,3000,0.256,-0.63369277747444,0,"Analysis_kri0011",2026-07-28,"AA-AA-000-0000"
"14169","Site",256,1000,0.256,-0.36586269565839,0,"Analysis_kri0011",2026-07-28,"AA-AA-000-0000"
"18244","Site",256,1000,0.256,-0.36586269565839,0,"Analysis_kri0011",2026-07-28,"AA-AA-000-0000"
"4659","Site",1279,5000,0.2558,-0.851842438239538,0,"Analysis_kri0011",2026-07-28,"AA-AA-000-0000"
"12392","Site",1022,4000,0.2555,-0.807189511047613,0,"Analysis_kri0011",2026-07-28,"AA-AA-000-0000"
"5968","Site",1532,6000,0.255333333333333,-1.01940931176812,0,"Analysis_kri0011",2026-07-28,"AA-AA-000-0000"
"26674","Site",1276,5000,0.2552,-0.953088179187742,0,"Analysis_kri0011",2026-07-28,"AA-AA-000-0000"
"6452","Site",1020,4000,0.255,-0.882653630778447,0,"Analysis_kri0011",2026-07-28,"AA-AA-000-0000"
"10388","Site",255,1000,0.255,-0.441326815389223,0,"Analysis_kri0011",2026-07-28,"AA-AA-000-0000"
"37191","Site",255,1000,0.255,-0.441326815389223,0,"Analysis_kri0011",2026-07-28,"AA-AA-000-0000"
"21541","Site",509,2000,0.2545,-0.677491558560313,0,"Analysis_kri0011",2026-07-28,"AA-AA-000-0000"
"34","Site",1016,4000,0.254,-1.03358187024011,0,"Analysis_kri0011",2026-07-28,"AA-AA-000-0000"
"21015","Site",254,1000,0.254,-0.516790935120057,0,"Analysis_kri0011",2026-07-28,"AA-AA-000-0000"
"6209","Site",253,1000,0.253,-0.592255054850891,0,"Analysis_kri0011",2026-07-28,"AA-AA-000-0000"
"6022","Site",1263,5000,0.2526,-1.39181972329659,0,"Analysis_kri0011",2026-07-28,"AA-AA-000-0000"
"1881","Site",1262,5000,0.2524,-1.42556830361265,0,"Analysis_kri0011",2026-07-28,"AA-AA-000-0000"
"37781","Site",757,3000,0.252333333333333,-1.11295430572274,0,"Analysis_kri0011",2026-07-28,"AA-AA-000-0000"
"37702","Site",2774,11000,0.252181818181818,-2.16906739099855,0,"Analysis_kri0011",2026-07-28,"AA-AA-000-0000"
"25664","Site",252,1000,0.252,-0.667719174581725,0,"Analysis_kri0011",2026-07-28,"AA-AA-000-0000"
"24867","Site",503,2000,0.2515,-0.99765870334799,0,"Analysis_kri0011",2026-07-28,"AA-AA-000-0000"
"34071","Site",1005,4000,0.25125,-1.4486345287597,0,"Analysis_kri0011",2026-07-28,"AA-AA-000-0000"
"14105","Site",753,3000,0.251,-1.28723122508577,0,"Analysis_kri0011",2026-07-28,"AA-AA-000-0000"
"534","Site",1251,5000,0.2502,-1.79680268708938,0,"Analysis_kri0011",2026-07-28,"AA-AA-000-0000"
"10630","Site",1247,5000,0.2494,-1.93179700835364,0,"Analysis_kri0011",2026-07-28,"AA-AA-000-0000"
"6453","Site",498,2000,0.249,-1.26446465733772,0,"Analysis_kri0011",2026-07-28,"AA-AA-000-0000"
"29192","Site",498,2000,0.249,-1.26446465733772,0,"Analysis_kri0011",2026-07-28,"AA-AA-000-0000"
"10371","Site",746,3000,0.248666666666667,-1.59221583397105,0,"Analysis_kri0011",2026-07-28,"AA-AA-000-0000"
"257","Site",497,2000,0.2485,-1.31782584813567,0,"Analysis_kri0011",2026-07-28,"AA-AA-000-0000"
"14164","Site",742,3000,0.247333333333333,-1.76649275333407,0,"Analysis_kri0011",2026-07-28,"AA-AA-000-0000"
"5444","Site",494,2000,0.247,-1.47790942052951,0,"Analysis_kri0011",2026-07-28,"AA-AA-000-0000"
"6416","Site",986,4000,0.2465,-2.16554366620262,0,"Analysis_kri0011",2026-07-28,"AA-AA-000-0000"
"14449","Site",491,2000,0.2455,-1.63799299292334,0,"Analysis_kri0011",2026-07-28,"AA-AA-000-0000"
"18179","Site",245,1000,0.245,-1.19596801269756,0,"Analysis_kri0011",2026-07-28,"AA-AA-000-0000"
"16424","Site",244,1000,0.244,-1.2714321324284,0,"Analysis_kri0011",2026-07-28,"AA-AA-000-0000"
"30776","Site",242,1000,0.242,-1.42236037189006,0,"Analysis_kri0011",2026-07-28,"AA-AA-000-0000"
"17938","Site",240,1000,0.24,-1.57328861135173,0,"Analysis_kri0011",2026-07-28,"AA-AA-000-0000"
"8240","Site",237,1000,0.237,-1.79968097054423,0,"Analysis_kri0011",2026-07-28,"AA-AA-000-0000"
"21129","Site",3,4,0.75,2.31812411289246,1,"Analysis_kri0012",2026-07-28,"AA-AA-000-0000"
"36994","Site",3,4,0.75,2.31812411289246,1,"Analysis_kri0012",2026-07-28,"AA-AA-000-0000"
"257","Site",5,7,0.714285714285714,2.85184275968818,1,"Analysis_kri0012",2026-07-28,"AA-AA-000-0000"
"29192","Site",6,10,0.6,2.5872536808344,1,"Analysis_kri0012",2026-07-28,"AA-AA-000-0000"
"18548","Site",7,14,0.5,2.2109243281572,1,"Analysis_kri0012",2026-07-28,"AA-AA-000-0000"
"33617","Site",8,17,0.470588235294118,2.16071814517461,1,"Analysis_kri0012",2026-07-28,"AA-AA-000-0000"
"17013","Site",2,3,0.666666666666667,1.67952261094077,0,"Analysis_kri0012",2026-07-28,"AA-AA-000-0000"
"18260","Site",2,3,0.666666666666667,1.67952261094077,0,"Analysis_kri0012",2026-07-28,"AA-AA-000-0000"
"16424","Site",3,5,0.6,1.82946462236786,0,"Analysis_kri0012",2026-07-28,"AA-AA-000-0000"
"18244","Site",2,4,0.5,1.18178876343537,0,"Analysis_kri0012",2026-07-28,"AA-AA-000-0000"
"29254","Site",2,4,0.5,1.18178876343537,0,"Analysis_kri0012",2026-07-28,"AA-AA-000-0000"
"37191","Site",2,4,0.5,1.18178876343537,0,"Analysis_kri0012",2026-07-28,"AA-AA-000-0000"
"25616","Site",4,8,0.5,1.67130169711043,0,"Analysis_kri0012",2026-07-28,"AA-AA-000-0000"
"32913","Site",5,10,0.5,1.86857210282485,0,"Analysis_kri0012",2026-07-28,"AA-AA-000-0000"
"38272","Site",4,9,0.444444444444444,1.39390469533403,0,"Analysis_kri0012",2026-07-28,"AA-AA-000-0000"
"34","Site",3,7,0.428571428571429,1.13386519361096,0,"Analysis_kri0012",2026-07-28,"AA-AA-000-0000"
"13333","Site",3,7,0.428571428571429,1.13386519361096,0,"Analysis_kri0012",2026-07-28,"AA-AA-000-0000"
"14648","Site",3,7,0.428571428571429,1.13386519361096,0,"Analysis_kri0012",2026-07-28,"AA-AA-000-0000"
"6209","Site",2,5,0.4,0.813095387719049,0,"Analysis_kri0012",2026-07-28,"AA-AA-000-0000"
"10371","Site",2,5,0.4,0.813095387719049,0,"Analysis_kri0012",2026-07-28,"AA-AA-000-0000"
"24917","Site",2,5,0.4,0.813095387719049,0,"Analysis_kri0012",2026-07-28,"AA-AA-000-0000"
"8995","Site",4,10,0.4,1.14989052481529,0,"Analysis_kri0012",2026-07-28,"AA-AA-000-0000"
"38711","Site",4,10,0.4,1.14989052481529,0,"Analysis_kri0012",2026-07-28,"AA-AA-000-0000"
"34694","Site",5,13,0.384615384615385,1.18501182968444,0,"Analysis_kri0012",2026-07-28,"AA-AA-000-0000"
"4695","Site",3,8,0.375,0.86779126580734,0,"Analysis_kri0012",2026-07-28,"AA-AA-000-0000"
"6022","Site",3,8,0.375,0.86779126580734,0,"Analysis_kri0012",2026-07-28,"AA-AA-000-0000"
"9075","Site",3,8,0.375,0.86779126580734,0,"Analysis_kri0012",2026-07-28,"AA-AA-000-0000"
"17961","Site",4,11,0.363636363636364,0.931920957568455,0,"Analysis_kri0012",2026-07-28,"AA-AA-000-0000"
"21380","Site",4,11,0.363636363636364,0.931920957568455,0,"Analysis_kri0012",2026-07-28,"AA-AA-000-0000"
"22677","Site",5,14,0.357142857142857,0.99613074125764,0,"Analysis_kri0012",2026-07-28,"AA-AA-000-0000"
"16725","Site",1,3,0.333333333333333,0.367395571143293,0,"Analysis_kri0012",2026-07-28,"AA-AA-000-0000"
"18033","Site",1,3,0.333333333333333,0.367395571143293,0,"Analysis_kri0012",2026-07-28,"AA-AA-000-0000"
"18549","Site",1,3,0.333333333333333,0.367395571143293,0,"Analysis_kri0012",2026-07-28,"AA-AA-000-0000"
"30019","Site",1,3,0.333333333333333,0.367395571143293,0,"Analysis_kri0012",2026-07-28,"AA-AA-000-0000"
"34903","Site",1,3,0.333333333333333,0.367395571143293,0,"Analysis_kri0012",2026-07-28,"AA-AA-000-0000"
"39048","Site",1,3,0.333333333333333,0.367395571143293,0,"Analysis_kri0012",2026-07-28,"AA-AA-000-0000"
"10497","Site",2,6,0.333333333333333,0.519575799466654,0,"Analysis_kri0012",2026-07-28,"AA-AA-000-0000"
"12392","Site",2,6,0.333333333333333,0.519575799466654,0,"Analysis_kri0012",2026-07-28,"AA-AA-000-0000"
"14164","Site",2,6,0.333333333333333,0.519575799466654,0,"Analysis_kri0012",2026-07-28,"AA-AA-000-0000"
"34660","Site",2,6,0.333333333333333,0.519575799466654,0,"Analysis_kri0012",2026-07-28,"AA-AA-000-0000"
"1881","Site",3,9,0.333333333333333,0.63634779569597,0,"Analysis_kri0012",2026-07-28,"AA-AA-000-0000"
"22033","Site",3,9,0.333333333333333,0.63634779569597,0,"Analysis_kri0012",2026-07-28,"AA-AA-000-0000"
"16992","Site",4,12,0.333333333333333,0.734791142286586,0,"Analysis_kri0012",2026-07-28,"AA-AA-000-0000"
"5960","Site",3,10,0.3,0.431208946805733,0,"Analysis_kri0012",2026-07-28,"AA-AA-000-0000"
"10630","Site",3,10,0.3,0.431208946805733,0,"Analysis_kri0012",2026-07-28,"AA-AA-000-0000"
"12937","Site",3,10,0.3,0.431208946805733,0,"Analysis_kri0012",2026-07-28,"AA-AA-000-0000"
"6530","Site",2,7,0.285714285714286,0.274876410572355,0,"Analysis_kri0012",2026-07-28,"AA-AA-000-0000"
"13081","Site",2,7,0.285714285714286,0.274876410572355,0,"Analysis_kri0012",2026-07-28,"AA-AA-000-0000"
"29060","Site",2,7,0.285714285714286,0.274876410572355,0,"Analysis_kri0012",2026-07-28,"AA-AA-000-0000"
"35223","Site",2,7,0.285714285714286,0.274876410572355,0,"Analysis_kri0012",2026-07-28,"AA-AA-000-0000"
"1028","Site",1,4,0.25,0.0454534139782836,0,"Analysis_kri0012",2026-07-28,"AA-AA-000-0000"
"9044","Site",1,4,0.25,0.0454534139782836,0,"Analysis_kri0012",2026-07-28,"AA-AA-000-0000"
"10531","Site",1,4,0.25,0.0454534139782836,0,"Analysis_kri0012",2026-07-28,"AA-AA-000-0000"
"12407","Site",1,4,0.25,0.0454534139782836,0,"Analysis_kri0012",2026-07-28,"AA-AA-000-0000"
"17731","Site",1,4,0.25,0.0454534139782836,0,"Analysis_kri0012",2026-07-28,"AA-AA-000-0000"
"17815","Site",1,4,0.25,0.0454534139782836,0,"Analysis_kri0012",2026-07-28,"AA-AA-000-0000"
"27025","Site",1,4,0.25,0.0454534139782836,0,"Analysis_kri0012",2026-07-28,"AA-AA-000-0000"
"37912","Site",1,4,0.25,0.0454534139782836,0,"Analysis_kri0012",2026-07-28,"AA-AA-000-0000"
"25605","Site",2,8,0.25,0.0642808345042474,0,"Analysis_kri0012",2026-07-28,"AA-AA-000-0000"
"28689","Site",2,8,0.25,0.0642808345042474,0,"Analysis_kri0012",2026-07-28,"AA-AA-000-0000"
"33296","Site",2,8,0.25,0.0642808345042474,0,"Analysis_kri0012",2026-07-28,"AA-AA-000-0000"
"33620","Site",2,8,0.25,0.0642808345042474,0,"Analysis_kri0012",2026-07-28,"AA-AA-000-0000"
"34071","Site",2,8,0.25,0.0642808345042474,0,"Analysis_kri0012",2026-07-28,"AA-AA-000-0000"
"20531","Site",3,13,0.230769230769231,-0.0756390529585812,0,"Analysis_kri0012",2026-07-28,"AA-AA-000-0000"
"384","Site",2,9,0.222222222222222,-0.121209103942089,0,"Analysis_kri0012",2026-07-28,"AA-AA-000-0000"
"5968","Site",2,9,0.222222222222222,-0.121209103942089,0,"Analysis_kri0012",2026-07-28,"AA-AA-000-0000"
"37908","Site",2,9,0.222222222222222,-0.121209103942089,0,"Analysis_kri0012",2026-07-28,"AA-AA-000-0000"
"38497","Site",2,9,0.222222222222222,-0.121209103942089,0,"Analysis_kri0012",2026-07-28,"AA-AA-000-0000"
"37702","Site",3,14,0.214285714285714,-0.218662845641921,0,"Analysis_kri0012",2026-07-28,"AA-AA-000-0000"
"534","Site",2,10,0.2,-0.287472631203822,0,"Analysis_kri0012",2026-07-28,"AA-AA-000-0000"
"6452","Site",1,5,0.2,-0.203273846929762,0,"Analysis_kri0012",2026-07-28,"AA-AA-000-0000"
"10624","Site",1,5,0.2,-0.203273846929762,0,"Analysis_kri0012",2026-07-28,"AA-AA-000-0000"
"30212","Site",1,5,0.2,-0.203273846929762,0,"Analysis_kri0012",2026-07-28,"AA-AA-000-0000"
"37781","Site",1,5,0.2,-0.203273846929762,0,"Analysis_kri0012",2026-07-28,"AA-AA-000-0000"
"38166","Site",1,5,0.2,-0.203273846929762,0,"Analysis_kri0012",2026-07-28,"AA-AA-000-0000"
"39044","Site",1,5,0.2,-0.203273846929762,0,"Analysis_kri0012",2026-07-28,"AA-AA-000-0000"
"26115","Site",2,11,0.181818181818182,-0.438551038855743,0,"Analysis_kri0012",2026-07-28,"AA-AA-000-0000"
"28676","Site",2,11,0.181818181818182,-0.438551038855743,0,"Analysis_kri0012",2026-07-28,"AA-AA-000-0000"
"37728","Site",2,11,0.181818181818182,-0.438551038855743,0,"Analysis_kri0012",2026-07-28,"AA-AA-000-0000"
"37186","Site",3,18,0.166666666666667,-0.707089179546721,0,"Analysis_kri0012",2026-07-28,"AA-AA-000-0000"
"6416","Site",1,6,0.166666666666667,-0.408238128152371,0,"Analysis_kri0012",2026-07-28,"AA-AA-000-0000"
"12432","Site",1,6,0.166666666666667,-0.408238128152371,0,"Analysis_kri0012",2026-07-28,"AA-AA-000-0000"
"16996","Site",1,6,0.166666666666667,-0.408238128152371,0,"Analysis_kri0012",2026-07-28,"AA-AA-000-0000"
"20578","Site",1,6,0.166666666666667,-0.408238128152371,0,"Analysis_kri0012",2026-07-28,"AA-AA-000-0000"
"26674","Site",1,6,0.166666666666667,-0.408238128152371,0,"Analysis_kri0012",2026-07-28,"AA-AA-000-0000"
"28822","Site",1,6,0.166666666666667,-0.408238128152371,0,"Analysis_kri0012",2026-07-28,"AA-AA-000-0000"
"38404","Site",1,6,0.166666666666667,-0.408238128152371,0,"Analysis_kri0012",2026-07-28,"AA-AA-000-0000"
"9522","Site",2,13,0.153846153846154,-0.705964494280092,0,"Analysis_kri0012",2026-07-28,"AA-AA-000-0000"
"18777","Site",2,13,0.153846153846154,-0.705964494280092,0,"Analysis_kri0012",2026-07-28,"AA-AA-000-0000"
"34341","Site",2,14,0.142857142857143,-0.826059639091701,0,"Analysis_kri0012",2026-07-28,"AA-AA-000-0000"
"4659","Site",1,7,0.142857142857143,-0.584112372466254,0,"Analysis_kri0012",2026-07-28,"AA-AA-000-0000"
"14393","Site",1,7,0.142857142857143,-0.584112372466254,0,"Analysis_kri0012",2026-07-28,"AA-AA-000-0000"
"33824","Site",1,7,0.142857142857143,-0.584112372466254,0,"Analysis_kri0012",2026-07-28,"AA-AA-000-0000"
"34355","Site",1,7,0.142857142857143,-0.584112372466254,0,"Analysis_kri0012",2026-07-28,"AA-AA-000-0000"
"34696","Site",1,7,0.142857142857143,-0.584112372466254,0,"Analysis_kri0012",2026-07-28,"AA-AA-000-0000"
"8594","Site",2,16,0.125,-1.04542852150052,0,"Analysis_kri0012",2026-07-28,"AA-AA-000-0000"
"13139","Site",1,8,0.125,-0.739229596798845,0,"Analysis_kri0012",2026-07-28,"AA-AA-000-0000"
"14601","Site",1,8,0.125,-0.739229596798845,0,"Analysis_kri0012",2026-07-28,"AA-AA-000-0000"
"14729","Site",1,8,0.125,-0.739229596798845,0,"Analysis_kri0012",2026-07-28,"AA-AA-000-0000"
"26880","Site",1,8,0.125,-0.739229596798845,0,"Analysis_kri0012",2026-07-28,"AA-AA-000-0000"
"30729","Site",1,8,0.125,-0.739229596798845,0,"Analysis_kri0012",2026-07-28,"AA-AA-000-0000"
"17172","Site",1,9,0.111111111111111,-0.878766003580148,0,"Analysis_kri0012",2026-07-28,"AA-AA-000-0000"
"2392","Site",1,12,0.0833333333333333,-1.23339941740963,0,"Analysis_kri0012",2026-07-28,"AA-AA-000-0000"
"12417","Site",1,12,0.0833333333333333,-1.23339941740963,0,"Analysis_kri0012",2026-07-28,"AA-AA-000-0000"
"17808","Site",1,13,0.0769230769230769,-1.3362899356016,0,"Analysis_kri0012",2026-07-28,"AA-AA-000-0000"
"31107","Site",1,14,0.0714285714285714,-1.43345643254148,0,"Analysis_kri0012",2026-07-28,"AA-AA-000-0000"
"34713","Site",1,14,0.0714285714285714,-1.43345643254148,0,"Analysis_kri0012",2026-07-28,"AA-AA-000-0000"
"17187","Site",1,15,0.0666666666666667,-1.52568273317342,0,"Analysis_kri0012",2026-07-28,"AA-AA-000-0000"
"531","Site",0,11,0,-1.80902303527994,0,"Analysis_kri0012",2026-07-28,"AA-AA-000-0000"
"17541","Site",0,11,0,-1.80902303527994,0,"Analysis_kri0012",2026-07-28,"AA-AA-000-0000"
"8560","Site",0,10,0,-1.72483578722293,0,"Analysis_kri0012",2026-07-28,"AA-AA-000-0000"
"16498","Site",0,9,0,-1.63632290321821,0,"Analysis_kri0012",2026-07-28,"AA-AA-000-0000"
"5927","Site",0,7,0,-1.44310115550486,0,"Analysis_kri0012",2026-07-28,"AA-AA-000-0000"
"34664","Site",0,7,0,-1.44310115550486,0,"Analysis_kri0012",2026-07-28,"AA-AA-000-0000"
"10388","Site",0,5,0,-1.21964308157857,0,"Analysis_kri0012",2026-07-28,"AA-AA-000-0000"
"14105","Site",0,5,0,-1.21964308157857,0,"Analysis_kri0012",2026-07-28,"AA-AA-000-0000"
"24964","Site",0,5,0,-1.21964308157857,0,"Analysis_kri0012",2026-07-28,"AA-AA-000-0000"
"25476","Site",0,5,0,-1.21964308157857,0,"Analysis_kri0012",2026-07-28,"AA-AA-000-0000"
"34869","Site",0,5,0,-1.21964308157857,0,"Analysis_kri0012",2026-07-28,"AA-AA-000-0000"
"4354","Site",0,4,0,-1.0908819354788,0,"Analysis_kri0012",2026-07-28,"AA-AA-000-0000"
"30816","Site",0,4,0,-1.0908819354788,0,"Analysis_kri0012",2026-07-28,"AA-AA-000-0000"
"39000","Site",0,4,0,-1.0908819354788,0,"Analysis_kri0012",2026-07-28,"AA-AA-000-0000"
"14449","Site",0,3,0,-0.944731468654182,0,"Analysis_kri0012",2026-07-28,"AA-AA-000-0000"
"25970","Site",0,3,0,-0.944731468654182,0,"Analysis_kri0012",2026-07-28,"AA-AA-000-0000"
"30776","Site",0,3,0,-0.944731468654182,0,"Analysis_kri0012",2026-07-28,"AA-AA-000-0000"
"18816","Site",1,1,1,NA,NA,"Analysis_kri0012",2026-07-28,"AA-AA-000-0000"
"9815","Site",2,2,1,NA,NA,"Analysis_kri0012",2026-07-28,"AA-AA-000-0000"
"4723","Site",1,2,0.5,NA,NA,"Analysis_kri0012",2026-07-28,"AA-AA-000-0000"
"8240","Site",1,2,0.5,NA,NA,"Analysis_kri0012",2026-07-28,"AA-AA-000-0000"
"8290","Site",1,2,0.5,NA,NA,"Analysis_kri0012",2026-07-28,"AA-AA-000-0000"
"14169","Site",1,2,0.5,NA,NA,"Analysis_kri0012",2026-07-28,"AA-AA-000-0000"
"18806","Site",1,2,0.5,NA,NA,"Analysis_kri0012",2026-07-28,"AA-AA-000-0000"
"21015","Site",1,2,0.5,NA,NA,"Analysis_kri0012",2026-07-28,"AA-AA-000-0000"
"34326","Site",1,2,0.5,NA,NA,"Analysis_kri0012",2026-07-28,"AA-AA-000-0000"
"5444","Site",0,2,0,NA,NA,"Analysis_kri0012",2026-07-28,"AA-AA-000-0000"
"6453","Site",0,2,0,NA,NA,"Analysis_kri0012",2026-07-28,"AA-AA-000-0000"
"17444","Site",0,2,0,NA,NA,"Analysis_kri0012",2026-07-28,"AA-AA-000-0000"
"17938","Site",0,2,0,NA,NA,"Analysis_kri0012",2026-07-28,"AA-AA-000-0000"
"18179","Site",0,2,0,NA,NA,"Analysis_kri0012",2026-07-28,"AA-AA-000-0000"
"21541","Site",0,2,0,NA,NA,"Analysis_kri0012",2026-07-28,"AA-AA-000-0000"
"24680","Site",0,2,0,NA,NA,"Analysis_kri0012",2026-07-28,"AA-AA-000-0000"
"24867","Site",0,2,0,NA,NA,"Analysis_kri0012",2026-07-28,"AA-AA-000-0000"
"30516","Site",0,2,0,NA,NA,"Analysis_kri0012",2026-07-28,"AA-AA-000-0000"
"30995","Site",0,2,0,NA,NA,"Analysis_kri0012",2026-07-28,"AA-AA-000-0000"
"32900","Site",0,2,0,NA,NA,"Analysis_kri0012",2026-07-28,"AA-AA-000-0000"
"34343","Site",0,2,0,NA,NA,"Analysis_kri0012",2026-07-28,"AA-AA-000-0000"
"38758","Site",0,2,0,NA,NA,"Analysis_kri0012",2026-07-28,"AA-AA-000-0000"
"20869","Site",0,1,0,NA,NA,"Analysis_kri0012",2026-07-28,"AA-AA-000-0000"
"25664","Site",0,1,0,NA,NA,"Analysis_kri0012",2026-07-28,"AA-AA-000-0000"
"33633","Site",0,1,0,NA,NA,"Analysis_kri0012",2026-07-28,"AA-AA-000-0000"
"34","Site",1,114,0.87719298245614,0.87719298245614,NA,"Analysis_srs0001",2026-07-28,"AA-AA-000-0000"
"257","Site",8,114,7.01754385964912,7.01754385964912,NA,"Analysis_srs0001",2026-07-28,"AA-AA-000-0000"
"384","Site",0,114,0,0,NA,"Analysis_srs0001",2026-07-28,"AA-AA-000-0000"
"531","Site",1,114,0.87719298245614,0.87719298245614,NA,"Analysis_srs0001",2026-07-28,"AA-AA-000-0000"
"534","Site",0,114,0,0,NA,"Analysis_srs0001",2026-07-28,"AA-AA-000-0000"
"1028","Site",0,114,0,0,NA,"Analysis_srs0001",2026-07-28,"AA-AA-000-0000"
"1881","Site",0,114,0,0,NA,"Analysis_srs0001",2026-07-28,"AA-AA-000-0000"
"2392","Site",16,114,14.0350877192982,14.0350877192982,NA,"Analysis_srs0001",2026-07-28,"AA-AA-000-0000"
"4354","Site",0,114,0,0,NA,"Analysis_srs0001",2026-07-28,"AA-AA-000-0000"
"4659","Site",0,114,0,0,NA,"Analysis_srs0001",2026-07-28,"AA-AA-000-0000"
"4695","Site",0,114,0,0,NA,"Analysis_srs0001",2026-07-28,"AA-AA-000-0000"
"4723","Site",0,114,0,0,NA,"Analysis_srs0001",2026-07-28,"AA-AA-000-0000"
"5444","Site",16,114,14.0350877192982,14.0350877192982,NA,"Analysis_srs0001",2026-07-28,"AA-AA-000-0000"
"5927","Site",0,114,0,0,NA,"Analysis_srs0001",2026-07-28,"AA-AA-000-0000"
"5960","Site",6,114,5.26315789473684,5.26315789473684,NA,"Analysis_srs0001",2026-07-28,"AA-AA-000-0000"
"5968","Site",0,114,0,0,NA,"Analysis_srs0001",2026-07-28,"AA-AA-000-0000"
"6022","Site",0,114,0,0,NA,"Analysis_srs0001",2026-07-28,"AA-AA-000-0000"
"6209","Site",0,114,0,0,NA,"Analysis_srs0001",2026-07-28,"AA-AA-000-0000"
"6416","Site",0,114,0,0,NA,"Analysis_srs0001",2026-07-28,"AA-AA-000-0000"
"6452","Site",1,114,0.87719298245614,0.87719298245614,NA,"Analysis_srs0001",2026-07-28,"AA-AA-000-0000"
"6453","Site",0,114,0,0,NA,"Analysis_srs0001",2026-07-28,"AA-AA-000-0000"
"6530","Site",0,114,0,0,NA,"Analysis_srs0001",2026-07-28,"AA-AA-000-0000"
"8240","Site",0,114,0,0,NA,"Analysis_srs0001",2026-07-28,"AA-AA-000-0000"
"8560","Site",0,114,0,0,NA,"Analysis_srs0001",2026-07-28,"AA-AA-000-0000"
"8594","Site",0,114,0,0,NA,"Analysis_srs0001",2026-07-28,"AA-AA-000-0000"
"8995","Site",0,114,0,0,NA,"Analysis_srs0001",2026-07-28,"AA-AA-000-0000"
"9044","Site",0,114,0,0,NA,"Analysis_srs0001",2026-07-28,"AA-AA-000-0000"
"9075","Site",16,114,14.0350877192982,14.0350877192982,NA,"Analysis_srs0001",2026-07-28,"AA-AA-000-0000"
"9522","Site",0,114,0,0,NA,"Analysis_srs0001",2026-07-28,"AA-AA-000-0000"
"10371","Site",0,114,0,0,NA,"Analysis_srs0001",2026-07-28,"AA-AA-000-0000"
"10388","Site",4,114,3.50877192982456,3.50877192982456,NA,"Analysis_srs0001",2026-07-28,"AA-AA-000-0000"
"10497","Site",0,114,0,0,NA,"Analysis_srs0001",2026-07-28,"AA-AA-000-0000"
"10531","Site",0,114,0,0,NA,"Analysis_srs0001",2026-07-28,"AA-AA-000-0000"
"10624","Site",0,114,0,0,NA,"Analysis_srs0001",2026-07-28,"AA-AA-000-0000"
"10630","Site",0,114,0,0,NA,"Analysis_srs0001",2026-07-28,"AA-AA-000-0000"
"12392","Site",0,114,0,0,NA,"Analysis_srs0001",2026-07-28,"AA-AA-000-0000"
"12407","Site",0,114,0,0,NA,"Analysis_srs0001",2026-07-28,"AA-AA-000-0000"
"12417","Site",16,114,14.0350877192982,14.0350877192982,NA,"Analysis_srs0001",2026-07-28,"AA-AA-000-0000"
"12432","Site",0,114,0,0,NA,"Analysis_srs0001",2026-07-28,"AA-AA-000-0000"
"12937","Site",0,114,0,0,NA,"Analysis_srs0001",2026-07-28,"AA-AA-000-0000"
"13081","Site",0,114,0,0,NA,"Analysis_srs0001",2026-07-28,"AA-AA-000-0000"
"13139","Site",0,114,0,0,NA,"Analysis_srs0001",2026-07-28,"AA-AA-000-0000"
"13333","Site",0,114,0,0,NA,"Analysis_srs0001",2026-07-28,"AA-AA-000-0000"
"14105","Site",0,114,0,0,NA,"Analysis_srs0001",2026-07-28,"AA-AA-000-0000"
"14164","Site",0,114,0,0,NA,"Analysis_srs0001",2026-07-28,"AA-AA-000-0000"
"14169","Site",0,114,0,0,NA,"Analysis_srs0001",2026-07-28,"AA-AA-000-0000"
"14393","Site",0,114,0,0,NA,"Analysis_srs0001",2026-07-28,"AA-AA-000-0000"
"14449","Site",0,114,0,0,NA,"Analysis_srs0001",2026-07-28,"AA-AA-000-0000"
"14601","Site",0,114,0,0,NA,"Analysis_srs0001",2026-07-28,"AA-AA-000-0000"
"14648","Site",0,114,0,0,NA,"Analysis_srs0001",2026-07-28,"AA-AA-000-0000"
"14729","Site",0,114,0,0,NA,"Analysis_srs0001",2026-07-28,"AA-AA-000-0000"
"16424","Site",0,114,0,0,NA,"Analysis_srs0001",2026-07-28,"AA-AA-000-0000"
"16498","Site",4,114,3.50877192982456,3.50877192982456,NA,"Analysis_srs0001",2026-07-28,"AA-AA-000-0000"
"16725","Site",0,114,0,0,NA,"Analysis_srs0001",2026-07-28,"AA-AA-000-0000"
"16992","Site",0,114,0,0,NA,"Analysis_srs0001",2026-07-28,"AA-AA-000-0000"
"16996","Site",0,114,0,0,NA,"Analysis_srs0001",2026-07-28,"AA-AA-000-0000"
"17013","Site",0,114,0,0,NA,"Analysis_srs0001",2026-07-28,"AA-AA-000-0000"
"17172","Site",0,114,0,0,NA,"Analysis_srs0001",2026-07-28,"AA-AA-000-0000"
"17187","Site",0,114,0,0,NA,"Analysis_srs0001",2026-07-28,"AA-AA-000-0000"
"17444","Site",1,114,0.87719298245614,0.87719298245614,NA,"Analysis_srs0001",2026-07-28,"AA-AA-000-0000"
"17541","Site",0,114,0,0,NA,"Analysis_srs0001",2026-07-28,"AA-AA-000-0000"
"17731","Site",1,114,0.87719298245614,0.87719298245614,NA,"Analysis_srs0001",2026-07-28,"AA-AA-000-0000"
"17808","Site",0,114,0,0,NA,"Analysis_srs0001",2026-07-28,"AA-AA-000-0000"
"17815","Site",0,114,0,0,NA,"Analysis_srs0001",2026-07-28,"AA-AA-000-0000"
"17938","Site",0,114,0,0,NA,"Analysis_srs0001",2026-07-28,"AA-AA-000-0000"
"17961","Site",0,114,0,0,NA,"Analysis_srs0001",2026-07-28,"AA-AA-000-0000"
"18033","Site",16,114,14.0350877192982,14.0350877192982,NA,"Analysis_srs0001",2026-07-28,"AA-AA-000-0000"
"18179","Site",0,114,0,0,NA,"Analysis_srs0001",2026-07-28,"AA-AA-000-0000"
"18244","Site",0,114,0,0,NA,"Analysis_srs0001",2026-07-28,"AA-AA-000-0000"
"18260","Site",1,114,0.87719298245614,0.87719298245614,NA,"Analysis_srs0001",2026-07-28,"AA-AA-000-0000"
"18548","Site",9,114,7.89473684210526,7.89473684210526,NA,"Analysis_srs0001",2026-07-28,"AA-AA-000-0000"
"18549","Site",0,114,0,0,NA,"Analysis_srs0001",2026-07-28,"AA-AA-000-0000"
"18777","Site",0,114,0,0,NA,"Analysis_srs0001",2026-07-28,"AA-AA-000-0000"
"18806","Site",0,114,0,0,NA,"Analysis_srs0001",2026-07-28,"AA-AA-000-0000"
"20531","Site",0,114,0,0,NA,"Analysis_srs0001",2026-07-28,"AA-AA-000-0000"
"20578","Site",0,114,0,0,NA,"Analysis_srs0001",2026-07-28,"AA-AA-000-0000"
"21015","Site",0,114,0,0,NA,"Analysis_srs0001",2026-07-28,"AA-AA-000-0000"
"21129","Site",8,114,7.01754385964912,7.01754385964912,NA,"Analysis_srs0001",2026-07-28,"AA-AA-000-0000"
"21380","Site",0,114,0,0,NA,"Analysis_srs0001",2026-07-28,"AA-AA-000-0000"
"21541","Site",16,114,14.0350877192982,14.0350877192982,NA,"Analysis_srs0001",2026-07-28,"AA-AA-000-0000"
"22033","Site",16,114,14.0350877192982,14.0350877192982,NA,"Analysis_srs0001",2026-07-28,"AA-AA-000-0000"
"22677","Site",0,114,0,0,NA,"Analysis_srs0001",2026-07-28,"AA-AA-000-0000"
"24680","Site",0,114,0,0,NA,"Analysis_srs0001",2026-07-28,"AA-AA-000-0000"
"24867","Site",0,114,0,0,NA,"Analysis_srs0001",2026-07-28,"AA-AA-000-0000"
"24917","Site",0,114,0,0,NA,"Analysis_srs0001",2026-07-28,"AA-AA-000-0000"
"24964","Site",0,114,0,0,NA,"Analysis_srs0001",2026-07-28,"AA-AA-000-0000"
"25476","Site",1,114,0.87719298245614,0.87719298245614,NA,"Analysis_srs0001",2026-07-28,"AA-AA-000-0000"
"25605","Site",0,114,0,0,NA,"Analysis_srs0001",2026-07-28,"AA-AA-000-0000"
"25616","Site",0,114,0,0,NA,"Analysis_srs0001",2026-07-28,"AA-AA-000-0000"
"25664","Site",0,114,0,0,NA,"Analysis_srs0001",2026-07-28,"AA-AA-000-0000"
"25970","Site",0,114,0,0,NA,"Analysis_srs0001",2026-07-28,"AA-AA-000-0000"
"26115","Site",0,114,0,0,NA,"Analysis_srs0001",2026-07-28,"AA-AA-000-0000"
"26674","Site",0,114,0,0,NA,"Analysis_srs0001",2026-07-28,"AA-AA-000-0000"
"26880","Site",1,114,0.87719298245614,0.87719298245614,NA,"Analysis_srs0001",2026-07-28,"AA-AA-000-0000"
"27025","Site",0,114,0,0,NA,"Analysis_srs0001",2026-07-28,"AA-AA-000-0000"
"28676","Site",0,114,0,0,NA,"Analysis_srs0001",2026-07-28,"AA-AA-000-0000"
"28689","Site",1,114,0.87719298245614,0.87719298245614,NA,"Analysis_srs0001",2026-07-28,"AA-AA-000-0000"
"28822","Site",0,114,0,0,NA,"Analysis_srs0001",2026-07-28,"AA-AA-000-0000"
"29060","Site",0,114,0,0,NA,"Analysis_srs0001",2026-07-28,"AA-AA-000-0000"
"29192","Site",8,114,7.01754385964912,7.01754385964912,NA,"Analysis_srs0001",2026-07-28,"AA-AA-000-0000"
"29254","Site",0,114,0,0,NA,"Analysis_srs0001",2026-07-28,"AA-AA-000-0000"
"30019","Site",0,114,0,0,NA,"Analysis_srs0001",2026-07-28,"AA-AA-000-0000"
"30212","Site",1,114,0.87719298245614,0.87719298245614,NA,"Analysis_srs0001",2026-07-28,"AA-AA-000-0000"
"30729","Site",0,114,0,0,NA,"Analysis_srs0001",2026-07-28,"AA-AA-000-0000"
"30776","Site",33,114,28.9473684210526,28.9473684210526,NA,"Analysis_srs0001",2026-07-28,"AA-AA-000-0000"
"30816","Site",0,114,0,0,NA,"Analysis_srs0001",2026-07-28,"AA-AA-000-0000"
"31107","Site",0,114,0,0,NA,"Analysis_srs0001",2026-07-28,"AA-AA-000-0000"
"32900","Site",0,114,0,0,NA,"Analysis_srs0001",2026-07-28,"AA-AA-000-0000"
"32913","Site",1,114,0.87719298245614,0.87719298245614,NA,"Analysis_srs0001",2026-07-28,"AA-AA-000-0000"
"33296","Site",1,114,0.87719298245614,0.87719298245614,NA,"Analysis_srs0001",2026-07-28,"AA-AA-000-0000"
"33617","Site",24,114,21.0526315789474,21.0526315789474,NA,"Analysis_srs0001",2026-07-28,"AA-AA-000-0000"
"33620","Site",0,114,0,0,NA,"Analysis_srs0001",2026-07-28,"AA-AA-000-0000"
"33633","Site",0,114,0,0,NA,"Analysis_srs0001",2026-07-28,"AA-AA-000-0000"
"33824","Site",0,114,0,0,NA,"Analysis_srs0001",2026-07-28,"AA-AA-000-0000"
"34071","Site",2,114,1.75438596491228,1.75438596491228,NA,"Analysis_srs0001",2026-07-28,"AA-AA-000-0000"
"34326","Site",0,114,0,0,NA,"Analysis_srs0001",2026-07-28,"AA-AA-000-0000"
"34341","Site",0,114,0,0,NA,"Analysis_srs0001",2026-07-28,"AA-AA-000-0000"
"34343","Site",0,114,0,0,NA,"Analysis_srs0001",2026-07-28,"AA-AA-000-0000"
"34355","Site",0,114,0,0,NA,"Analysis_srs0001",2026-07-28,"AA-AA-000-0000"
"34660","Site",17,114,14.9122807017544,14.9122807017544,NA,"Analysis_srs0001",2026-07-28,"AA-AA-000-0000"
"34664","Site",16,114,14.0350877192982,14.0350877192982,NA,"Analysis_srs0001",2026-07-28,"AA-AA-000-0000"
"34694","Site",0,114,0,0,NA,"Analysis_srs0001",2026-07-28,"AA-AA-000-0000"
"34696","Site",0,114,0,0,NA,"Analysis_srs0001",2026-07-28,"AA-AA-000-0000"
"34713","Site",0,114,0,0,NA,"Analysis_srs0001",2026-07-28,"AA-AA-000-0000"
"34869","Site",0,114,0,0,NA,"Analysis_srs0001",2026-07-28,"AA-AA-000-0000"
"34903","Site",0,114,0,0,NA,"Analysis_srs0001",2026-07-28,"AA-AA-000-0000"
"35223","Site",0,114,0,0,NA,"Analysis_srs0001",2026-07-28,"AA-AA-000-0000"
"36994","Site",8,114,7.01754385964912,7.01754385964912,NA,"Analysis_srs0001",2026-07-28,"AA-AA-000-0000"
"37186","Site",0,114,0,0,NA,"Analysis_srs0001",2026-07-28,"AA-AA-000-0000"
"37191","Site",0,114,0,0,NA,"Analysis_srs0001",2026-07-28,"AA-AA-000-0000"
"37702","Site",17,114,14.9122807017544,14.9122807017544,NA,"Analysis_srs0001",2026-07-28,"AA-AA-000-0000"
"37728","Site",0,114,0,0,NA,"Analysis_srs0001",2026-07-28,"AA-AA-000-0000"
"37781","Site",0,114,0,0,NA,"Analysis_srs0001",2026-07-28,"AA-AA-000-0000"
"37908","Site",0,114,0,0,NA,"Analysis_srs0001",2026-07-28,"AA-AA-000-0000"
"37912","Site",0,114,0,0,NA,"Analysis_srs0001",2026-07-28,"AA-AA-000-0000"
"38166","Site",4,114,3.50877192982456,3.50877192982456,NA,"Analysis_srs0001",2026-07-28,"AA-AA-000-0000"
"38272","Site",0,114,0,0,NA,"Analysis_srs0001",2026-07-28,"AA-AA-000-0000"
"38404","Site",0,114,0,0,NA,"Analysis_srs0001",2026-07-28,"AA-AA-000-0000"
"38497","Site",1,114,0.87719298245614,0.87719298245614,NA,"Analysis_srs0001",2026-07-28,"AA-AA-000-0000"
"38711","Site",8,114,7.01754385964912,7.01754385964912,NA,"Analysis_srs0001",2026-07-28,"AA-AA-000-0000"
"39000","Site",0,114,0,0,NA,"Analysis_srs0001",2026-07-28,"AA-AA-000-0000"
"39044","Site",0,114,0,0,NA,"Analysis_srs0001",2026-07-28,"AA-AA-000-0000"
"39048","Site",0,114,0,0,NA,"Analysis_srs0001",2026-07-28,"AA-AA-000-0000"
