"GroupID","GroupLevel","Numerator","Denominator","Metric","Score","Flag","MetricID","SnapshotDate","StudyID"
"UK","Country",864,8143,0.106103401694707,1.43776426858601,0,"Analysis_cou0001",2012-03-29,"AA-AA-000-0000"
"US","Country",1000,10683,0.0936066647945334,-0.722303238628385,0,"Analysis_cou0001",2012-03-29,"AA-AA-000-0000"
"Japan","Country",689,7381,0.093347784853001,-0.641180114666912,0,"Analysis_cou0001",2012-03-29,"AA-AA-000-0000"
"Japan","Country",124,7381,0.0167998916136025,-1.11793457515476,-1,"Analysis_cou0002",2012-03-29,"AA-AA-000-0000"
"UK","Country",176,8143,0.0216136559007737,1.30602453223724,0,"Analysis_cou0002",2012-03-29,"AA-AA-000-0000"
"US","Country",200,10683,0.0187213329589067,-0.211002859857513,0,"Analysis_cou0002",2012-03-29,"AA-AA-000-0000"
"Japan","Country",338,7381,0.0457932529467552,1.30949116699875,0,"Analysis_cou0003",2012-03-29,"AA-AA-000-0000"
"UK","Country",357,8143,0.0438413361169102,0.0505036905380381,0,"Analysis_cou0003",2012-03-29,"AA-AA-000-0000"
"US","Country",452,10683,0.0423102124871291,-1.13255563253833,0,"Analysis_cou0003",2012-03-29,"AA-AA-000-0000"
"Japan","Country",346,7381,0.0468771169218263,1.31207885841325,0,"Analysis_cou0004",2012-03-29,"AA-AA-000-0000"
"US","Country",474,10683,0.0443695591126088,-0.107964733004984,0,"Analysis_cou0004",2012-03-29,"AA-AA-000-0000"
"UK","Country",347,8143,0.0426132874861845,-1.12551885178888,0,"Analysis_cou0004",2012-03-29,"AA-AA-000-0000"
"US","Country",293,21424,0.0136762509335325,1.30925510956839,0,"Analysis_cou0005",2012-03-29,"AA-AA-000-0000"
"UK","Country",154,16160,0.00952970297029703,-0.562904684544957,0,"Analysis_cou0005",2012-03-29,"AA-AA-000-0000"
"Japan","Country",125,14880,0.0084005376344086,-0.984372578948849,0,"Analysis_cou0005",2012-03-29,"AA-AA-000-0000"
"Japan","Country",38,215,0.176744186046512,0.831195855605493,0,"Analysis_cou0006",2012-03-29,"AA-AA-000-0000"
"UK","Country",40,229,0.174672489082969,0.748250529052561,0,"Analysis_cou0006",2012-03-29,"AA-AA-000-0000"
"US","Country",44,316,0.139240506329114,-1.32258632814528,0,"Analysis_cou0006",2012-03-29,"AA-AA-000-0000"
"UK","Country",56,229,0.244541484716157,0.873337342416897,0,"Analysis_cou0007",2012-03-29,"AA-AA-000-0000"
"Japan","Country",52,215,0.241860465116279,0.700733940657521,0,"Analysis_cou0007",2012-03-29,"AA-AA-000-0000"
"US","Country",66,316,0.208860759493671,-1.32145897808096,0,"Analysis_cou0007",2012-03-29,"AA-AA-000-0000"
"UK","Country",42582,178000,0.239224719101124,1.25994759003635,0,"Analysis_cou0008",2012-03-29,"AA-AA-000-0000"
"Japan","Country",37036,161000,0.230037267080745,0.102673942897849,0,"Analysis_cou0008",2012-03-29,"AA-AA-000-0000"
"US","Country",51700,234000,0.220940170940171,-1.18405664214657,0,"Analysis_cou0008",2012-03-29,"AA-AA-000-0000"
"Japan","Country",33968,37036,0.917161680527055,1.3657815865581,0,"Analysis_cou0009",2012-03-29,"AA-AA-000-0000"
"US","Country",47388,51700,0.916595744680851,-0.20784356810525,0,"Analysis_cou0009",2012-03-29,"AA-AA-000-0000"
"UK","Country",39018,42582,0.916302663097083,-1.04472087612726,0,"Analysis_cou0009",2012-03-29,"AA-AA-000-0000"
"Japan","Country",7480,148144,0.0504914137595853,1.41129927605381,0,"Analysis_cou0010",2012-03-29,"AA-AA-000-0000"
"US","Country",10385,206800,0.0502176015473888,-0.335645884996491,0,"Analysis_cou0010",2012-03-29,"AA-AA-000-0000"
"UK","Country",8537,170328,0.0501209431215067,-0.946348875042867,0,"Analysis_cou0010",2012-03-29,"AA-AA-000-0000"
"US","Country",61068,234000,0.260974358974359,1.33188956290607,0,"Analysis_cou0011",2012-03-29,"AA-AA-000-0000"
"UK","Country",46416,178000,0.26076404494382,-0.774378117952435,0,"Analysis_cou0011",2012-03-29,"AA-AA-000-0000"
"Japan","Country",41982,161000,0.260757763975155,-0.791459868002364,0,"Analysis_cou0011",2012-03-29,"AA-AA-000-0000"
"Japan","Country",74,289,0.256055363321799,1.44733578389918,0,"Analysis_cou0012",2012-03-29,"AA-AA-000-0000"
"US","Country",97,413,0.234866828087167,-0.553173129050486,0,"Analysis_cou0012",2012-03-29,"AA-AA-000-0000"
"UK","Country",69,298,0.231543624161074,-0.774092124970563,0,"Analysis_cou0012",2012-03-29,"AA-AA-000-0000"
"SITE4314","Site",49,228,0.214912280701754,3.53625564308707,2,"Analysis_kri0001",2012-03-29,"AA-AA-000-0000"
"SITE7809","Site",13,322,0.0403726708074534,-2.04029545280785,-2,"Analysis_kri0001",2012-03-29,"AA-AA-000-0000"
"SITE7983","Site",11,413,0.026634382566586,-2.86717832601905,-2,"Analysis_kri0001",2012-03-29,"AA-AA-000-0000"
"SITE8091","Site",4,224,0.0178571428571429,-2.37340172613604,-2,"Analysis_kri0001",2012-03-29,"AA-AA-000-0000"
"SITE022","Site",13,49,0.26530612244898,2.34248110304089,1,"Analysis_kri0001",2012-03-29,"AA-AA-000-0000"
"SITE2901","Site",33,178,0.185393258426966,2.33954628800898,1,"Analysis_kri0001",2012-03-29,"AA-AA-000-0000"
"SITE1750","Site",49,277,0.176895306859206,2.63660330322039,1,"Analysis_kri0001",2012-03-29,"AA-AA-000-0000"
"SITE4629","Site",60,344,0.174418604651163,2.84665834640936,1,"Analysis_kri0001",2012-03-29,"AA-AA-000-0000"
"SITE213","Site",96,699,0.137339055793991,2.10382348014539,1,"Analysis_kri0001",2012-03-29,"AA-AA-000-0000"
"SITE4323","Site",58,753,0.0770252324037185,-1.11532435944635,-1,"Analysis_kri0001",2012-03-29,"AA-AA-000-0000"
"SITE5384","Site",27,399,0.0676691729323308,-1.18438362233899,-1,"Analysis_kri0001",2012-03-29,"AA-AA-000-0000"
"SITE2323","Site",20,297,0.0673400673400673,-1.0331479304496,-1,"Analysis_kri0001",2012-03-29,"AA-AA-000-0000"
"SITE8517","Site",21,316,0.0664556962025316,-1.09701771112303,-1,"Analysis_kri0001",2012-03-29,"AA-AA-000-0000"
"SITE2170","Site",26,396,0.0656565656565657,-1.25975178300293,-1,"Analysis_kri0001",2012-03-29,"AA-AA-000-0000"
"SITE9580","Site",18,277,0.0649819494584837,-1.07598322031565,-1,"Analysis_kri0001",2012-03-29,"AA-AA-000-0000"
"SITE8786","Site",22,345,0.063768115942029,-1.24575139822134,-1,"Analysis_kri0001",2012-03-29,"AA-AA-000-0000"
"SITE8788","Site",18,283,0.0636042402826855,-1.13377016279663,-1,"Analysis_kri0001",2012-03-29,"AA-AA-000-0000"
"SITE2986","Site",16,255,0.0627450980392157,-1.10356783163884,-1,"Analysis_kri0001",2012-03-29,"AA-AA-000-0000"
"SITE8633","Site",20,319,0.0626959247648903,-1.23606067233785,-1,"Analysis_kri0001",2012-03-29,"AA-AA-000-0000"
"SITE7004","Site",17,292,0.0582191780821918,-1.33507308774709,-1,"Analysis_kri0001",2012-03-29,"AA-AA-000-0000"
"SITE8354","Site",11,194,0.056701030927835,-1.13036170660485,-1,"Analysis_kri0001",2012-03-29,"AA-AA-000-0000"
"SITE8210","Site",10,215,0.0465116279069767,-1.48776808503936,-1,"Analysis_kri0001",2012-03-29,"AA-AA-000-0000"
"SITE2883","Site",4,95,0.0421052631578947,-1.07456249957815,-1,"Analysis_kri0001",2012-03-29,"AA-AA-000-0000"
"SITE4874","Site",7,171,0.0409356725146199,-1.47216191327539,-1,"Analysis_kri0001",2012-03-29,"AA-AA-000-0000"
"SITE9888","Site",3,79,0.0379746835443038,-1.05308155301318,-1,"Analysis_kri0001",2012-03-29,"AA-AA-000-0000"
"SITE2373","Site",5,155,0.032258064516129,-1.61693567362943,-1,"Analysis_kri0001",2012-03-29,"AA-AA-000-0000"
"SITE8768","Site",3,107,0.0280373831775701,-1.43046360354455,-1,"Analysis_kri0001",2012-03-29,"AA-AA-000-0000"
"SITE6991","Site",10,49,0.204081632653061,1.48824486825616,0,"Analysis_kri0001",2012-03-29,"AA-AA-000-0000"
"SITE3871","Site",8,40,0.2,1.29318705398923,0,"Analysis_kri0001",2012-03-29,"AA-AA-000-0000"
"SITE3839","Site",14,72,0.194444444444444,1.64103130419532,0,"Analysis_kri0001",2012-03-29,"AA-AA-000-0000"
"SITE8084","Site",7,38,0.184210526315789,1.0664372440768,0,"Analysis_kri0001",2012-03-29,"AA-AA-000-0000"
"SITE2923","Site",5,30,0.166666666666667,0.756022708754373,0,"Analysis_kri0001",2012-03-29,"AA-AA-000-0000"
"SITE8997","Site",8,49,0.163265306122449,0.918754045066349,0,"Analysis_kri0001",2012-03-29,"AA-AA-000-0000"
"SITE4671","Site",7,43,0.162790697674419,0.854464271614197,0,"Analysis_kri0001",2012-03-29,"AA-AA-000-0000"
"SITE7838","Site",5,32,0.15625,0.663365406083282,0,"Analysis_kri0001",2012-03-29,"AA-AA-000-0000"
"SITE8420","Site",28,180,0.155555555555556,1.55473849198822,0,"Analysis_kri0001",2012-03-29,"AA-AA-000-0000"
"SITE2894","Site",6,39,0.153846153846154,0.702413363617552,0,"Analysis_kri0001",2012-03-29,"AA-AA-000-0000"
"SITE1233","Site",16,106,0.150943396226415,1.09844414365116,0,"Analysis_kri0001",2012-03-29,"AA-AA-000-0000"
"SITE6603","Site",60,411,0.145985401459854,1.96260089460151,0,"Analysis_kri0001",2012-03-29,"AA-AA-000-0000"
"SITE3081","Site",63,435,0.144827586206897,1.97095762178834,0,"Analysis_kri0001",2012-03-29,"AA-AA-000-0000"
"SITE5611","Site",18,126,0.142857142857143,1.01667560858866,0,"Analysis_kri0001",2012-03-29,"AA-AA-000-0000"
"SITE6572","Site",10,71,0.140845070422535,0.729385751557464,0,"Analysis_kri0001",2012-03-29,"AA-AA-000-0000"
"SITE9346","Site",79,570,0.13859649122807,1.95963922711806,0,"Analysis_kri0001",2012-03-29,"AA-AA-000-0000"
"SITE4264","Site",33,240,0.1375,1.23772350946851,0,"Analysis_kri0001",2012-03-29,"AA-AA-000-0000"
"SITE7184","Site",22,161,0.136645962732919,0.992150668469084,0,"Analysis_kri0001",2012-03-29,"AA-AA-000-0000"
"SITE1934","Site",9,67,0.134328358208955,0.602220434469274,0,"Analysis_kri0001",2012-03-29,"AA-AA-000-0000"
"SITE9604","Site",17,127,0.133858267716535,0.818565506795712,0,"Analysis_kri0001",2012-03-29,"AA-AA-000-0000"
"SITE9418","Site",6,45,0.133333333333333,0.480237867577336,0,"Analysis_kri0001",2012-03-29,"AA-AA-000-0000"
"SITE4597","Site",6,47,0.127659574468085,0.413262951186431,0,"Analysis_kri0001",2012-03-29,"AA-AA-000-0000"
"SITE6155","Site",8,63,0.126984126984127,0.467776368417716,0,"Analysis_kri0001",2012-03-29,"AA-AA-000-0000"
"SITE9737","Site",38,301,0.12624584717608,0.996941111071253,0,"Analysis_kri0001",2012-03-29,"AA-AA-000-0000"
"SITE1982","Site",28,223,0.125560538116592,0.837703269304341,0,"Analysis_kri0001",2012-03-29,"AA-AA-000-0000"
"SITE3353","Site",14,113,0.123893805309735,0.561001676609156,0,"Analysis_kri0001",2012-03-29,"AA-AA-000-0000"
"SITE8857","Site",9,73,0.123287671232877,0.440583866387211,0,"Analysis_kri0001",2012-03-29,"AA-AA-000-0000"
"SITE2192","Site",88,725,0.121379310344828,1.28604903551085,0,"Analysis_kri0001",2012-03-29,"AA-AA-000-0000"
"SITE7096","Site",16,132,0.121212121212121,0.544922523032084,0,"Analysis_kri0001",2012-03-29,"AA-AA-000-0000"
"SITE4072","Site",18,149,0.120805369127517,0.569053415126627,0,"Analysis_kri0001",2012-03-29,"AA-AA-000-0000"
"SITE3068","Site",12,102,0.117647058823529,0.407247100990758,0,"Analysis_kri0001",2012-03-29,"AA-AA-000-0000"
"SITE3077","Site",6,52,0.115384615384615,0.258257914233216,0,"Analysis_kri0001",2012-03-29,"AA-AA-000-0000"
"SITE4543","Site",6,52,0.115384615384615,0.258257914233216,0,"Analysis_kri0001",2012-03-29,"AA-AA-000-0000"
"SITE5425","Site",7,61,0.114754098360656,0.269900134531921,0,"Analysis_kri0001",2012-03-29,"AA-AA-000-0000"
"SITE4155","Site",4,35,0.114285714285714,0.198919779539598,0,"Analysis_kri0001",2012-03-29,"AA-AA-000-0000"
"SITE1786","Site",16,141,0.113475177304965,0.380073974795415,0,"Analysis_kri0001",2012-03-29,"AA-AA-000-0000"
"SITE2354","Site",6,53,0.113207547169811,0.229138238271693,0,"Analysis_kri0001",2012-03-29,"AA-AA-000-0000"
"SITE3989","Site",30,266,0.112781954887218,0.499499175981504,0,"Analysis_kri0001",2012-03-29,"AA-AA-000-0000"
"SITE5289","Site",4,36,0.111111111111111,0.163775422753739,0,"Analysis_kri0001",2012-03-29,"AA-AA-000-0000"
"SITE3289","Site",33,301,0.109634551495017,0.422505267521317,0,"Analysis_kri0001",2012-03-29,"AA-AA-000-0000"
"SITE3938","Site",15,137,0.109489051094891,0.28164767467461,0,"Analysis_kri0001",2012-03-29,"AA-AA-000-0000"
"SITE8351","Site",48,440,0.109090909090909,0.488098878016181,0,"Analysis_kri0001",2012-03-29,"AA-AA-000-0000"
"SITE5033","Site",38,349,0.108882521489971,0.426944948155471,0,"Analysis_kri0001",2012-03-29,"AA-AA-000-0000"
"SITE4260","Site",22,203,0.108374384236453,0.311186503970786,0,"Analysis_kri0001",2012-03-29,"AA-AA-000-0000"
"SITE8799","Site",67,633,0.105845181674566,0.422673391549301,0,"Analysis_kri0001",2012-03-29,"AA-AA-000-0000"
"SITE1910","Site",20,191,0.104712041884817,0.200962892855462,0,"Analysis_kri0001",2012-03-29,"AA-AA-000-0000"
"SITE3754","Site",12,116,0.103448275862069,0.129483094960843,0,"Analysis_kri0001",2012-03-29,"AA-AA-000-0000"
"SITE7011","Site",33,321,0.102803738317757,0.19237812373975,0,"Analysis_kri0001",2012-03-29,"AA-AA-000-0000"
"SITE4590","Site",51,498,0.102409638554217,0.222087371880347,0,"Analysis_kri0001",2012-03-29,"AA-AA-000-0000"
"SITE1544","Site",8,79,0.10126582278481,0.068191107990526,0,"Analysis_kri0001",2012-03-29,"AA-AA-000-0000"
"SITE1102","Site",11,111,0.0990990990990991,0.035329699335546,0,"Analysis_kri0001",2012-03-29,"AA-AA-000-0000"
"SITE958","Site",49,497,0.0985915492957746,0.0522044433314269,0,"Analysis_kri0001",2012-03-29,"AA-AA-000-0000"
"SITE1257","Site",21,214,0.0981308411214953,0.0208225109730102,0,"Analysis_kri0001",2012-03-29,"AA-AA-000-0000"
"SITE1748","Site",12,125,0.096,-0.031571413604737,0,"Analysis_kri0001",2012-03-29,"AA-AA-000-0000"
"SITE9516","Site",4,42,0.0952380952380952,-0.0281424562388167,0,"Analysis_kri0001",2012-03-29,"AA-AA-000-0000"
"SITE6410","Site",15,158,0.0949367088607595,-0.0621351106775113,0,"Analysis_kri0001",2012-03-29,"AA-AA-000-0000"
"SITE3909","Site",33,348,0.0948275862068965,-0.096271782065424,0,"Analysis_kri0001",2012-03-29,"AA-AA-000-0000"
"SITE7543","Site",3,32,0.09375,-0.0413435339935161,0,"Analysis_kri0001",2012-03-29,"AA-AA-000-0000"
"SITE5895","Site",36,385,0.0935064935064935,-0.152928043933871,0,"Analysis_kri0001",2012-03-29,"AA-AA-000-0000"
"SITE3415","Site",11,118,0.0932203389830508,-0.0908595887674205,0,"Analysis_kri0001",2012-03-29,"AA-AA-000-0000"
"SITE6900","Site",30,324,0.0925925925925926,-0.173079692126901,0,"Analysis_kri0001",2012-03-29,"AA-AA-000-0000"
"SITE5062","Site",11,120,0.0916666666666667,-0.125550175795806,0,"Analysis_kri0001",2012-03-29,"AA-AA-000-0000"
"SITE9147","Site",4,45,0.0888888888888889,-0.11402488925621,0,"Analysis_kri0001",2012-03-29,"AA-AA-000-0000"
"SITE4959","Site",42,477,0.0880503144654088,-0.407743414102308,0,"Analysis_kri0001",2012-03-29,"AA-AA-000-0000"
"SITE9360","Site",38,436,0.0871559633027523,-0.427048734845356,0,"Analysis_kri0001",2012-03-29,"AA-AA-000-0000"
"SITE8625","Site",48,557,0.0861759425493716,-0.528784540512136,0,"Analysis_kri0001",2012-03-29,"AA-AA-000-0000"
"SITE6184","Site",5,59,0.0847457627118644,-0.19399486400141,0,"Analysis_kri0001",2012-03-29,"AA-AA-000-0000"
"SITE9661","Site",16,190,0.0842105263157895,-0.362835073257485,0,"Analysis_kri0001",2012-03-29,"AA-AA-000-0000"
"SITE9142","Site",68,808,0.0841584158415842,-0.751187680014865,0,"Analysis_kri0001",2012-03-29,"AA-AA-000-0000"
"SITE2532","Site",35,417,0.0839328537170264,-0.548829266756267,0,"Analysis_kri0001",2012-03-29,"AA-AA-000-0000"
"SITE4485","Site",48,576,0.0833333333333333,-0.673710229761279,0,"Analysis_kri0001",2012-03-29,"AA-AA-000-0000"
"SITE6405","Site",28,338,0.0828402366863905,-0.534153288022495,0,"Analysis_kri0001",2012-03-29,"AA-AA-000-0000"
"SITE9884","Site",5,61,0.0819672131147541,-0.240510662529563,0,"Analysis_kri0001",2012-03-29,"AA-AA-000-0000"
"SITE2980","Site",9,110,0.0818181818181818,-0.326088165563583,0,"Analysis_kri0001",2012-03-29,"AA-AA-000-0000"
"SITE8764","Site",13,162,0.0802469135802469,-0.435589797356077,0,"Analysis_kri0001",2012-03-29,"AA-AA-000-0000"
"SITE3319","Site",11,138,0.0797101449275362,-0.414599620859192,0,"Analysis_kri0001",2012-03-29,"AA-AA-000-0000"
"SITE759","Site",22,277,0.0794223826714801,-0.596939797923902,0,"Analysis_kri0001",2012-03-29,"AA-AA-000-0000"
"SITE9414","Site",15,194,0.077319587628866,-0.557942890730967,0,"Analysis_kri0001",2012-03-29,"AA-AA-000-0000"
"SITE6384","Site",10,130,0.0769230769230769,-0.46574224707999,0,"Analysis_kri0001",2012-03-29,"AA-AA-000-0000"
"SITE7208","Site",7,91,0.0769230769230769,-0.389667920799985,0,"Analysis_kri0001",2012-03-29,"AA-AA-000-0000"
"SITE8835","Site",11,144,0.0763888888888889,-0.502956604977669,0,"Analysis_kri0001",2012-03-29,"AA-AA-000-0000"
"SITE7604","Site",8,105,0.0761904761904762,-0.433533425459261,0,"Analysis_kri0001",2012-03-29,"AA-AA-000-0000"
"SITE216","Site",15,202,0.0742574257425743,-0.656078481467383,0,"Analysis_kri0001",2012-03-29,"AA-AA-000-0000"
"SITE3719","Site",10,135,0.0740740740740741,-0.540594664146387,0,"Analysis_kri0001",2012-03-29,"AA-AA-000-0000"
"SITE1727","Site",12,167,0.0718562874251497,-0.658386961757121,0,"Analysis_kri0001",2012-03-29,"AA-AA-000-0000"
"SITE180","Site",18,253,0.0711462450592885,-0.83288103189247,0,"Analysis_kri0001",2012-03-29,"AA-AA-000-0000"
"SITE3090","Site",15,212,0.0707547169811321,-0.773776418488674,0,"Analysis_kri0001",2012-03-29,"AA-AA-000-0000"
"SITE6832","Site",8,122,0.0655737704918033,-0.701048376637652,0,"Analysis_kri0001",2012-03-29,"AA-AA-000-0000"
"SITE9395","Site",2,35,0.0571428571428571,-0.474910849607207,0,"Analysis_kri0001",2012-03-29,"AA-AA-000-0000"
"SITE9858","Site",5,90,0.0555555555555556,-0.791566382579641,0,"Analysis_kri0001",2012-03-29,"AA-AA-000-0000"
"SITE404","Site",5,93,0.0537634408602151,-0.839098855203021,0,"Analysis_kri0001",2012-03-29,"AA-AA-000-0000"
"SITE101","Site",4,89,0.0449438202247191,-0.986699365380262,0,"Analysis_kri0001",2012-03-29,"AA-AA-000-0000"
"SITE4754","Site",1,30,0.0333333333333333,-0.699617818627451,0,"Analysis_kri0001",2012-03-29,"AA-AA-000-0000"
"SITE7860","Site",1,37,0.027027027027027,-0.853423724957834,0,"Analysis_kri0001",2012-03-29,"AA-AA-000-0000"
"SITE1273","Site",5,21,0.238095238095238,NA,NA,"Analysis_kri0001",2012-03-29,"AA-AA-000-0000"
"SITE9766","Site",5,21,0.238095238095238,NA,NA,"Analysis_kri0001",2012-03-29,"AA-AA-000-0000"
"SITE1935","Site",5,26,0.192307692307692,NA,NA,"Analysis_kri0001",2012-03-29,"AA-AA-000-0000"
"SITE1841","Site",4,23,0.173913043478261,NA,NA,"Analysis_kri0001",2012-03-29,"AA-AA-000-0000"
"SITE4612","Site",1,6,0.166666666666667,NA,NA,"Analysis_kri0001",2012-03-29,"AA-AA-000-0000"
"SITE4028","Site",4,24,0.166666666666667,NA,NA,"Analysis_kri0001",2012-03-29,"AA-AA-000-0000"
"SITE6123","Site",3,19,0.157894736842105,NA,NA,"Analysis_kri0001",2012-03-29,"AA-AA-000-0000"
"SITE4275","Site",4,28,0.142857142857143,NA,NA,"Analysis_kri0001",2012-03-29,"AA-AA-000-0000"
"SITE8627","Site",2,15,0.133333333333333,NA,NA,"Analysis_kri0001",2012-03-29,"AA-AA-000-0000"
"SITE4424","Site",3,24,0.125,NA,NA,"Analysis_kri0001",2012-03-29,"AA-AA-000-0000"
"SITE7246","Site",3,25,0.12,NA,NA,"Analysis_kri0001",2012-03-29,"AA-AA-000-0000"
"SITE4703","Site",2,17,0.117647058823529,NA,NA,"Analysis_kri0001",2012-03-29,"AA-AA-000-0000"
"SITE3759","Site",3,28,0.107142857142857,NA,NA,"Analysis_kri0001",2012-03-29,"AA-AA-000-0000"
"SITE5185","Site",1,10,0.1,NA,NA,"Analysis_kri0001",2012-03-29,"AA-AA-000-0000"
"SITE9082","Site",2,20,0.1,NA,NA,"Analysis_kri0001",2012-03-29,"AA-AA-000-0000"
"SITE7913","Site",2,24,0.0833333333333333,NA,NA,"Analysis_kri0001",2012-03-29,"AA-AA-000-0000"
"SITE8361","Site",1,14,0.0714285714285714,NA,NA,"Analysis_kri0001",2012-03-29,"AA-AA-000-0000"
"SITE4875","Site",0,28,0,NA,NA,"Analysis_kri0001",2012-03-29,"AA-AA-000-0000"
"SITE8616","Site",0,27,0,NA,NA,"Analysis_kri0001",2012-03-29,"AA-AA-000-0000"
"SITE6068","Site",0,11,0,NA,NA,"Analysis_kri0001",2012-03-29,"AA-AA-000-0000"
"SITE7734","Site",0,10,0,NA,NA,"Analysis_kri0001",2012-03-29,"AA-AA-000-0000"
"SITE4744","Site",0,6,0,NA,NA,"Analysis_kri0001",2012-03-29,"AA-AA-000-0000"
"SITE4976","Site",0,6,0,NA,NA,"Analysis_kri0001",2012-03-29,"AA-AA-000-0000"
"SITE2030","Site",0,5,0,NA,NA,"Analysis_kri0001",2012-03-29,"AA-AA-000-0000"
"SITE2062","Site",0,4,0,NA,NA,"Analysis_kri0001",2012-03-29,"AA-AA-000-0000"
"SITE5217","Site",0,4,0,NA,NA,"Analysis_kri0001",2012-03-29,"AA-AA-000-0000"
"SITE6440","Site",0,2,0,NA,NA,"Analysis_kri0001",2012-03-29,"AA-AA-000-0000"
"SITE2901","Site",10,178,0.0561797752808989,3.42299316566696,2,"Analysis_kri0002",2012-03-29,"AA-AA-000-0000"
"SITE4597","Site",3,47,0.0638297872340425,2.12159458584307,1,"Analysis_kri0002",2012-03-29,"AA-AA-000-0000"
"SITE022","Site",3,49,0.0612244897959184,2.04014958816093,1,"Analysis_kri0002",2012-03-29,"AA-AA-000-0000"
"SITE8997","Site",3,49,0.0612244897959184,2.04014958816093,1,"Analysis_kri0002",2012-03-29,"AA-AA-000-0000"
"SITE3839","Site",4,72,0.0555555555555556,2.14039112397537,1,"Analysis_kri0002",2012-03-29,"AA-AA-000-0000"
"SITE8420","Site",8,180,0.0444444444444444,2.35338221784225,1,"Analysis_kri0002",2012-03-29,"AA-AA-000-0000"
"SITE6603","Site",14,411,0.0340632603406326,2.10073599702409,1,"Analysis_kri0002",2012-03-29,"AA-AA-000-0000"
"SITE2532","Site",5,417,0.0119904076738609,-1.00099460600527,-1,"Analysis_kri0002",2012-03-29,"AA-AA-000-0000"
"SITE2323","Site",3,297,0.0101010101010101,-1.06994806154076,-1,"Analysis_kri0002",2012-03-29,"AA-AA-000-0000"
"SITE4590","Site",5,498,0.0100401606425703,-1.39486680851769,-1,"Analysis_kri0002",2012-03-29,"AA-AA-000-0000"
"SITE9142","Site",8,808,0.0099009900990099,-1.80409621880918,-1,"Analysis_kri0002",2012-03-29,"AA-AA-000-0000"
"SITE7809","Site",3,322,0.0093167701863354,-1.21138675086016,-1,"Analysis_kri0002",2012-03-29,"AA-AA-000-0000"
"SITE6405","Site",3,338,0.00887573964497041,-1.29718948947725,-1,"Analysis_kri0002",2012-03-29,"AA-AA-000-0000"
"SITE4485","Site",5,576,0.00868055555555556,-1.72578155178501,-1,"Analysis_kri0002",2012-03-29,"AA-AA-000-0000"
"SITE9580","Site",2,277,0.0072202166064982,-1.36485615844617,-1,"Analysis_kri0002",2012-03-29,"AA-AA-000-0000"
"SITE8625","Site",4,557,0.00718132854578097,-1.94176401107541,-1,"Analysis_kri0002",2012-03-29,"AA-AA-000-0000"
"SITE8835","Site",1,144,0.00694444444444444,-1.00695969930738,-1,"Analysis_kri0002",2012-03-29,"AA-AA-000-0000"
"SITE4072","Site",1,149,0.00671140939597315,-1.04396344116921,-1,"Analysis_kri0002",2012-03-29,"AA-AA-000-0000"
"SITE8517","Site",2,316,0.00632911392405063,-1.5673176908699,-1,"Analysis_kri0002",2012-03-29,"AA-AA-000-0000"
"SITE8633","Site",2,319,0.00626959247648903,-1.58209149030769,-1,"Analysis_kri0002",2012-03-29,"AA-AA-000-0000"
"SITE7184","Site",1,161,0.0062111801242236,-1.12908110879417,-1,"Analysis_kri0002",2012-03-29,"AA-AA-000-0000"
"SITE8764","Site",1,162,0.00617283950617284,-1.13595678944598,-1,"Analysis_kri0002",2012-03-29,"AA-AA-000-0000"
"SITE4874","Site",1,171,0.00584795321637427,-1.19646392575423,-1,"Analysis_kri0002",2012-03-29,"AA-AA-000-0000"
"SITE8091","Site",1,224,0.00446428571428571,-1.51259299498466,-1,"Analysis_kri0002",2012-03-29,"AA-AA-000-0000"
"SITE2373","Site",0,155,0,-1.64259347353496,-1,"Analysis_kri0002",2012-03-29,"AA-AA-000-0000"
"SITE6832","Site",0,122,0,-1.45728387420894,-1,"Analysis_kri0002",2012-03-29,"AA-AA-000-0000"
"SITE2980","Site",0,110,0,-1.38375940739982,-1,"Analysis_kri0002",2012-03-29,"AA-AA-000-0000"
"SITE101","Site",0,89,0,-1.24468440207113,-1,"Analysis_kri0002",2012-03-29,"AA-AA-000-0000"
"SITE9888","Site",0,79,0,-1.17267533175537,-1,"Analysis_kri0002",2012-03-29,"AA-AA-000-0000"
"SITE8857","Site",0,73,0,-1.12726409393567,-1,"Analysis_kri0002",2012-03-29,"AA-AA-000-0000"
"SITE6155","Site",0,63,0,-1.04721177916648,-1,"Analysis_kri0002",2012-03-29,"AA-AA-000-0000"
"SITE3353","Site",5,113,0.0442477876106195,1.85018550221289,0,"Analysis_kri0002",2012-03-29,"AA-AA-000-0000"
"SITE6991","Site",2,49,0.0408163265306122,1.0522483990304,0,"Analysis_kri0002",2012-03-29,"AA-AA-000-0000"
"SITE4543","Site",2,52,0.0384615384615385,0.966555377037889,0,"Analysis_kri0002",2012-03-29,"AA-AA-000-0000"
"SITE2923","Site",1,30,0.0333333333333333,0.539912004896511,0,"Analysis_kri0002",2012-03-29,"AA-AA-000-0000"
"SITE4754","Site",1,30,0.0333333333333333,0.539912004896511,0,"Analysis_kri0002",2012-03-29,"AA-AA-000-0000"
"SITE5425","Site",2,61,0.0327868852459016,0.740373693568852,0,"Analysis_kri0002",2012-03-29,"AA-AA-000-0000"
"SITE5611","Site",4,126,0.0317460317460317,0.983277420367916,0,"Analysis_kri0002",2012-03-29,"AA-AA-000-0000"
"SITE9604","Site",4,127,0.031496062992126,0.967691146923845,0,"Analysis_kri0002",2012-03-29,"AA-AA-000-0000"
"SITE2986","Site",8,255,0.0313725490196078,1.35757376136161,0,"Analysis_kri0002",2012-03-29,"AA-AA-000-0000"
"SITE7543","Site",1,32,0.03125,0.476121030737852,0,"Analysis_kri0002",2012-03-29,"AA-AA-000-0000"
"SITE7011","Site",10,321,0.0311526479750779,1.49591589125706,0,"Analysis_kri0002",2012-03-29,"AA-AA-000-0000"
"SITE4314","Site",7,228,0.0307017543859649,1.21364819044331,0,"Analysis_kri0002",2012-03-29,"AA-AA-000-0000"
"SITE7096","Site",4,132,0.0303030303030303,0.891768843289928,0,"Analysis_kri0002",2012-03-29,"AA-AA-000-0000"
"SITE8799","Site",19,633,0.0300157977883096,1.90286801502006,0,"Analysis_kri0002",2012-03-29,"AA-AA-000-0000"
"SITE1934","Site",2,67,0.0298507462686567,0.609733733274493,0,"Analysis_kri0002",2012-03-29,"AA-AA-000-0000"
"SITE4260","Site",6,203,0.0295566502463054,1.03235429156998,0,"Analysis_kri0002",2012-03-29,"AA-AA-000-0000"
"SITE3938","Site",4,137,0.0291970802919708,0.818984051910985,0,"Analysis_kri0002",2012-03-29,"AA-AA-000-0000"
"SITE4155","Site",1,35,0.0285714285714286,0.388354875524793,0,"Analysis_kri0002",2012-03-29,"AA-AA-000-0000"
"SITE1233","Site",3,106,0.0283018867924528,0.656655193315427,0,"Analysis_kri0002",2012-03-29,"AA-AA-000-0000"
"SITE6572","Site",2,71,0.028169014084507,0.529677336970847,0,"Analysis_kri0002",2012-03-29,"AA-AA-000-0000"
"SITE9360","Site",12,436,0.0275229357798165,1.21928798677701,0,"Analysis_kri0002",2012-03-29,"AA-AA-000-0000"
"SITE213","Site",19,699,0.0271816881258941,1.48144699287113,0,"Analysis_kri0002",2012-03-29,"AA-AA-000-0000"
"SITE1982","Site",6,223,0.0269058295964126,0.808270926553077,0,"Analysis_kri0002",2012-03-29,"AA-AA-000-0000"
"SITE8084","Site",1,38,0.0263157894736842,0.308501274995928,0,"Analysis_kri0002",2012-03-29,"AA-AA-000-0000"
"SITE1910","Site",5,191,0.0261780104712042,0.678475040565319,0,"Analysis_kri0002",2012-03-29,"AA-AA-000-0000"
"SITE4629","Site",9,344,0.0261627906976744,0.908582429736501,0,"Analysis_kri0002",2012-03-29,"AA-AA-000-0000"
"SITE958","Site",13,497,0.0261569416498994,1.0912005367869,0,"Analysis_kri0002",2012-03-29,"AA-AA-000-0000"
"SITE5895","Site",10,385,0.025974025974026,0.93559066110013,0,"Analysis_kri0002",2012-03-29,"AA-AA-000-0000"
"SITE9414","Site",5,194,0.0257731958762887,0.64479124130363,0,"Analysis_kri0002",2012-03-29,"AA-AA-000-0000"
"SITE2894","Site",1,39,0.0256410256410256,0.28339373322863,0,"Analysis_kri0002",2012-03-29,"AA-AA-000-0000"
"SITE1750","Site",7,277,0.0252707581227437,0.71264688179259,0,"Analysis_kri0002",2012-03-29,"AA-AA-000-0000"
"SITE5384","Site",10,399,0.025062656641604,0.826559166665597,0,"Analysis_kri0002",2012-03-29,"AA-AA-000-0000"
"SITE2192","Site",18,725,0.0248275862068966,1.070412730935,0,"Analysis_kri0002",2012-03-29,"AA-AA-000-0000"
"SITE9346","Site",14,570,0.0245614035087719,0.90516990849165,0,"Analysis_kri0002",2012-03-29,"AA-AA-000-0000"
"SITE1748","Site",3,125,0.024,0.380479455109664,0,"Analysis_kri0002",2012-03-29,"AA-AA-000-0000"
"SITE180","Site",6,253,0.0237154150197628,0.509995210034326,0,"Analysis_kri0002",2012-03-29,"AA-AA-000-0000"
"SITE4671","Site",1,43,0.0232558139534884,0.189410569566065,0,"Analysis_kri0002",2012-03-29,"AA-AA-000-0000"
"SITE9737","Site",7,301,0.0232558139534884,0.501133262758906,0,"Analysis_kri0002",2012-03-29,"AA-AA-000-0000"
"SITE4959","Site",11,477,0.0230607966457023,0.601400477574229,0,"Analysis_kri0002",2012-03-29,"AA-AA-000-0000"
"SITE5033","Site",8,349,0.0229226361031519,0.496570575669489,0,"Analysis_kri0002",2012-03-29,"AA-AA-000-0000"
"SITE8351","Site",10,440,0.0227272727272727,0.529225075175549,0,"Analysis_kri0002",2012-03-29,"AA-AA-000-0000"
"SITE3989","Site",6,266,0.0225563909774436,0.392212894979641,0,"Analysis_kri0002",2012-03-29,"AA-AA-000-0000"
"SITE9147","Site",1,45,0.0222222222222222,0.145817809078379,0,"Analysis_kri0002",2012-03-29,"AA-AA-000-0000"
"SITE9418","Site",1,45,0.0222222222222222,0.145817809078379,0,"Analysis_kri0002",2012-03-29,"AA-AA-000-0000"
"SITE9858","Site",2,90,0.0222222222222222,0.206217523234174,0,"Analysis_kri0002",2012-03-29,"AA-AA-000-0000"
"SITE7208","Site",2,91,0.021978021978022,0.19125064942492,0,"Analysis_kri0002",2012-03-29,"AA-AA-000-0000"
"SITE9661","Site",4,190,0.0210526315789474,0.188140626917505,0,"Analysis_kri0002",2012-03-29,"AA-AA-000-0000"
"SITE3081","Site",9,435,0.0206896551724138,0.232323555336789,0,"Analysis_kri0002",2012-03-29,"AA-AA-000-0000"
"SITE3068","Site",2,102,0.0196078431372549,0.0369439700149996,0,"Analysis_kri0002",2012-03-29,"AA-AA-000-0000"
"SITE3077","Site",1,52,0.0192307692307692,0.00757465597966406,0,"Analysis_kri0002",2012-03-29,"AA-AA-000-0000"
"SITE7604","Site",2,105,0.019047619047619,-0.00221461400087027,0,"Analysis_kri0002",2012-03-29,"AA-AA-000-0000"
"SITE2354","Site",1,53,0.0188679245283019,-0.0106199855312242,0,"Analysis_kri0002",2012-03-29,"AA-AA-000-0000"
"SITE1257","Site",4,214,0.0186915887850467,-0.039178443103542,0,"Analysis_kri0002",2012-03-29,"AA-AA-000-0000"
"SITE759","Site",5,277,0.0180505415162455,-0.118354334302914,0,"Analysis_kri0002",2012-03-29,"AA-AA-000-0000"
"SITE1102","Site",2,111,0.018018018018018,-0.0772909547160715,0,"Analysis_kri0002",2012-03-29,"AA-AA-000-0000"
"SITE8788","Site",5,283,0.0176678445229682,-0.164149760878678,0,"Analysis_kri0002",2012-03-29,"AA-AA-000-0000"
"SITE8786","Site",6,345,0.0173913043478261,-0.216761577281592,0,"Analysis_kri0002",2012-03-29,"AA-AA-000-0000"
"SITE4323","Site",13,753,0.0172642762284197,-0.344341165027228,0,"Analysis_kri0002",2012-03-29,"AA-AA-000-0000"
"SITE3909","Site",6,348,0.0172413793103448,-0.237042819177165,0,"Analysis_kri0002",2012-03-29,"AA-AA-000-0000"
"SITE3754","Site",2,116,0.0172413793103448,-0.136856735461404,0,"Analysis_kri0002",2012-03-29,"AA-AA-000-0000"
"SITE7004","Site",5,292,0.0171232876712329,-0.231089139256813,0,"Analysis_kri0002",2012-03-29,"AA-AA-000-0000"
"SITE3415","Site",2,118,0.0169491525423729,-0.159983414720976,0,"Analysis_kri0002",2012-03-29,"AA-AA-000-0000"
"SITE6184","Site",1,59,0.0169491525423729,-0.113125357426582,0,"Analysis_kri0002",2012-03-29,"AA-AA-000-0000"
"SITE4264","Site",4,240,0.0166666666666667,-0.258423171868435,0,"Analysis_kri0002",2012-03-29,"AA-AA-000-0000"
"SITE5062","Site",2,120,0.0166666666666667,-0.182732777243907,0,"Analysis_kri0002",2012-03-29,"AA-AA-000-0000"
"SITE9884","Site",1,61,0.0163934426229508,-0.145040807999045,0,"Analysis_kri0002",2012-03-29,"AA-AA-000-0000"
"SITE6900","Site",5,324,0.0154320987654321,-0.453934110585357,0,"Analysis_kri0002",2012-03-29,"AA-AA-000-0000"
"SITE3719","Site",2,135,0.0148148148148148,-0.342611123192478,0,"Analysis_kri0002",2012-03-29,"AA-AA-000-0000"
"SITE1786","Site",2,141,0.0141843971631206,-0.401908517082614,0,"Analysis_kri0002",2012-03-29,"AA-AA-000-0000"
"SITE3090","Site",3,212,0.0141509433962264,-0.496185296688374,0,"Analysis_kri0002",2012-03-29,"AA-AA-000-0000"
"SITE8210","Site",3,215,0.013953488372093,-0.519705317313767,0,"Analysis_kri0002",2012-03-29,"AA-AA-000-0000"
"SITE3289","Site",4,301,0.0132890365448505,-0.694641973253354,0,"Analysis_kri0002",2012-03-29,"AA-AA-000-0000"
"SITE6410","Site",2,158,0.0126582278481013,-0.558108576546688,0,"Analysis_kri0002",2012-03-29,"AA-AA-000-0000"
"SITE1544","Site",1,79,0.0126582278481013,-0.394642359114535,0,"Analysis_kri0002",2012-03-29,"AA-AA-000-0000"
"SITE2170","Site",5,396,0.0126262626262626,-0.887962284213446,0,"Analysis_kri0002",2012-03-29,"AA-AA-000-0000"
"SITE7983","Site",5,413,0.0121065375302663,-0.979861716676927,0,"Analysis_kri0002",2012-03-29,"AA-AA-000-0000"
"SITE1727","Site",2,167,0.0119760479041916,-0.634747277190662,0,"Analysis_kri0002",2012-03-29,"AA-AA-000-0000"
"SITE404","Site",1,93,0.010752688172043,-0.555263364911406,0,"Analysis_kri0002",2012-03-29,"AA-AA-000-0000"
"SITE2883","Site",1,95,0.0105263157894737,-0.576460150722918,0,"Analysis_kri0002",2012-03-29,"AA-AA-000-0000"
"SITE8354","Site",2,194,0.0103092783505155,-0.844679367849673,0,"Analysis_kri0002",2012-03-29,"AA-AA-000-0000"
"SITE216","Site",2,202,0.0099009900990099,-0.902048109404592,0,"Analysis_kri0002",2012-03-29,"AA-AA-000-0000"
"SITE8768","Site",1,107,0.00934579439252336,-0.696231431767706,0,"Analysis_kri0002",2012-03-29,"AA-AA-000-0000"
"SITE6384","Site",1,130,0.00769230769230769,-0.8977924105264,0,"Analysis_kri0002",2012-03-29,"AA-AA-000-0000"
"SITE3319","Site",1,138,0.0072463768115942,-0.961230250895952,0,"Analysis_kri0002",2012-03-29,"AA-AA-000-0000"
"SITE9516","Site",0,42,0,-0.85504483719667,0,"Analysis_kri0002",2012-03-29,"AA-AA-000-0000"
"SITE3871","Site",0,40,0,-0.834438318994497,0,"Analysis_kri0002",2012-03-29,"AA-AA-000-0000"
"SITE7860","Site",0,37,0,-0.802537077081729,0,"Analysis_kri0002",2012-03-29,"AA-AA-000-0000"
"SITE5289","Site",0,36,0,-0.791617696483426,0,"Analysis_kri0002",2012-03-29,"AA-AA-000-0000"
"SITE9395","Site",0,35,0,-0.780545575018248,0,"Analysis_kri0002",2012-03-29,"AA-AA-000-0000"
"SITE7838","Site",0,32,0,-0.74634432172094,0,"Analysis_kri0002",2012-03-29,"AA-AA-000-0000"
"SITE7913","Site",2,24,0.0833333333333333,NA,NA,"Analysis_kri0002",2012-03-29,"AA-AA-000-0000"
"SITE8627","Site",1,15,0.0666666666666667,NA,NA,"Analysis_kri0002",2012-03-29,"AA-AA-000-0000"
"SITE4703","Site",1,17,0.0588235294117647,NA,NA,"Analysis_kri0002",2012-03-29,"AA-AA-000-0000"
"SITE6123","Site",1,19,0.0526315789473684,NA,NA,"Analysis_kri0002",2012-03-29,"AA-AA-000-0000"
"SITE1273","Site",1,21,0.0476190476190476,NA,NA,"Analysis_kri0002",2012-03-29,"AA-AA-000-0000"
"SITE9766","Site",1,21,0.0476190476190476,NA,NA,"Analysis_kri0002",2012-03-29,"AA-AA-000-0000"
"SITE1841","Site",1,23,0.0434782608695652,NA,NA,"Analysis_kri0002",2012-03-29,"AA-AA-000-0000"
"SITE4028","Site",1,24,0.0416666666666667,NA,NA,"Analysis_kri0002",2012-03-29,"AA-AA-000-0000"
"SITE4424","Site",1,24,0.0416666666666667,NA,NA,"Analysis_kri0002",2012-03-29,"AA-AA-000-0000"
"SITE3759","Site",1,28,0.0357142857142857,NA,NA,"Analysis_kri0002",2012-03-29,"AA-AA-000-0000"
"SITE4275","Site",0,28,0,NA,NA,"Analysis_kri0002",2012-03-29,"AA-AA-000-0000"
"SITE4875","Site",0,28,0,NA,NA,"Analysis_kri0002",2012-03-29,"AA-AA-000-0000"
"SITE8616","Site",0,27,0,NA,NA,"Analysis_kri0002",2012-03-29,"AA-AA-000-0000"
"SITE1935","Site",0,26,0,NA,NA,"Analysis_kri0002",2012-03-29,"AA-AA-000-0000"
"SITE7246","Site",0,25,0,NA,NA,"Analysis_kri0002",2012-03-29,"AA-AA-000-0000"
"SITE9082","Site",0,20,0,NA,NA,"Analysis_kri0002",2012-03-29,"AA-AA-000-0000"
"SITE8361","Site",0,14,0,NA,NA,"Analysis_kri0002",2012-03-29,"AA-AA-000-0000"
"SITE6068","Site",0,11,0,NA,NA,"Analysis_kri0002",2012-03-29,"AA-AA-000-0000"
"SITE5185","Site",0,10,0,NA,NA,"Analysis_kri0002",2012-03-29,"AA-AA-000-0000"
"SITE7734","Site",0,10,0,NA,NA,"Analysis_kri0002",2012-03-29,"AA-AA-000-0000"
"SITE4612","Site",0,6,0,NA,NA,"Analysis_kri0002",2012-03-29,"AA-AA-000-0000"
"SITE4744","Site",0,6,0,NA,NA,"Analysis_kri0002",2012-03-29,"AA-AA-000-0000"
"SITE4976","Site",0,6,0,NA,NA,"Analysis_kri0002",2012-03-29,"AA-AA-000-0000"
"SITE2030","Site",0,5,0,NA,NA,"Analysis_kri0002",2012-03-29,"AA-AA-000-0000"
"SITE2062","Site",0,4,0,NA,NA,"Analysis_kri0002",2012-03-29,"AA-AA-000-0000"
"SITE5217","Site",0,4,0,NA,NA,"Analysis_kri0002",2012-03-29,"AA-AA-000-0000"
"SITE6440","Site",0,2,0,NA,NA,"Analysis_kri0002",2012-03-29,"AA-AA-000-0000"
"SITE9737","Site",23,301,0.0764119601328904,2.14179555723718,1,"Analysis_kri0003",2012-03-29,"AA-AA-000-0000"
"SITE2894","Site",4,39,0.102564102564103,1.38856576100274,0,"Analysis_kri0003",2012-03-29,"AA-AA-000-0000"
"SITE8997","Site",5,49,0.102040816326531,1.54258721945282,0,"Analysis_kri0003",2012-03-29,"AA-AA-000-0000"
"SITE9516","Site",4,42,0.0952380952380952,1.26143927692578,0,"Analysis_kri0003",2012-03-29,"AA-AA-000-0000"
"SITE1748","Site",11,125,0.088,1.87016441729597,0,"Analysis_kri0003",2012-03-29,"AA-AA-000-0000"
"SITE9395","Site",3,35,0.0857142857142857,0.938461175046486,0,"Analysis_kri0003",2012-03-29,"AA-AA-000-0000"
"SITE7860","Site",3,37,0.0810810810810811,0.858325714213174,0,"Analysis_kri0003",2012-03-29,"AA-AA-000-0000"
"SITE9604","Site",10,127,0.078740157480315,1.49044264136769,0,"Analysis_kri0003",2012-03-29,"AA-AA-000-0000"
"SITE3077","Site",4,52,0.0769230769230769,0.904156105942311,0,"Analysis_kri0003",2012-03-29,"AA-AA-000-0000"
"SITE2323","Site",21,297,0.0707070707070707,1.75572207272175,0,"Analysis_kri0003",2012-03-29,"AA-AA-000-0000"
"SITE1233","Site",7,106,0.0660377358490566,0.867094718189063,0,"Analysis_kri0003",2012-03-29,"AA-AA-000-0000"
"SITE4597","Site",3,47,0.0638297872340425,0.520138957183372,0,"Analysis_kri0003",2012-03-29,"AA-AA-000-0000"
"SITE9888","Site",5,79,0.0632911392405063,0.656242976545427,0,"Analysis_kri0003",2012-03-29,"AA-AA-000-0000"
"SITE1102","Site",7,111,0.0630630630630631,0.76879304088862,0,"Analysis_kri0003",2012-03-29,"AA-AA-000-0000"
"SITE7838","Site",2,32,0.0625,0.400739001906414,0,"Analysis_kri0003",2012-03-29,"AA-AA-000-0000"
"SITE2901","Site",11,178,0.0617977528089888,0.909710508542902,0,"Analysis_kri0003",2012-03-29,"AA-AA-000-0000"
"SITE6991","Site",3,49,0.0612244897959184,0.462124763278988,0,"Analysis_kri0003",2012-03-29,"AA-AA-000-0000"
"SITE4629","Site",21,344,0.061046511627907,1.21196507952823,0,"Analysis_kri0003",2012-03-29,"AA-AA-000-0000"
"SITE4072","Site",9,149,0.0604026845637584,0.767915260638106,0,"Analysis_kri0003",2012-03-29,"AA-AA-000-0000"
"SITE4260","Site",12,203,0.0591133004926108,0.82685879840116,0,"Analysis_kri0003",2012-03-29,"AA-AA-000-0000"
"SITE3068","Site",6,102,0.0588235294117647,0.575048711588587,0,"Analysis_kri0003",2012-03-29,"AA-AA-000-0000"
"SITE4874","Site",10,171,0.0584795321637427,0.727553941808845,0,"Analysis_kri0003",2012-03-29,"AA-AA-000-0000"
"SITE8091","Site",13,224,0.0580357142857143,0.807585719046442,0,"Analysis_kri0003",2012-03-29,"AA-AA-000-0000"
"SITE1750","Site",16,277,0.0577617328519856,0.88081421895674,0,"Analysis_kri0003",2012-03-29,"AA-AA-000-0000"
"SITE4543","Site",3,52,0.0576923076923077,0.379739961545398,0,"Analysis_kri0003",2012-03-29,"AA-AA-000-0000"
"SITE1786","Site",8,141,0.0567375886524823,0.58243736425003,0,"Analysis_kri0003",2012-03-29,"AA-AA-000-0000"
"SITE5289","Site",2,36,0.0555555555555556,0.267480457075582,0,"Analysis_kri0003",2012-03-29,"AA-AA-000-0000"
"SITE180","Site",14,253,0.0553359683794466,0.695881279936599,0,"Analysis_kri0003",2012-03-29,"AA-AA-000-0000"
"SITE8625","Site",30,557,0.0538599640933573,0.900797050154679,0,"Analysis_kri0003",2012-03-29,"AA-AA-000-0000"
"SITE6384","Site",7,130,0.0538461538461538,0.434586652728306,0,"Analysis_kri0003",2012-03-29,"AA-AA-000-0000"
"SITE404","Site",5,93,0.0537634408602151,0.36455875536166,0,"Analysis_kri0003",2012-03-29,"AA-AA-000-0000"
"SITE8633","Site",17,319,0.0532915360501567,0.643309514054265,0,"Analysis_kri0003",2012-03-29,"AA-AA-000-0000"
"SITE213","Site",37,699,0.0529327610872675,0.916406253327972,0,"Analysis_kri0003",2012-03-29,"AA-AA-000-0000"
"SITE1910","Site",10,191,0.0523560209424084,0.448891604930875,0,"Analysis_kri0003",2012-03-29,"AA-AA-000-0000"
"SITE4590","Site",26,498,0.0522088353413655,0.712414492997025,0,"Analysis_kri0003",2012-03-29,"AA-AA-000-0000"
"SITE5895","Site",20,385,0.051948051948052,0.607044912040539,0,"Analysis_kri0003",2012-03-29,"AA-AA-000-0000"
"SITE3090","Site",11,212,0.0518867924528302,0.44708921572158,0,"Analysis_kri0003",2012-03-29,"AA-AA-000-0000"
"SITE5033","Site",18,349,0.0515759312320917,0.551678159409232,0,"Analysis_kri0003",2012-03-29,"AA-AA-000-0000"
"SITE9346","Site",29,570,0.0508771929824561,0.641949203263224,0,"Analysis_kri0003",2012-03-29,"AA-AA-000-0000"
"SITE7983","Site",21,413,0.0508474576271186,0.544149480924509,0,"Analysis_kri0003",2012-03-29,"AA-AA-000-0000"
"SITE3319","Site",7,138,0.0507246376811594,0.309088815839183,0,"Analysis_kri0003",2012-03-29,"AA-AA-000-0000"
"SITE8764","Site",8,162,0.0493827160493827,0.270299718040957,0,"Analysis_kri0003",2012-03-29,"AA-AA-000-0000"
"SITE1982","Site",11,223,0.0493273542600897,0.314005959672384,0,"Analysis_kri0003",2012-03-29,"AA-AA-000-0000"
"SITE2192","Site",35,725,0.0482758620689655,0.459113623426246,0,"Analysis_kri0003",2012-03-29,"AA-AA-000-0000"
"SITE4314","Site",11,228,0.0482456140350877,0.255738039089835,0,"Analysis_kri0003",2012-03-29,"AA-AA-000-0000"
"SITE2170","Site",19,396,0.047979797979798,0.317031861000631,0,"Analysis_kri0003",2012-03-29,"AA-AA-000-0000"
"SITE1727","Site",8,167,0.0479041916167665,0.202184883590061,0,"Analysis_kri0003",2012-03-29,"AA-AA-000-0000"
"SITE6155","Site",3,63,0.0476190476190476,0.115623804997774,0,"Analysis_kri0003",2012-03-29,"AA-AA-000-0000"
"SITE8517","Site",15,316,0.0474683544303797,0.248822620850613,0,"Analysis_kri0003",2012-03-29,"AA-AA-000-0000"
"SITE4671","Site",2,43,0.0465116279069767,0.0680622196941211,0,"Analysis_kri0003",2012-03-29,"AA-AA-000-0000"
"SITE9414","Site",9,194,0.0463917525773196,0.138254135035131,0,"Analysis_kri0003",2012-03-29,"AA-AA-000-0000"
"SITE6900","Site",15,324,0.0462962962962963,0.172171605125345,0,"Analysis_kri0003",2012-03-29,"AA-AA-000-0000"
"SITE2532","Site",19,417,0.0455635491606715,0.138739835576868,0,"Analysis_kri0003",2012-03-29,"AA-AA-000-0000"
"SITE7096","Site",6,132,0.0454545454545455,0.0733225467877246,0,"Analysis_kri0003",2012-03-29,"AA-AA-000-0000"
"SITE3989","Site",12,266,0.0451127819548872,0.0830070589677074,0,"Analysis_kri0003",2012-03-29,"AA-AA-000-0000"
"SITE9147","Site",2,45,0.0444444444444444,0.0171870341037332,0,"Analysis_kri0003",2012-03-29,"AA-AA-000-0000"
"SITE9418","Site",2,45,0.0444444444444444,0.0171870341037332,0,"Analysis_kri0003",2012-03-29,"AA-AA-000-0000"
"SITE8420","Site",8,180,0.0444444444444444,0.0343740682074664,0,"Analysis_kri0003",2012-03-29,"AA-AA-000-0000"
"SITE7208","Site",4,91,0.043956043956044,0.00682207142490073,0,"Analysis_kri0003",2012-03-29,"AA-AA-000-0000"
"SITE7011","Site",14,321,0.043613707165109,-0.0103815169518892,0,"Analysis_kri0003",2012-03-29,"AA-AA-000-0000"
"SITE7184","Site",7,161,0.0434782608695652,-0.0138514349430637,0,"Analysis_kri0003",2012-03-29,"AA-AA-000-0000"
"SITE4485","Site",25,576,0.0434027777777778,-0.033050262375123,0,"Analysis_kri0003",2012-03-29,"AA-AA-000-0000"
"SITE3754","Site",5,116,0.0431034482758621,-0.0270232338756488,0,"Analysis_kri0003",2012-03-29,"AA-AA-000-0000"
"SITE8788","Site",12,283,0.0424028268551237,-0.0867798606748611,0,"Analysis_kri0003",2012-03-29,"AA-AA-000-0000"
"SITE3415","Site",5,118,0.0423728813559322,-0.0572660773452268,0,"Analysis_kri0003",2012-03-29,"AA-AA-000-0000"
"SITE9661","Site",8,190,0.0421052631578947,-0.0866162011588695,0,"Analysis_kri0003",2012-03-29,"AA-AA-000-0000"
"SITE4264","Site",10,240,0.0416666666666667,-0.123043198783138,0,"Analysis_kri0003",2012-03-29,"AA-AA-000-0000"
"SITE8835","Site",6,144,0.0416666666666667,-0.0953088519502365,0,"Analysis_kri0003",2012-03-29,"AA-AA-000-0000"
"SITE3839","Site",3,72,0.0416666666666667,-0.0673935355211169,0,"Analysis_kri0003",2012-03-29,"AA-AA-000-0000"
"SITE3081","Site",18,435,0.0413793103448276,-0.188316317677157,0,"Analysis_kri0003",2012-03-29,"AA-AA-000-0000"
"SITE022","Site",2,49,0.0408163265306122,-0.0781064648079261,0,"Analysis_kri0003",2012-03-29,"AA-AA-000-0000"
"SITE759","Site",11,277,0.0397111913357401,-0.255262983025644,0,"Analysis_kri0003",2012-03-29,"AA-AA-000-0000"
"SITE9580","Site",11,277,0.0397111913357401,-0.255262983025644,0,"Analysis_kri0003",2012-03-29,"AA-AA-000-0000"
"SITE4323","Site",29,753,0.0385126162018592,-0.545244666176804,0,"Analysis_kri0003",2012-03-29,"AA-AA-000-0000"
"SITE6405","Site",13,338,0.0384615384615385,-0.368853339755999,0,"Analysis_kri0003",2012-03-29,"AA-AA-000-0000"
"SITE7604","Site",4,105,0.0380952380952381,-0.219778496035529,0,"Analysis_kri0003",2012-03-29,"AA-AA-000-0000"
"SITE8799","Site",24,633,0.037914691943128,-0.55680323451947,0,"Analysis_kri0003",2012-03-29,"AA-AA-000-0000"
"SITE2354","Site",2,53,0.0377358490566038,-0.166039339440945,0,"Analysis_kri0003",2012-03-29,"AA-AA-000-0000"
"SITE5384","Site",15,399,0.037593984962406,-0.466290705469226,0,"Analysis_kri0003",2012-03-29,"AA-AA-000-0000"
"SITE9142","Site",30,808,0.0371287128712871,-0.713567435826288,0,"Analysis_kri0003",2012-03-29,"AA-AA-000-0000"
"SITE9360","Site",16,436,0.036697247706422,-0.558240087917677,0,"Analysis_kri0003",2012-03-29,"AA-AA-000-0000"
"SITE3938","Site",5,137,0.0364963503649635,-0.321815674708562,0,"Analysis_kri0003",2012-03-29,"AA-AA-000-0000"
"SITE8351","Site",16,440,0.0363636363636364,-0.58725832890109,0,"Analysis_kri0003",2012-03-29,"AA-AA-000-0000"
"SITE2986","Site",9,255,0.0352941176470588,-0.511653007806708,0,"Analysis_kri0003",2012-03-29,"AA-AA-000-0000"
"SITE216","Site",7,202,0.0346534653465347,-0.489820595897148,0,"Analysis_kri0003",2012-03-29,"AA-AA-000-0000"
"SITE3909","Site",12,348,0.0344827586206897,-0.654953718967377,0,"Analysis_kri0003",2012-03-29,"AA-AA-000-0000"
"SITE958","Site",17,497,0.03420523138833,-0.806104013239267,0,"Analysis_kri0003",2012-03-29,"AA-AA-000-0000"
"SITE101","Site",3,89,0.0337078651685393,-0.358864454342034,0,"Analysis_kri0003",2012-03-29,"AA-AA-000-0000"
"SITE2923","Site",1,30,0.0333333333333333,-0.216108824222841,0,"Analysis_kri0003",2012-03-29,"AA-AA-000-0000"
"SITE5425","Site",2,61,0.0327868852459016,-0.32429992753284,0,"Analysis_kri0003",2012-03-29,"AA-AA-000-0000"
"SITE9884","Site",2,61,0.0327868852459016,-0.32429992753284,0,"Analysis_kri0003",2012-03-29,"AA-AA-000-0000"
"SITE8210","Site",7,215,0.0325581395348837,-0.621520993141382,0,"Analysis_kri0003",2012-03-29,"AA-AA-000-0000"
"SITE2373","Site",5,155,0.032258064516129,-0.541846387701065,0,"Analysis_kri0003",2012-03-29,"AA-AA-000-0000"
"SITE6603","Site",13,411,0.0316301703163017,-0.930468077725195,0,"Analysis_kri0003",2012-03-29,"AA-AA-000-0000"
"SITE2883","Site",3,95,0.0315789473684211,-0.44923278479634,0,"Analysis_kri0003",2012-03-29,"AA-AA-000-0000"
"SITE3289","Site",9,301,0.0299003322259136,-0.909768654258922,0,"Analysis_kri0003",2012-03-29,"AA-AA-000-0000"
"SITE3719","Site",4,135,0.0296296296296296,-0.621170999095253,0,"Analysis_kri0003",2012-03-29,"AA-AA-000-0000"
"SITE4959","Site",14,477,0.0293501048218029,-1.19071170241481,0,"Analysis_kri0003",2012-03-29,"AA-AA-000-0000"
"SITE8786","Site",10,345,0.0289855072463768,-1.03825393100735,0,"Analysis_kri0003",2012-03-29,"AA-AA-000-0000"
"SITE4155","Site",1,35,0.0285714285714286,-0.339959243627142,0,"Analysis_kri0003",2012-03-29,"AA-AA-000-0000"
"SITE1257","Site",6,214,0.0280373831775701,-0.870163557768147,0,"Analysis_kri0003",2012-03-29,"AA-AA-000-0000"
"SITE7809","Site",9,322,0.0279503105590062,-1.07329571323463,0,"Analysis_kri0003",2012-03-29,"AA-AA-000-0000"
"SITE8857","Site",2,73,0.0273972602739726,-0.528906785257549,0,"Analysis_kri0003",2012-03-29,"AA-AA-000-0000"
"SITE2980","Site",3,110,0.0272727272727273,-0.654192350316698,0,"Analysis_kri0003",2012-03-29,"AA-AA-000-0000"
"SITE3353","Site",3,113,0.0265486725663717,-0.692159535847853,0,"Analysis_kri0003",2012-03-29,"AA-AA-000-0000"
"SITE8354","Site",5,194,0.0257731958762887,-0.947763434651094,0,"Analysis_kri0003",2012-03-29,"AA-AA-000-0000"
"SITE1544","Site",2,79,0.0253164556962025,-0.620153022142861,0,"Analysis_kri0003",2012-03-29,"AA-AA-000-0000"
"SITE5062","Site",3,120,0.025,-0.777430616652924,0,"Analysis_kri0003",2012-03-29,"AA-AA-000-0000"
"SITE9858","Site",2,90,0.0222222222222222,-0.772929063762334,0,"Analysis_kri0003",2012-03-29,"AA-AA-000-0000"
"SITE7004","Site",5,292,0.0171232876712329,-1.721721038723,0,"Analysis_kri0003",2012-03-29,"AA-AA-000-0000"
"SITE6184","Site",1,59,0.0169491525423729,-0.778980441878682,0,"Analysis_kri0003",2012-03-29,"AA-AA-000-0000"
"SITE6832","Site",2,122,0.0163934426229508,-1.14337267757796,0,"Analysis_kri0003",2012-03-29,"AA-AA-000-0000"
"SITE5611","Site",2,126,0.0158730158730159,-1.18405669026387,0,"Analysis_kri0003",2012-03-29,"AA-AA-000-0000"
"SITE6410","Site",2,158,0.0126582278481013,-1.47872765876234,0,"Analysis_kri0003",2012-03-29,"AA-AA-000-0000"
"SITE8768","Site",0,107,0,-1.71204715793777,0,"Analysis_kri0003",2012-03-29,"AA-AA-000-0000"
"SITE6572","Site",0,71,0,-1.39461075010566,0,"Analysis_kri0003",2012-03-29,"AA-AA-000-0000"
"SITE1934","Site",0,67,0,-1.35475647553761,0,"Analysis_kri0003",2012-03-29,"AA-AA-000-0000"
"SITE3871","Site",0,40,0,-1.04677617616742,0,"Analysis_kri0003",2012-03-29,"AA-AA-000-0000"
"SITE8084","Site",0,38,0,-1.02027121141494,0,"Analysis_kri0003",2012-03-29,"AA-AA-000-0000"
"SITE7543","Site",0,32,0,-0.936265074855063,0,"Analysis_kri0003",2012-03-29,"AA-AA-000-0000"
"SITE4754","Site",0,30,0,-0.906534760637325,0,"Analysis_kri0003",2012-03-29,"AA-AA-000-0000"
"SITE6440","Site",3,2,1.5,NA,NA,"Analysis_kri0003",2012-03-29,"AA-AA-000-0000"
"SITE4612","Site",1,6,0.166666666666667,NA,NA,"Analysis_kri0003",2012-03-29,"AA-AA-000-0000"
"SITE4744","Site",1,6,0.166666666666667,NA,NA,"Analysis_kri0003",2012-03-29,"AA-AA-000-0000"
"SITE4976","Site",1,6,0.166666666666667,NA,NA,"Analysis_kri0003",2012-03-29,"AA-AA-000-0000"
"SITE1935","Site",4,26,0.153846153846154,NA,NA,"Analysis_kri0003",2012-03-29,"AA-AA-000-0000"
"SITE4703","Site",2,17,0.117647058823529,NA,NA,"Analysis_kri0003",2012-03-29,"AA-AA-000-0000"
"SITE9082","Site",2,20,0.1,NA,NA,"Analysis_kri0003",2012-03-29,"AA-AA-000-0000"
"SITE6068","Site",1,11,0.0909090909090909,NA,NA,"Analysis_kri0003",2012-03-29,"AA-AA-000-0000"
"SITE3759","Site",2,28,0.0714285714285714,NA,NA,"Analysis_kri0003",2012-03-29,"AA-AA-000-0000"
"SITE1841","Site",1,23,0.0434782608695652,NA,NA,"Analysis_kri0003",2012-03-29,"AA-AA-000-0000"
"SITE4028","Site",1,24,0.0416666666666667,NA,NA,"Analysis_kri0003",2012-03-29,"AA-AA-000-0000"
"SITE7913","Site",1,24,0.0416666666666667,NA,NA,"Analysis_kri0003",2012-03-29,"AA-AA-000-0000"
"SITE7246","Site",1,25,0.04,NA,NA,"Analysis_kri0003",2012-03-29,"AA-AA-000-0000"
"SITE8616","Site",1,27,0.037037037037037,NA,NA,"Analysis_kri0003",2012-03-29,"AA-AA-000-0000"
"SITE4275","Site",1,28,0.0357142857142857,NA,NA,"Analysis_kri0003",2012-03-29,"AA-AA-000-0000"
"SITE4875","Site",0,28,0,NA,NA,"Analysis_kri0003",2012-03-29,"AA-AA-000-0000"
"SITE4424","Site",0,24,0,NA,NA,"Analysis_kri0003",2012-03-29,"AA-AA-000-0000"
"SITE1273","Site",0,21,0,NA,NA,"Analysis_kri0003",2012-03-29,"AA-AA-000-0000"
"SITE9766","Site",0,21,0,NA,NA,"Analysis_kri0003",2012-03-29,"AA-AA-000-0000"
"SITE6123","Site",0,19,0,NA,NA,"Analysis_kri0003",2012-03-29,"AA-AA-000-0000"
"SITE8627","Site",0,15,0,NA,NA,"Analysis_kri0003",2012-03-29,"AA-AA-000-0000"
"SITE8361","Site",0,14,0,NA,NA,"Analysis_kri0003",2012-03-29,"AA-AA-000-0000"
"SITE5185","Site",0,10,0,NA,NA,"Analysis_kri0003",2012-03-29,"AA-AA-000-0000"
"SITE7734","Site",0,10,0,NA,NA,"Analysis_kri0003",2012-03-29,"AA-AA-000-0000"
"SITE2030","Site",0,5,0,NA,NA,"Analysis_kri0003",2012-03-29,"AA-AA-000-0000"
"SITE2062","Site",0,4,0,NA,NA,"Analysis_kri0003",2012-03-29,"AA-AA-000-0000"
"SITE5217","Site",0,4,0,NA,NA,"Analysis_kri0003",2012-03-29,"AA-AA-000-0000"
"SITE7838","Site",7,32,0.21875,4.06046290045542,2,"Analysis_kri0004",2012-03-29,"AA-AA-000-0000"
"SITE2894","Site",4,39,0.102564102564103,1.49319899371622,0,"Analysis_kri0004",2012-03-29,"AA-AA-000-0000"
"SITE8997","Site",5,49,0.102040816326531,1.65863061893778,0,"Analysis_kri0004",2012-03-29,"AA-AA-000-0000"
"SITE4155","Site",3,35,0.0857142857142857,1.00384672141108,0,"Analysis_kri0004",2012-03-29,"AA-AA-000-0000"
"SITE9395","Site",3,35,0.0857142857142857,1.00384672141108,0,"Analysis_kri0004",2012-03-29,"AA-AA-000-0000"
"SITE5289","Site",3,36,0.0833333333333333,0.959228498214567,0,"Analysis_kri0004",2012-03-29,"AA-AA-000-0000"
"SITE3839","Site",6,72,0.0833333333333333,1.35655395158982,0,"Analysis_kri0004",2012-03-29,"AA-AA-000-0000"
"SITE022","Site",4,49,0.0816326530612245,1.07005166873329,0,"Analysis_kri0004",2012-03-29,"AA-AA-000-0000"
"SITE101","Site",7,89,0.0786516853932584,1.3262552974132,0,"Analysis_kri0004",2012-03-29,"AA-AA-000-0000"
"SITE9516","Site",3,42,0.0714285714285714,0.718216231507261,0,"Analysis_kri0004",2012-03-29,"AA-AA-000-0000"
"SITE3989","Site",19,266,0.0714285714285714,1.8074712122013,0,"Analysis_kri0004",2012-03-29,"AA-AA-000-0000"
"SITE1786","Site",10,141,0.0709219858156028,1.29116859322871,0,"Analysis_kri0004",2012-03-29,"AA-AA-000-0000"
"SITE2323","Site",21,297,0.0707070707070707,1.85866271520002,0,"Analysis_kri0004",2012-03-29,"AA-AA-000-0000"
"SITE7011","Site",22,321,0.0685358255451713,1.77202704994226,0,"Analysis_kri0004",2012-03-29,"AA-AA-000-0000"
"SITE7096","Site",9,132,0.0681818181818182,1.11957362547081,0,"Analysis_kri0004",2012-03-29,"AA-AA-000-0000"
"SITE6184","Site",4,59,0.0677966101694915,0.736309246165142,0,"Analysis_kri0004",2012-03-29,"AA-AA-000-0000"
"SITE4754","Site",2,30,0.0666666666666667,0.499544181240205,0,"Analysis_kri0004",2012-03-29,"AA-AA-000-0000"
"SITE9147","Site",3,45,0.0666666666666667,0.611814174007452,0,"Analysis_kri0004",2012-03-29,"AA-AA-000-0000"
"SITE3719","Site",9,135,0.0666666666666667,1.05969323417169,0,"Analysis_kri0004",2012-03-29,"AA-AA-000-0000"
"SITE3938","Site",9,137,0.0656934306569343,1.02058064077317,0,"Analysis_kri0004",2012-03-29,"AA-AA-000-0000"
"SITE2373","Site",10,155,0.0645161290322581,1.0251688540468,0,"Analysis_kri0004",2012-03-29,"AA-AA-000-0000"
"SITE4260","Site",13,203,0.0640394088669951,1.14523061769017,0,"Analysis_kri0004",2012-03-29,"AA-AA-000-0000"
"SITE4597","Site",3,47,0.0638297872340425,0.545132719879144,0,"Analysis_kri0004",2012-03-29,"AA-AA-000-0000"
"SITE7543","Site",2,32,0.0625,0.418816439614409,0,"Analysis_kri0004",2012-03-29,"AA-AA-000-0000"
"SITE9414","Site",12,194,0.0618556701030928,0.994240572016337,0,"Analysis_kri0004",2012-03-29,"AA-AA-000-0000"
"SITE2901","Site",11,178,0.0617977528089888,0.949175221997123,0,"Analysis_kri0004",2012-03-29,"AA-AA-000-0000"
"SITE8633","Site",19,319,0.0595611285266458,1.10608160875744,0,"Analysis_kri0004",2012-03-29,"AA-AA-000-0000"
"SITE5062","Site",7,120,0.0583333333333333,0.62298073326408,0,"Analysis_kri0004",2012-03-29,"AA-AA-000-0000"
"SITE4543","Site",3,52,0.0576923076923077,0.391051173663874,0,"Analysis_kri0004",2012-03-29,"AA-AA-000-0000"
"SITE1233","Site",6,106,0.0566037735849057,0.512148120176094,0,"Analysis_kri0004",2012-03-29,"AA-AA-000-0000"
"SITE5611","Site",7,126,0.0555555555555556,0.509900078213792,0,"Analysis_kri0004",2012-03-29,"AA-AA-000-0000"
"SITE8835","Site",8,144,0.0555555555555556,0.545106112618641,0,"Analysis_kri0004",2012-03-29,"AA-AA-000-0000"
"SITE8764","Site",9,162,0.0555555555555556,0.578172343048319,0,"Analysis_kri0004",2012-03-29,"AA-AA-000-0000"
"SITE4485","Site",32,576,0.0555555555555556,1.09021222523728,0,"Analysis_kri0004",2012-03-29,"AA-AA-000-0000"
"SITE7860","Site",2,37,0.0540540540540541,0.238683003987206,0,"Analysis_kri0004",2012-03-29,"AA-AA-000-0000"
"SITE8517","Site",17,316,0.0537974683544304,0.678739812578498,0,"Analysis_kri0004",2012-03-29,"AA-AA-000-0000"
"SITE8084","Site",2,38,0.0526315789473684,0.205759335449886,0,"Analysis_kri0004",2012-03-29,"AA-AA-000-0000"
"SITE9661","Site",10,190,0.0526315789473684,0.460091861071127,0,"Analysis_kri0004",2012-03-29,"AA-AA-000-0000"
"SITE958","Site",26,497,0.0523138832997988,0.714944617945066,0,"Analysis_kri0004",2012-03-29,"AA-AA-000-0000"
"SITE5895","Site",20,385,0.051948051948052,0.59967768085863,0,"Analysis_kri0004",2012-03-29,"AA-AA-000-0000"
"SITE8354","Site",10,194,0.0515463917525773,0.402635489010362,0,"Analysis_kri0004",2012-03-29,"AA-AA-000-0000"
"SITE1544","Site",4,79,0.0506329113924051,0.223484371556656,0,"Analysis_kri0004",2012-03-29,"AA-AA-000-0000"
"SITE8625","Site",28,557,0.0502692998204668,0.558062273788841,0,"Analysis_kri0004",2012-03-29,"AA-AA-000-0000"
"SITE3871","Site",2,40,0.05,0.142532253077646,0,"Analysis_kri0004",2012-03-29,"AA-AA-000-0000"
"SITE4264","Site",12,240,0.05,0.34913129192947,0,"Analysis_kri0004",2012-03-29,"AA-AA-000-0000"
"SITE8786","Site",17,345,0.0492753623188406,0.363139669326125,0,"Analysis_kri0004",2012-03-29,"AA-AA-000-0000"
"SITE5425","Site",3,61,0.0491803278688525,0.149638414032329,0,"Analysis_kri0004",2012-03-29,"AA-AA-000-0000"
"SITE4323","Site",37,753,0.049136786188579,0.520822901328649,0,"Analysis_kri0004",2012-03-29,"AA-AA-000-0000"
"SITE3068","Site",5,102,0.0490196078431373,0.186811155710317,0,"Analysis_kri0004",2012-03-29,"AA-AA-000-0000"
"SITE5033","Site",17,349,0.0487106017191977,0.321769737942512,0,"Analysis_kri0004",2012-03-29,"AA-AA-000-0000"
"SITE1748","Site",6,125,0.048,0.159836628727711,0,"Analysis_kri0004",2012-03-29,"AA-AA-000-0000"
"SITE2532","Site",20,417,0.0479616306954436,0.288708970856802,0,"Analysis_kri0004",2012-03-29,"AA-AA-000-0000"
"SITE7004","Site",14,292,0.047945205479452,0.240436234821526,0,"Analysis_kri0004",2012-03-29,"AA-AA-000-0000"
"SITE6155","Site",3,63,0.0476190476190476,0.101014881504429,0,"Analysis_kri0004",2012-03-29,"AA-AA-000-0000"
"SITE180","Site",12,253,0.0474308300395257,0.19009567164263,0,"Analysis_kri0004",2012-03-29,"AA-AA-000-0000"
"SITE1910","Site",9,191,0.0471204188481675,0.147494148500593,0,"Analysis_kri0004",2012-03-29,"AA-AA-000-0000"
"SITE2192","Site",34,725,0.0468965517241379,0.262525645129636,0,"Analysis_kri0004",2012-03-29,"AA-AA-000-0000"
"SITE4874","Site",8,171,0.0467836257309941,0.121413163295987,0,"Analysis_kri0004",2012-03-29,"AA-AA-000-0000"
"SITE9737","Site",14,301,0.0465116279069767,0.141640996210913,0,"Analysis_kri0004",2012-03-29,"AA-AA-000-0000"
"SITE6900","Site",15,324,0.0462962962962963,0.130983727022716,0,"Analysis_kri0004",2012-03-29,"AA-AA-000-0000"
"SITE3909","Site",16,348,0.0459770114942529,0.111208540793069,0,"Analysis_kri0004",2012-03-29,"AA-AA-000-0000"
"SITE9360","Site",20,436,0.0458715596330275,0.115405818217809,0,"Analysis_kri0004",2012-03-29,"AA-AA-000-0000"
"SITE1934","Site",3,67,0.0447761194029851,0.00829720466433598,0,"Analysis_kri0004",2012-03-29,"AA-AA-000-0000"
"SITE3353","Site",5,113,0.0442477876106195,-0.0123638154261154,0,"Analysis_kri0004",2012-03-29,"AA-AA-000-0000"
"SITE7809","Site",14,322,0.0434782608695652,-0.0777633237843657,0,"Analysis_kri0004",2012-03-29,"AA-AA-000-0000"
"SITE8351","Site",19,440,0.0431818181818182,-0.116521406346773,0,"Analysis_kri0004",2012-03-29,"AA-AA-000-0000"
"SITE3754","Site",5,116,0.0431034482758621,-0.0633061474394073,0,"Analysis_kri0004",2012-03-29,"AA-AA-000-0000"
"SITE404","Site",4,93,0.043010752688172,-0.0603667361013296,0,"Analysis_kri0004",2012-03-29,"AA-AA-000-0000"
"SITE8788","Site",12,283,0.0424028268551237,-0.147440455910717,0,"Analysis_kri0004",2012-03-29,"AA-AA-000-0000"
"SITE6572","Site",3,71,0.0422535211267606,-0.079033685498455,0,"Analysis_kri0004",2012-03-29,"AA-AA-000-0000"
"SITE2883","Site",4,95,0.0421052631578947,-0.0973744080498406,0,"Analysis_kri0004",2012-03-29,"AA-AA-000-0000"
"SITE1257","Site",9,214,0.0420560747663551,-0.149111645378254,0,"Analysis_kri0004",2012-03-29,"AA-AA-000-0000"
"SITE3081","Site",18,435,0.0413793103448276,-0.270747880863859,0,"Analysis_kri0004",2012-03-29,"AA-AA-000-0000"
"SITE8857","Site",3,73,0.0410958904109589,-0.120889727005237,0,"Analysis_kri0004",2012-03-29,"AA-AA-000-0000"
"SITE6832","Site",5,122,0.040983606557377,-0.161391365955284,0,"Analysis_kri0004",2012-03-29,"AA-AA-000-0000"
"SITE4072","Site",6,149,0.0402684563758389,-0.214324462748917,0,"Analysis_kri0004",2012-03-29,"AA-AA-000-0000"
"SITE759","Site",11,277,0.0397111913357401,-0.330438169954969,0,"Analysis_kri0004",2012-03-29,"AA-AA-000-0000"
"SITE216","Site",8,202,0.0396039603960396,-0.288458973437981,0,"Analysis_kri0004",2012-03-29,"AA-AA-000-0000"
"SITE9604","Site",5,127,0.0393700787401575,-0.239582479617641,0,"Analysis_kri0004",2012-03-29,"AA-AA-000-0000"
"SITE6603","Site",16,411,0.0389294403892944,-0.467801787557941,0,"Analysis_kri0004",2012-03-29,"AA-AA-000-0000"
"SITE4590","Site",19,498,0.0381526104417671,-0.586362697819668,0,"Analysis_kri0004",2012-03-29,"AA-AA-000-0000"
"SITE7604","Site",4,105,0.0380952380952381,-0.271666317046454,0,"Analysis_kri0004",2012-03-29,"AA-AA-000-0000"
"SITE6410","Site",6,158,0.0379746835443038,-0.339492950372918,0,"Analysis_kri0004",2012-03-29,"AA-AA-000-0000"
"SITE9888","Site",3,79,0.0379746835443038,-0.240057767373718,0,"Analysis_kri0004",2012-03-29,"AA-AA-000-0000"
"SITE2170","Site",15,396,0.0378787878787879,-0.54532682719904,0,"Analysis_kri0004",2012-03-29,"AA-AA-000-0000"
"SITE5384","Site",15,399,0.037593984962406,-0.5708272684705,0,"Analysis_kri0004",2012-03-29,"AA-AA-000-0000"
"SITE8210","Site",8,215,0.0372093023255814,-0.442262026727677,0,"Analysis_kri0004",2012-03-29,"AA-AA-000-0000"
"SITE213","Site",26,699,0.0371959942775393,-0.798891449223485,0,"Analysis_kri0004",2012-03-29,"AA-AA-000-0000"
"SITE9142","Site",30,808,0.0371287128712871,-0.866803839846634,0,"Analysis_kri0004",2012-03-29,"AA-AA-000-0000"
"SITE9346","Site",21,570,0.0368421052631579,-0.756227660353559,0,"Analysis_kri0004",2012-03-29,"AA-AA-000-0000"
"SITE1102","Site",4,111,0.036036036036036,-0.368705093596488,0,"Analysis_kri0004",2012-03-29,"AA-AA-000-0000"
"SITE1727","Site",6,167,0.0359281437125748,-0.457991687629512,0,"Analysis_kri0004",2012-03-29,"AA-AA-000-0000"
"SITE4314","Site",8,228,0.0350877192982456,-0.587423228260144,0,"Analysis_kri0004",2012-03-29,"AA-AA-000-0000"
"SITE4959","Site",16,477,0.0335429769392034,-0.988656544650658,0,"Analysis_kri0004",2012-03-29,"AA-AA-000-0000"
"SITE2923","Site",1,30,0.0333333333333333,-0.252671077192457,0,"Analysis_kri0004",2012-03-29,"AA-AA-000-0000"
"SITE8799","Site",21,633,0.033175355450237,-1.17701366955699,0,"Analysis_kri0004",2012-03-29,"AA-AA-000-0000"
"SITE9580","Site",9,277,0.0324909747292419,-0.825538113926721,0,"Analysis_kri0004",2012-03-29,"AA-AA-000-0000"
"SITE7983","Site",13,413,0.0314769975786925,-1.09292690618881,0,"Analysis_kri0004",2012-03-29,"AA-AA-000-0000"
"SITE1982","Site",7,223,0.031390134529148,-0.808442254460682,0,"Analysis_kri0004",2012-03-29,"AA-AA-000-0000"
"SITE7184","Site",5,161,0.031055900621118,-0.704398247344759,0,"Analysis_kri0004",2012-03-29,"AA-AA-000-0000"
"SITE6405","Site",10,338,0.029585798816568,-1.1319737636751,0,"Analysis_kri0004",2012-03-29,"AA-AA-000-0000"
"SITE4629","Site",10,344,0.0290697674418605,-1.18140951523194,0,"Analysis_kri0004",2012-03-29,"AA-AA-000-0000"
"SITE8768","Site",3,107,0.0280373831775701,-0.702888640840068,0,"Analysis_kri0004",2012-03-29,"AA-AA-000-0000"
"SITE3090","Site",5,212,0.0235849056603774,-1.2564778274493,0,"Analysis_kri0004",2012-03-29,"AA-AA-000-0000"
"SITE3289","Site",7,301,0.0232558139534884,-1.52069021189451,0,"Analysis_kri0004",2012-03-29,"AA-AA-000-0000"
"SITE6384","Site",3,130,0.0230769230769231,-1.00778015282738,0,"Analysis_kri0004",2012-03-29,"AA-AA-000-0000"
"SITE8091","Site",5,224,0.0223214285714286,-1.36945922961862,0,"Analysis_kri0004",2012-03-29,"AA-AA-000-0000"
"SITE9418","Site",1,45,0.0222222222222222,-0.616548199256418,0,"Analysis_kri0004",2012-03-29,"AA-AA-000-0000"
"SITE1750","Site",6,277,0.0216606498194946,-1.56818802988435,0,"Analysis_kri0004",2012-03-29,"AA-AA-000-0000"
"SITE6991","Site",1,49,0.0204081632653061,-0.695685181880203,0,"Analysis_kri0004",2012-03-29,"AA-AA-000-0000"
"SITE2986","Site",5,255,0.0196078431372549,-1.63968341597064,0,"Analysis_kri0004",2012-03-29,"AA-AA-000-0000"
"SITE3077","Site",1,52,0.0192307692307692,-0.751645833439783,0,"Analysis_kri0004",2012-03-29,"AA-AA-000-0000"
"SITE2354","Site",1,53,0.0188679245283019,-0.769722102649379,0,"Analysis_kri0004",2012-03-29,"AA-AA-000-0000"
"SITE2980","Site",2,110,0.0181818181818182,-1.13854762211044,0,"Analysis_kri0004",2012-03-29,"AA-AA-000-0000"
"SITE3415","Site",2,118,0.0169491525423729,-1.23439101516005,0,"Analysis_kri0004",2012-03-29,"AA-AA-000-0000"
"SITE8420","Site",3,180,0.0166666666666667,-1.5401869918288,0,"Analysis_kri0004",2012-03-29,"AA-AA-000-0000"
"SITE3319","Site",2,138,0.0144927536231884,-1.45379673600226,0,"Analysis_kri0004",2012-03-29,"AA-AA-000-0000"
"SITE9858","Site",1,90,0.0111111111111111,-1.30622250718978,0,"Analysis_kri0004",2012-03-29,"AA-AA-000-0000"
"SITE7208","Site",1,91,0.010989010989011,-1.31825812871414,0,"Analysis_kri0004",2012-03-29,"AA-AA-000-0000"
"SITE9884","Site",0,61,0,-1.4329176459133,0,"Analysis_kri0004",2012-03-29,"AA-AA-000-0000"
"SITE4671","Site",0,43,0,-1.20306901358735,0,"Analysis_kri0004",2012-03-29,"AA-AA-000-0000"
"SITE6440","Site",1,2,0.5,NA,NA,"Analysis_kri0004",2012-03-29,"AA-AA-000-0000"
"SITE7734","Site",3,10,0.3,NA,NA,"Analysis_kri0004",2012-03-29,"AA-AA-000-0000"
"SITE5217","Site",1,4,0.25,NA,NA,"Analysis_kri0004",2012-03-29,"AA-AA-000-0000"
"SITE6123","Site",4,19,0.210526315789474,NA,NA,"Analysis_kri0004",2012-03-29,"AA-AA-000-0000"
"SITE2030","Site",1,5,0.2,NA,NA,"Analysis_kri0004",2012-03-29,"AA-AA-000-0000"
"SITE5185","Site",2,10,0.2,NA,NA,"Analysis_kri0004",2012-03-29,"AA-AA-000-0000"
"SITE6068","Site",2,11,0.181818181818182,NA,NA,"Analysis_kri0004",2012-03-29,"AA-AA-000-0000"
"SITE4976","Site",1,6,0.166666666666667,NA,NA,"Analysis_kri0004",2012-03-29,"AA-AA-000-0000"
"SITE9766","Site",3,21,0.142857142857143,NA,NA,"Analysis_kri0004",2012-03-29,"AA-AA-000-0000"
"SITE9082","Site",2,20,0.1,NA,NA,"Analysis_kri0004",2012-03-29,"AA-AA-000-0000"
"SITE1841","Site",2,23,0.0869565217391304,NA,NA,"Analysis_kri0004",2012-03-29,"AA-AA-000-0000"
"SITE8627","Site",1,15,0.0666666666666667,NA,NA,"Analysis_kri0004",2012-03-29,"AA-AA-000-0000"
"SITE4703","Site",1,17,0.0588235294117647,NA,NA,"Analysis_kri0004",2012-03-29,"AA-AA-000-0000"
"SITE1273","Site",1,21,0.0476190476190476,NA,NA,"Analysis_kri0004",2012-03-29,"AA-AA-000-0000"
"SITE4028","Site",1,24,0.0416666666666667,NA,NA,"Analysis_kri0004",2012-03-29,"AA-AA-000-0000"
"SITE4424","Site",1,24,0.0416666666666667,NA,NA,"Analysis_kri0004",2012-03-29,"AA-AA-000-0000"
"SITE7913","Site",1,24,0.0416666666666667,NA,NA,"Analysis_kri0004",2012-03-29,"AA-AA-000-0000"
"SITE7246","Site",1,25,0.04,NA,NA,"Analysis_kri0004",2012-03-29,"AA-AA-000-0000"
"SITE1935","Site",1,26,0.0384615384615385,NA,NA,"Analysis_kri0004",2012-03-29,"AA-AA-000-0000"
"SITE8616","Site",1,27,0.037037037037037,NA,NA,"Analysis_kri0004",2012-03-29,"AA-AA-000-0000"
"SITE3759","Site",1,28,0.0357142857142857,NA,NA,"Analysis_kri0004",2012-03-29,"AA-AA-000-0000"
"SITE4875","Site",1,28,0.0357142857142857,NA,NA,"Analysis_kri0004",2012-03-29,"AA-AA-000-0000"
"SITE4275","Site",0,28,0,NA,NA,"Analysis_kri0004",2012-03-29,"AA-AA-000-0000"
"SITE8361","Site",0,14,0,NA,NA,"Analysis_kri0004",2012-03-29,"AA-AA-000-0000"
"SITE4612","Site",0,6,0,NA,NA,"Analysis_kri0004",2012-03-29,"AA-AA-000-0000"
"SITE4744","Site",0,6,0,NA,NA,"Analysis_kri0004",2012-03-29,"AA-AA-000-0000"
"SITE2062","Site",0,4,0,NA,NA,"Analysis_kri0004",2012-03-29,"AA-AA-000-0000"
"SITE2323","Site",38,480,0.0791666666666667,4.89109172386707,2,"Analysis_kri0005",2012-03-29,"AA-AA-000-0000"
"SITE1982","Site",27,416,0.0649038461538462,3.60199650527355,2,"Analysis_kri0005",2012-03-29,"AA-AA-000-0000"
"SITE1786","Site",21,336,0.0625,3.09307359733417,2,"Analysis_kri0005",2012-03-29,"AA-AA-000-0000"
"SITE4485","Site",55,1056,0.0520833333333333,4.37641591924643,2,"Analysis_kri0005",2012-03-29,"AA-AA-000-0000"
"SITE1750","Site",22,512,0.04296875,2.37287036108642,1,"Analysis_kri0005",2012-03-29,"AA-AA-000-0000"
"SITE5033","Site",26,704,0.0369318181818182,2.25859990689796,1,"Analysis_kri0005",2012-03-29,"AA-AA-000-0000"
"SITE4959","Site",33,912,0.0361842105263158,2.49685862000384,1,"Analysis_kri0005",2012-03-29,"AA-AA-000-0000"
"SITE2192","Site",45,1264,0.0356012658227848,2.87169810075706,1,"Analysis_kri0005",2012-03-29,"AA-AA-000-0000"
"SITE958","Site",32,928,0.0344827586206897,2.34915874279094,1,"Analysis_kri0005",2012-03-29,"AA-AA-000-0000"
"SITE8799","Site",34,1136,0.0299295774647887,2.09724960166456,1,"Analysis_kri0005",2012-03-29,"AA-AA-000-0000"
"SITE8835","Site",12,320,0.0375,1.55598736887195,0,"Analysis_kri0005",2012-03-29,"AA-AA-000-0000"
"SITE3081","Site",23,912,0.025219298245614,1.41393870743521,0,"Analysis_kri0005",2012-03-29,"AA-AA-000-0000"
"SITE7004","Site",16,640,0.025,1.16632409787845,0,"Analysis_kri0005",2012-03-29,"AA-AA-000-0000"
"SITE3989","Site",13,528,0.0246212121212121,1.03090175844441,0,"Analysis_kri0005",2012-03-29,"AA-AA-000-0000"
"SITE5895","Site",18,736,0.0244565217391304,1.20252462629737,0,"Analysis_kri0005",2012-03-29,"AA-AA-000-0000"
"SITE8997","Site",3,144,0.0208333333333333,0.389718774954536,0,"Analysis_kri0005",2012-03-29,"AA-AA-000-0000"
"SITE4264","Site",9,432,0.0208333333333333,0.675012718884758,0,"Analysis_kri0005",2012-03-29,"AA-AA-000-0000"
"SITE180","Site",10,512,0.01953125,0.638507264009693,0,"Analysis_kri0005",2012-03-29,"AA-AA-000-0000"
"SITE2532","Site",15,784,0.0191326530612245,0.753613026388184,0,"Analysis_kri0005",2012-03-29,"AA-AA-000-0000"
"SITE4671","Site",2,112,0.0178571428571429,0.24069342320486,0,"Analysis_kri0005",2012-03-29,"AA-AA-000-0000"
"SITE4260","Site",8,464,0.0172413793103448,0.446529908787485,0,"Analysis_kri0005",2012-03-29,"AA-AA-000-0000"
"SITE8786","Site",11,640,0.0171875,0.519965134090009,0,"Analysis_kri0005",2012-03-29,"AA-AA-000-0000"
"SITE3289","Site",10,592,0.0168918918918919,0.476564630923036,0,"Analysis_kri0005",2012-03-29,"AA-AA-000-0000"
"SITE9604","Site",5,320,0.015625,0.276261911020515,0,"Analysis_kri0005",2012-03-29,"AA-AA-000-0000"
"SITE4629","Site",9,592,0.0152027027027027,0.342154221083312,0,"Analysis_kri0005",2012-03-29,"AA-AA-000-0000"
"SITE759","Site",7,480,0.0145833333333333,0.263715254335939,0,"Analysis_kri0005",2012-03-29,"AA-AA-000-0000"
"SITE1102","Site",4,288,0.0138888888888889,0.165731555479528,0,"Analysis_kri0005",2012-03-29,"AA-AA-000-0000"
"SITE7983","Site",11,848,0.0129716981132075,0.197037455246145,0,"Analysis_kri0005",2012-03-29,"AA-AA-000-0000"
"SITE1233","Site",3,272,0.0110294117647059,0.00683354932433475,0,"Analysis_kri0005",2012-03-29,"AA-AA-000-0000"
"SITE4314","Site",6,544,0.0110294117647059,0.0096640981336197,0,"Analysis_kri0005",2012-03-29,"AA-AA-000-0000"
"SITE8788","Site",5,528,0.00946969696969697,-0.107686718988698,0,"Analysis_kri0005",2012-03-29,"AA-AA-000-0000"
"SITE7208","Site",2,224,0.00892857142857143,-0.0966265191918491,0,"Analysis_kri0005",2012-03-29,"AA-AA-000-0000"
"SITE2980","Site",2,240,0.00833333333333333,-0.13017508574787,0,"Analysis_kri0005",2012-03-29,"AA-AA-000-0000"
"SITE9346","Site",7,1040,0.00673076923076923,-0.439996279165743,0,"Analysis_kri0005",2012-03-29,"AA-AA-000-0000"
"SITE9888","Site",1,160,0.00625,-0.192468707606901,0,"Analysis_kri0005",2012-03-29,"AA-AA-000-0000"
"SITE9142","Site",8,1376,0.00581395348837209,-0.617326625734714,0,"Analysis_kri0005",2012-03-29,"AA-AA-000-0000"
"SITE8420","Site",2,400,0.005,-0.386078407638902,0,"Analysis_kri0005",2012-03-29,"AA-AA-000-0000"
"SITE9414","Site",2,448,0.00446428571428571,-0.445669224093886,0,"Analysis_kri0005",2012-03-29,"AA-AA-000-0000"
"SITE213","Site",4,1104,0.0036231884057971,-0.791008931296954,0,"Analysis_kri0005",2012-03-29,"AA-AA-000-0000"
"SITE6405","Site",2,608,0.00328947368421053,-0.613924691799453,0,"Analysis_kri0005",2012-03-29,"AA-AA-000-0000"
"SITE4323","Site",4,1280,0.003125,-0.910019558360614,0,"Analysis_kri0005",2012-03-29,"AA-AA-000-0000"
"SITE2901","Site",1,320,0.003125,-0.455009779180307,0,"Analysis_kri0005",2012-03-29,"AA-AA-000-0000"
"SITE216","Site",1,496,0.00201612903225806,-0.647246195673953,0,"Analysis_kri0005",2012-03-29,"AA-AA-000-0000"
"SITE8625","Site",2,1040,0.00192307692307692,-0.947041966726181,0,"Analysis_kri0005",2012-03-29,"AA-AA-000-0000"
"SITE7011","Site",1,560,0.00178571428571429,-0.705569379536749,0,"Analysis_kri0005",2012-03-29,"AA-AA-000-0000"
"SITE4590","Site",0,864,0,-1.04805786011844,0,"Analysis_kri0005",2012-03-29,"AA-AA-000-0000"
"SITE9360","Site",0,800,0,-1.00849414610947,0,"Analysis_kri0005",2012-03-29,"AA-AA-000-0000"
"SITE2170","Site",0,784,0,-0.99835826930132,0,"Analysis_kri0005",2012-03-29,"AA-AA-000-0000"
"SITE6603","Site",0,752,0,-0.977771351683431,0,"Analysis_kri0005",2012-03-29,"AA-AA-000-0000"
"SITE8351","Site",0,736,0,-0.967313603397628,0,"Analysis_kri0005",2012-03-29,"AA-AA-000-0000"
"SITE5384","Site",0,672,0,-0.9243001524933,0,"Analysis_kri0005",2012-03-29,"AA-AA-000-0000"
"SITE3909","Site",0,656,0,-0.913230290257828,0,"Analysis_kri0005",2012-03-29,"AA-AA-000-0000"
"SITE7809","Site",0,624,0,-0.890677913353033,0,"Analysis_kri0005",2012-03-29,"AA-AA-000-0000"
"SITE6900","Site",0,592,0,-0.867539467474207,0,"Analysis_kri0005",2012-03-29,"AA-AA-000-0000"
"SITE8517","Site",0,560,0,-0.843766739043409,0,"Analysis_kri0005",2012-03-29,"AA-AA-000-0000"
"SITE2986","Site",0,544,0,-0.831625577445287,0,"Analysis_kri0005",2012-03-29,"AA-AA-000-0000"
"SITE8633","Site",0,544,0,-0.831625577445287,0,"Analysis_kri0005",2012-03-29,"AA-AA-000-0000"
"SITE9737","Site",0,528,0,-0.819304517384388,0,"Analysis_kri0005",2012-03-29,"AA-AA-000-0000"
"SITE9580","Site",0,480,0,-0.781176206525929,0,"Analysis_kri0005",2012-03-29,"AA-AA-000-0000"
"SITE9661","Site",0,448,0,-0.754687914261755,0,"Analysis_kri0005",2012-03-29,"AA-AA-000-0000"
"SITE8210","Site",0,432,0,-0.741088819965608,0,"Analysis_kri0005",2012-03-29,"AA-AA-000-0000"
"SITE4072","Site",0,416,0,-0.727235470960593,0,"Analysis_kri0005",2012-03-29,"AA-AA-000-0000"
"SITE1257","Site",0,400,0,-0.713113049500943,0,"Analysis_kri0005",2012-03-29,"AA-AA-000-0000"
"SITE1727","Site",0,400,0,-0.713113049500943,0,"Analysis_kri0005",2012-03-29,"AA-AA-000-0000"
"SITE8091","Site",0,400,0,-0.713113049500943,0,"Analysis_kri0005",2012-03-29,"AA-AA-000-0000"
"SITE8354","Site",0,400,0,-0.713113049500943,0,"Analysis_kri0005",2012-03-29,"AA-AA-000-0000"
"SITE4874","Site",0,384,0,-0.698705240078957,0,"Analysis_kri0005",2012-03-29,"AA-AA-000-0000"
"SITE2373","Site",0,368,0,-0.683994008496457,0,"Analysis_kri0005",2012-03-29,"AA-AA-000-0000"
"SITE3090","Site",0,368,0,-0.683994008496457,0,"Analysis_kri0005",2012-03-29,"AA-AA-000-0000"
"SITE1748","Site",0,336,0,-0.653578905679772,0,"Analysis_kri0005",2012-03-29,"AA-AA-000-0000"
"SITE1910","Site",0,336,0,-0.653578905679772,0,"Analysis_kri0005",2012-03-29,"AA-AA-000-0000"
"SITE7184","Site",0,336,0,-0.653578905679772,0,"Analysis_kri0005",2012-03-29,"AA-AA-000-0000"
"SITE3319","Site",0,320,0,-0.637827701730512,0,"Analysis_kri0005",2012-03-29,"AA-AA-000-0000"
"SITE3938","Site",0,320,0,-0.637827701730512,0,"Analysis_kri0005",2012-03-29,"AA-AA-000-0000"
"SITE5611","Site",0,320,0,-0.637827701730512,0,"Analysis_kri0005",2012-03-29,"AA-AA-000-0000"
"SITE6384","Site",0,320,0,-0.637827701730512,0,"Analysis_kri0005",2012-03-29,"AA-AA-000-0000"
"SITE6410","Site",0,320,0,-0.637827701730512,0,"Analysis_kri0005",2012-03-29,"AA-AA-000-0000"
"SITE6832","Site",0,320,0,-0.637827701730512,0,"Analysis_kri0005",2012-03-29,"AA-AA-000-0000"
"SITE7096","Site",0,320,0,-0.637827701730512,0,"Analysis_kri0005",2012-03-29,"AA-AA-000-0000"
"SITE3353","Site",0,304,0,-0.621677543618946,0,"Analysis_kri0005",2012-03-29,"AA-AA-000-0000"
"SITE3719","Site",0,304,0,-0.621677543618946,0,"Analysis_kri0005",2012-03-29,"AA-AA-000-0000"
"SITE8764","Site",0,304,0,-0.621677543618946,0,"Analysis_kri0005",2012-03-29,"AA-AA-000-0000"
"SITE5062","Site",0,288,0,-0.605096487665682,0,"Analysis_kri0005",2012-03-29,"AA-AA-000-0000"
"SITE8768","Site",0,288,0,-0.605096487665682,0,"Analysis_kri0005",2012-03-29,"AA-AA-000-0000"
"SITE3068","Site",0,256,0,-0.570490439600754,0,"Analysis_kri0005",2012-03-29,"AA-AA-000-0000"
"SITE3754","Site",0,256,0,-0.570490439600754,0,"Analysis_kri0005",2012-03-29,"AA-AA-000-0000"
"SITE2883","Site",0,240,0,-0.552374992936067,0,"Analysis_kri0005",2012-03-29,"AA-AA-000-0000"
"SITE3415","Site",0,240,0,-0.552374992936067,0,"Analysis_kri0005",2012-03-29,"AA-AA-000-0000"
"SITE9858","Site",0,224,0,-0.533644941854019,0,"Analysis_kri0005",2012-03-29,"AA-AA-000-0000"
"SITE7604","Site",0,208,0,-0.514233133035628,0,"Analysis_kri0005",2012-03-29,"AA-AA-000-0000"
"SITE404","Site",0,192,0,-0.494059213310405,0,"Analysis_kri0005",2012-03-29,"AA-AA-000-0000"
"SITE1934","Site",0,176,0,-0.473025683660153,0,"Analysis_kri0005",2012-03-29,"AA-AA-000-0000"
"SITE3839","Site",0,176,0,-0.473025683660153,0,"Analysis_kri0005",2012-03-29,"AA-AA-000-0000"
"SITE6155","Site",0,176,0,-0.473025683660153,0,"Analysis_kri0005",2012-03-29,"AA-AA-000-0000"
"SITE6572","Site",0,176,0,-0.473025683660153,0,"Analysis_kri0005",2012-03-29,"AA-AA-000-0000"
"SITE9884","Site",0,176,0,-0.473025683660153,0,"Analysis_kri0005",2012-03-29,"AA-AA-000-0000"
"SITE1544","Site",0,160,0,-0.451012293122276,0,"Analysis_kri0005",2012-03-29,"AA-AA-000-0000"
"SITE6184","Site",0,160,0,-0.451012293122276,0,"Analysis_kri0005",2012-03-29,"AA-AA-000-0000"
"SITE8857","Site",0,160,0,-0.451012293122276,0,"Analysis_kri0005",2012-03-29,"AA-AA-000-0000"
"SITE022","Site",0,144,0,-0.427867829700566,0,"Analysis_kri0005",2012-03-29,"AA-AA-000-0000"
"SITE101","Site",0,144,0,-0.427867829700566,0,"Analysis_kri0005",2012-03-29,"AA-AA-000-0000"
"SITE2354","Site",0,144,0,-0.427867829700566,0,"Analysis_kri0005",2012-03-29,"AA-AA-000-0000"
"SITE3077","Site",0,144,0,-0.427867829700566,0,"Analysis_kri0005",2012-03-29,"AA-AA-000-0000"
"SITE4543","Site",0,144,0,-0.427867829700566,0,"Analysis_kri0005",2012-03-29,"AA-AA-000-0000"
"SITE2894","Site",0,128,0,-0.403397658443788,0,"Analysis_kri0005",2012-03-29,"AA-AA-000-0000"
"SITE4597","Site",0,128,0,-0.403397658443788,0,"Analysis_kri0005",2012-03-29,"AA-AA-000-0000"
"SITE5425","Site",0,128,0,-0.403397658443788,0,"Analysis_kri0005",2012-03-29,"AA-AA-000-0000"
"SITE6991","Site",0,128,0,-0.403397658443788,0,"Analysis_kri0005",2012-03-29,"AA-AA-000-0000"
"SITE7860","Site",0,128,0,-0.403397658443788,0,"Analysis_kri0005",2012-03-29,"AA-AA-000-0000"
"SITE9418","Site",0,128,0,-0.403397658443788,0,"Analysis_kri0005",2012-03-29,"AA-AA-000-0000"
"SITE9516","Site",0,128,0,-0.403397658443788,0,"Analysis_kri0005",2012-03-29,"AA-AA-000-0000"
"SITE3871","Site",0,112,0,-0.377343957130878,0,"Analysis_kri0005",2012-03-29,"AA-AA-000-0000"
"SITE9147","Site",0,112,0,-0.377343957130878,0,"Analysis_kri0005",2012-03-29,"AA-AA-000-0000"
"SITE9395","Site",0,112,0,-0.377343957130878,0,"Analysis_kri0005",2012-03-29,"AA-AA-000-0000"
"SITE2923","Site",0,96,0,NA,NA,"Analysis_kri0005",2012-03-29,"AA-AA-000-0000"
"SITE7543","Site",0,96,0,NA,NA,"Analysis_kri0005",2012-03-29,"AA-AA-000-0000"
"SITE7838","Site",0,96,0,NA,NA,"Analysis_kri0005",2012-03-29,"AA-AA-000-0000"
"SITE8084","Site",0,96,0,NA,NA,"Analysis_kri0005",2012-03-29,"AA-AA-000-0000"
"SITE1841","Site",0,80,0,NA,NA,"Analysis_kri0005",2012-03-29,"AA-AA-000-0000"
"SITE1935","Site",0,80,0,NA,NA,"Analysis_kri0005",2012-03-29,"AA-AA-000-0000"
"SITE4155","Site",0,80,0,NA,NA,"Analysis_kri0005",2012-03-29,"AA-AA-000-0000"
"SITE4424","Site",0,80,0,NA,NA,"Analysis_kri0005",2012-03-29,"AA-AA-000-0000"
"SITE4754","Site",0,80,0,NA,NA,"Analysis_kri0005",2012-03-29,"AA-AA-000-0000"
"SITE4875","Site",0,80,0,NA,NA,"Analysis_kri0005",2012-03-29,"AA-AA-000-0000"
"SITE5289","Site",0,80,0,NA,NA,"Analysis_kri0005",2012-03-29,"AA-AA-000-0000"
"SITE3759","Site",0,64,0,NA,NA,"Analysis_kri0005",2012-03-29,"AA-AA-000-0000"
"SITE4028","Site",0,64,0,NA,NA,"Analysis_kri0005",2012-03-29,"AA-AA-000-0000"
"SITE4275","Site",0,64,0,NA,NA,"Analysis_kri0005",2012-03-29,"AA-AA-000-0000"
"SITE6123","Site",0,64,0,NA,NA,"Analysis_kri0005",2012-03-29,"AA-AA-000-0000"
"SITE7246","Site",0,64,0,NA,NA,"Analysis_kri0005",2012-03-29,"AA-AA-000-0000"
"SITE7913","Site",0,64,0,NA,NA,"Analysis_kri0005",2012-03-29,"AA-AA-000-0000"
"SITE8616","Site",0,64,0,NA,NA,"Analysis_kri0005",2012-03-29,"AA-AA-000-0000"
"SITE9766","Site",0,64,0,NA,NA,"Analysis_kri0005",2012-03-29,"AA-AA-000-0000"
"SITE1273","Site",0,48,0,NA,NA,"Analysis_kri0005",2012-03-29,"AA-AA-000-0000"
"SITE4703","Site",0,48,0,NA,NA,"Analysis_kri0005",2012-03-29,"AA-AA-000-0000"
"SITE8627","Site",0,48,0,NA,NA,"Analysis_kri0005",2012-03-29,"AA-AA-000-0000"
"SITE9082","Site",0,48,0,NA,NA,"Analysis_kri0005",2012-03-29,"AA-AA-000-0000"
"SITE4612","Site",0,32,0,NA,NA,"Analysis_kri0005",2012-03-29,"AA-AA-000-0000"
"SITE4744","Site",0,32,0,NA,NA,"Analysis_kri0005",2012-03-29,"AA-AA-000-0000"
"SITE5185","Site",0,32,0,NA,NA,"Analysis_kri0005",2012-03-29,"AA-AA-000-0000"
"SITE6068","Site",0,32,0,NA,NA,"Analysis_kri0005",2012-03-29,"AA-AA-000-0000"
"SITE7734","Site",0,32,0,NA,NA,"Analysis_kri0005",2012-03-29,"AA-AA-000-0000"
"SITE8361","Site",0,32,0,NA,NA,"Analysis_kri0005",2012-03-29,"AA-AA-000-0000"
"SITE2030","Site",0,16,0,NA,NA,"Analysis_kri0005",2012-03-29,"AA-AA-000-0000"
"SITE2062","Site",0,16,0,NA,NA,"Analysis_kri0005",2012-03-29,"AA-AA-000-0000"
"SITE4976","Site",0,16,0,NA,NA,"Analysis_kri0005",2012-03-29,"AA-AA-000-0000"
"SITE5217","Site",0,16,0,NA,NA,"Analysis_kri0005",2012-03-29,"AA-AA-000-0000"
"SITE6440","Site",0,16,0,NA,NA,"Analysis_kri0005",2012-03-29,"AA-AA-000-0000"
"SITE1748","Site",3,7,0.428571428571429,1.9108850479209,0,"Analysis_kri0006",2012-03-29,"AA-AA-000-0000"
"SITE9414","Site",3,7,0.428571428571429,1.9108850479209,0,"Analysis_kri0006",2012-03-29,"AA-AA-000-0000"
"SITE4314","Site",3,8,0.375,1.63454414619516,0,"Analysis_kri0006",2012-03-29,"AA-AA-000-0000"
"SITE9346","Site",4,11,0.363636363636364,1.81512024213645,0,"Analysis_kri0006",2012-03-29,"AA-AA-000-0000"
"SITE6603","Site",3,9,0.333333333333333,1.39688379285217,0,"Analysis_kri0006",2012-03-29,"AA-AA-000-0000"
"SITE8799","Site",4,13,0.307692307692308,1.42973907633815,0,"Analysis_kri0006",2012-03-29,"AA-AA-000-0000"
"SITE9142","Site",3,15,0.2,0.411937131952045,0,"Analysis_kri0006",2012-03-29,"AA-AA-000-0000"
"SITE4275","Site",1,1,1,NA,NA,"Analysis_kri0006",2012-03-29,"AA-AA-000-0000"
"SITE5185","Site",1,1,1,NA,NA,"Analysis_kri0006",2012-03-29,"AA-AA-000-0000"
"SITE4028","Site",2,2,1,NA,NA,"Analysis_kri0006",2012-03-29,"AA-AA-000-0000"
"SITE4543","Site",2,3,0.666666666666667,NA,NA,"Analysis_kri0006",2012-03-29,"AA-AA-000-0000"
"SITE4597","Site",2,3,0.666666666666667,NA,NA,"Analysis_kri0006",2012-03-29,"AA-AA-000-0000"
"SITE6991","Site",2,3,0.666666666666667,NA,NA,"Analysis_kri0006",2012-03-29,"AA-AA-000-0000"
"SITE1544","Site",1,2,0.5,NA,NA,"Analysis_kri0006",2012-03-29,"AA-AA-000-0000"
"SITE8084","Site",1,2,0.5,NA,NA,"Analysis_kri0006",2012-03-29,"AA-AA-000-0000"
"SITE8857","Site",1,2,0.5,NA,NA,"Analysis_kri0006",2012-03-29,"AA-AA-000-0000"
"SITE9147","Site",1,2,0.5,NA,NA,"Analysis_kri0006",2012-03-29,"AA-AA-000-0000"
"SITE9766","Site",1,2,0.5,NA,NA,"Analysis_kri0006",2012-03-29,"AA-AA-000-0000"
"SITE2901","Site",2,4,0.5,NA,NA,"Analysis_kri0006",2012-03-29,"AA-AA-000-0000"
"SITE3415","Site",2,4,0.5,NA,NA,"Analysis_kri0006",2012-03-29,"AA-AA-000-0000"
"SITE1786","Site",2,5,0.4,NA,NA,"Analysis_kri0006",2012-03-29,"AA-AA-000-0000"
"SITE2894","Site",2,5,0.4,NA,NA,"Analysis_kri0006",2012-03-29,"AA-AA-000-0000"
"SITE7184","Site",2,5,0.4,NA,NA,"Analysis_kri0006",2012-03-29,"AA-AA-000-0000"
"SITE8997","Site",2,5,0.4,NA,NA,"Analysis_kri0006",2012-03-29,"AA-AA-000-0000"
"SITE9604","Site",2,5,0.4,NA,NA,"Analysis_kri0006",2012-03-29,"AA-AA-000-0000"
"SITE2354","Site",1,3,0.333333333333333,NA,NA,"Analysis_kri0006",2012-03-29,"AA-AA-000-0000"
"SITE3077","Site",1,3,0.333333333333333,NA,NA,"Analysis_kri0006",2012-03-29,"AA-AA-000-0000"
"SITE9418","Site",1,3,0.333333333333333,NA,NA,"Analysis_kri0006",2012-03-29,"AA-AA-000-0000"
"SITE1233","Site",2,6,0.333333333333333,NA,NA,"Analysis_kri0006",2012-03-29,"AA-AA-000-0000"
"SITE2323","Site",2,6,0.333333333333333,NA,NA,"Analysis_kri0006",2012-03-29,"AA-AA-000-0000"
"SITE5611","Site",2,6,0.333333333333333,NA,NA,"Analysis_kri0006",2012-03-29,"AA-AA-000-0000"
"SITE7011","Site",2,6,0.333333333333333,NA,NA,"Analysis_kri0006",2012-03-29,"AA-AA-000-0000"
"SITE8210","Site",2,6,0.333333333333333,NA,NA,"Analysis_kri0006",2012-03-29,"AA-AA-000-0000"
"SITE4874","Site",2,7,0.285714285714286,NA,NA,"Analysis_kri0006",2012-03-29,"AA-AA-000-0000"
"SITE5384","Site",2,7,0.285714285714286,NA,NA,"Analysis_kri0006",2012-03-29,"AA-AA-000-0000"
"SITE022","Site",1,4,0.25,NA,NA,"Analysis_kri0006",2012-03-29,"AA-AA-000-0000"
"SITE1102","Site",1,4,0.25,NA,NA,"Analysis_kri0006",2012-03-29,"AA-AA-000-0000"
"SITE2980","Site",1,4,0.25,NA,NA,"Analysis_kri0006",2012-03-29,"AA-AA-000-0000"
"SITE3754","Site",1,4,0.25,NA,NA,"Analysis_kri0006",2012-03-29,"AA-AA-000-0000"
"SITE7604","Site",1,4,0.25,NA,NA,"Analysis_kri0006",2012-03-29,"AA-AA-000-0000"
"SITE8764","Site",1,4,0.25,NA,NA,"Analysis_kri0006",2012-03-29,"AA-AA-000-0000"
"SITE9516","Site",1,4,0.25,NA,NA,"Analysis_kri0006",2012-03-29,"AA-AA-000-0000"
"SITE216","Site",2,8,0.25,NA,NA,"Analysis_kri0006",2012-03-29,"AA-AA-000-0000"
"SITE4260","Site",2,8,0.25,NA,NA,"Analysis_kri0006",2012-03-29,"AA-AA-000-0000"
"SITE4072","Site",2,9,0.222222222222222,NA,NA,"Analysis_kri0006",2012-03-29,"AA-AA-000-0000"
"SITE8351","Site",2,9,0.222222222222222,NA,NA,"Analysis_kri0006",2012-03-29,"AA-AA-000-0000"
"SITE9360","Site",2,9,0.222222222222222,NA,NA,"Analysis_kri0006",2012-03-29,"AA-AA-000-0000"
"SITE1982","Site",1,5,0.2,NA,NA,"Analysis_kri0006",2012-03-29,"AA-AA-000-0000"
"SITE3090","Site",1,5,0.2,NA,NA,"Analysis_kri0006",2012-03-29,"AA-AA-000-0000"
"SITE3319","Site",1,5,0.2,NA,NA,"Analysis_kri0006",2012-03-29,"AA-AA-000-0000"
"SITE4264","Site",1,5,0.2,NA,NA,"Analysis_kri0006",2012-03-29,"AA-AA-000-0000"
"SITE5062","Site",1,5,0.2,NA,NA,"Analysis_kri0006",2012-03-29,"AA-AA-000-0000"
"SITE6184","Site",1,5,0.2,NA,NA,"Analysis_kri0006",2012-03-29,"AA-AA-000-0000"
"SITE6832","Site",1,5,0.2,NA,NA,"Analysis_kri0006",2012-03-29,"AA-AA-000-0000"
"SITE8835","Site",1,5,0.2,NA,NA,"Analysis_kri0006",2012-03-29,"AA-AA-000-0000"
"SITE9580","Site",1,5,0.2,NA,NA,"Analysis_kri0006",2012-03-29,"AA-AA-000-0000"
"SITE2170","Site",2,10,0.2,NA,NA,"Analysis_kri0006",2012-03-29,"AA-AA-000-0000"
"SITE5033","Site",2,10,0.2,NA,NA,"Analysis_kri0006",2012-03-29,"AA-AA-000-0000"
"SITE213","Site",2,11,0.181818181818182,NA,NA,"Analysis_kri0006",2012-03-29,"AA-AA-000-0000"
"SITE3081","Site",2,11,0.181818181818182,NA,NA,"Analysis_kri0006",2012-03-29,"AA-AA-000-0000"
"SITE759","Site",1,6,0.166666666666667,NA,NA,"Analysis_kri0006",2012-03-29,"AA-AA-000-0000"
"SITE8354","Site",1,6,0.166666666666667,NA,NA,"Analysis_kri0006",2012-03-29,"AA-AA-000-0000"
"SITE8420","Site",1,6,0.166666666666667,NA,NA,"Analysis_kri0006",2012-03-29,"AA-AA-000-0000"
"SITE8633","Site",1,6,0.166666666666667,NA,NA,"Analysis_kri0006",2012-03-29,"AA-AA-000-0000"
"SITE4590","Site",2,12,0.166666666666667,NA,NA,"Analysis_kri0006",2012-03-29,"AA-AA-000-0000"
"SITE4323","Site",2,14,0.142857142857143,NA,NA,"Analysis_kri0006",2012-03-29,"AA-AA-000-0000"
"SITE1750","Site",1,7,0.142857142857143,NA,NA,"Analysis_kri0006",2012-03-29,"AA-AA-000-0000"
"SITE180","Site",1,7,0.142857142857143,NA,NA,"Analysis_kri0006",2012-03-29,"AA-AA-000-0000"
"SITE3353","Site",1,7,0.142857142857143,NA,NA,"Analysis_kri0006",2012-03-29,"AA-AA-000-0000"
"SITE8768","Site",1,7,0.142857142857143,NA,NA,"Analysis_kri0006",2012-03-29,"AA-AA-000-0000"
"SITE9661","Site",1,7,0.142857142857143,NA,NA,"Analysis_kri0006",2012-03-29,"AA-AA-000-0000"
"SITE8786","Site",1,8,0.125,NA,NA,"Analysis_kri0006",2012-03-29,"AA-AA-000-0000"
"SITE5895","Site",1,9,0.111111111111111,NA,NA,"Analysis_kri0006",2012-03-29,"AA-AA-000-0000"
"SITE7004","Site",1,9,0.111111111111111,NA,NA,"Analysis_kri0006",2012-03-29,"AA-AA-000-0000"
"SITE2532","Site",1,11,0.0909090909090909,NA,NA,"Analysis_kri0006",2012-03-29,"AA-AA-000-0000"
"SITE958","Site",1,11,0.0909090909090909,NA,NA,"Analysis_kri0006",2012-03-29,"AA-AA-000-0000"
"SITE2192","Site",1,14,0.0714285714285714,NA,NA,"Analysis_kri0006",2012-03-29,"AA-AA-000-0000"
"SITE7983","Site",0,13,0,NA,NA,"Analysis_kri0006",2012-03-29,"AA-AA-000-0000"
"SITE8625","Site",0,12,0,NA,NA,"Analysis_kri0006",2012-03-29,"AA-AA-000-0000"
"SITE4485","Site",0,11,0,NA,NA,"Analysis_kri0006",2012-03-29,"AA-AA-000-0000"
"SITE4959","Site",0,11,0,NA,NA,"Analysis_kri0006",2012-03-29,"AA-AA-000-0000"
"SITE1727","Site",0,7,0,NA,NA,"Analysis_kri0006",2012-03-29,"AA-AA-000-0000"
"SITE2986","Site",0,7,0,NA,NA,"Analysis_kri0006",2012-03-29,"AA-AA-000-0000"
"SITE3289","Site",0,7,0,NA,NA,"Analysis_kri0006",2012-03-29,"AA-AA-000-0000"
"SITE3909","Site",0,7,0,NA,NA,"Analysis_kri0006",2012-03-29,"AA-AA-000-0000"
"SITE3989","Site",0,7,0,NA,NA,"Analysis_kri0006",2012-03-29,"AA-AA-000-0000"
"SITE4629","Site",0,7,0,NA,NA,"Analysis_kri0006",2012-03-29,"AA-AA-000-0000"
"SITE6900","Site",0,7,0,NA,NA,"Analysis_kri0006",2012-03-29,"AA-AA-000-0000"
"SITE7809","Site",0,7,0,NA,NA,"Analysis_kri0006",2012-03-29,"AA-AA-000-0000"
"SITE3839","Site",0,6,0,NA,NA,"Analysis_kri0006",2012-03-29,"AA-AA-000-0000"
"SITE6405","Site",0,6,0,NA,NA,"Analysis_kri0006",2012-03-29,"AA-AA-000-0000"
"SITE8517","Site",0,6,0,NA,NA,"Analysis_kri0006",2012-03-29,"AA-AA-000-0000"
"SITE8788","Site",0,6,0,NA,NA,"Analysis_kri0006",2012-03-29,"AA-AA-000-0000"
"SITE9737","Site",0,6,0,NA,NA,"Analysis_kri0006",2012-03-29,"AA-AA-000-0000"
"SITE1257","Site",0,5,0,NA,NA,"Analysis_kri0006",2012-03-29,"AA-AA-000-0000"
"SITE1910","Site",0,5,0,NA,NA,"Analysis_kri0006",2012-03-29,"AA-AA-000-0000"
"SITE2373","Site",0,5,0,NA,NA,"Analysis_kri0006",2012-03-29,"AA-AA-000-0000"
"SITE3719","Site",0,5,0,NA,NA,"Analysis_kri0006",2012-03-29,"AA-AA-000-0000"
"SITE6384","Site",0,5,0,NA,NA,"Analysis_kri0006",2012-03-29,"AA-AA-000-0000"
"SITE7096","Site",0,5,0,NA,NA,"Analysis_kri0006",2012-03-29,"AA-AA-000-0000"
"SITE8091","Site",0,5,0,NA,NA,"Analysis_kri0006",2012-03-29,"AA-AA-000-0000"
"SITE1934","Site",0,4,0,NA,NA,"Analysis_kri0006",2012-03-29,"AA-AA-000-0000"
"SITE3068","Site",0,4,0,NA,NA,"Analysis_kri0006",2012-03-29,"AA-AA-000-0000"
"SITE3938","Site",0,4,0,NA,NA,"Analysis_kri0006",2012-03-29,"AA-AA-000-0000"
"SITE6410","Site",0,4,0,NA,NA,"Analysis_kri0006",2012-03-29,"AA-AA-000-0000"
"SITE7208","Site",0,4,0,NA,NA,"Analysis_kri0006",2012-03-29,"AA-AA-000-0000"
"SITE7860","Site",0,4,0,NA,NA,"Analysis_kri0006",2012-03-29,"AA-AA-000-0000"
"SITE9395","Site",0,4,0,NA,NA,"Analysis_kri0006",2012-03-29,"AA-AA-000-0000"
"SITE9858","Site",0,4,0,NA,NA,"Analysis_kri0006",2012-03-29,"AA-AA-000-0000"
"SITE9884","Site",0,4,0,NA,NA,"Analysis_kri0006",2012-03-29,"AA-AA-000-0000"
"SITE1841","Site",0,3,0,NA,NA,"Analysis_kri0006",2012-03-29,"AA-AA-000-0000"
"SITE2883","Site",0,3,0,NA,NA,"Analysis_kri0006",2012-03-29,"AA-AA-000-0000"
"SITE2923","Site",0,3,0,NA,NA,"Analysis_kri0006",2012-03-29,"AA-AA-000-0000"
"SITE3871","Site",0,3,0,NA,NA,"Analysis_kri0006",2012-03-29,"AA-AA-000-0000"
"SITE404","Site",0,3,0,NA,NA,"Analysis_kri0006",2012-03-29,"AA-AA-000-0000"
"SITE6155","Site",0,3,0,NA,NA,"Analysis_kri0006",2012-03-29,"AA-AA-000-0000"
"SITE6572","Site",0,3,0,NA,NA,"Analysis_kri0006",2012-03-29,"AA-AA-000-0000"
"SITE7838","Site",0,3,0,NA,NA,"Analysis_kri0006",2012-03-29,"AA-AA-000-0000"
"SITE101","Site",0,2,0,NA,NA,"Analysis_kri0006",2012-03-29,"AA-AA-000-0000"
"SITE1935","Site",0,2,0,NA,NA,"Analysis_kri0006",2012-03-29,"AA-AA-000-0000"
"SITE4155","Site",0,2,0,NA,NA,"Analysis_kri0006",2012-03-29,"AA-AA-000-0000"
"SITE4424","Site",0,2,0,NA,NA,"Analysis_kri0006",2012-03-29,"AA-AA-000-0000"
"SITE4612","Site",0,2,0,NA,NA,"Analysis_kri0006",2012-03-29,"AA-AA-000-0000"
"SITE4671","Site",0,2,0,NA,NA,"Analysis_kri0006",2012-03-29,"AA-AA-000-0000"
"SITE4703","Site",0,2,0,NA,NA,"Analysis_kri0006",2012-03-29,"AA-AA-000-0000"
"SITE4744","Site",0,2,0,NA,NA,"Analysis_kri0006",2012-03-29,"AA-AA-000-0000"
"SITE4875","Site",0,2,0,NA,NA,"Analysis_kri0006",2012-03-29,"AA-AA-000-0000"
"SITE5425","Site",0,2,0,NA,NA,"Analysis_kri0006",2012-03-29,"AA-AA-000-0000"
"SITE6068","Site",0,2,0,NA,NA,"Analysis_kri0006",2012-03-29,"AA-AA-000-0000"
"SITE6123","Site",0,2,0,NA,NA,"Analysis_kri0006",2012-03-29,"AA-AA-000-0000"
"SITE7246","Site",0,2,0,NA,NA,"Analysis_kri0006",2012-03-29,"AA-AA-000-0000"
"SITE7543","Site",0,2,0,NA,NA,"Analysis_kri0006",2012-03-29,"AA-AA-000-0000"
"SITE7734","Site",0,2,0,NA,NA,"Analysis_kri0006",2012-03-29,"AA-AA-000-0000"
"SITE7913","Site",0,2,0,NA,NA,"Analysis_kri0006",2012-03-29,"AA-AA-000-0000"
"SITE8627","Site",0,2,0,NA,NA,"Analysis_kri0006",2012-03-29,"AA-AA-000-0000"
"SITE9888","Site",0,2,0,NA,NA,"Analysis_kri0006",2012-03-29,"AA-AA-000-0000"
"SITE1273","Site",0,1,0,NA,NA,"Analysis_kri0006",2012-03-29,"AA-AA-000-0000"
"SITE2030","Site",0,1,0,NA,NA,"Analysis_kri0006",2012-03-29,"AA-AA-000-0000"
"SITE2062","Site",0,1,0,NA,NA,"Analysis_kri0006",2012-03-29,"AA-AA-000-0000"
"SITE3759","Site",0,1,0,NA,NA,"Analysis_kri0006",2012-03-29,"AA-AA-000-0000"
"SITE4754","Site",0,1,0,NA,NA,"Analysis_kri0006",2012-03-29,"AA-AA-000-0000"
"SITE4976","Site",0,1,0,NA,NA,"Analysis_kri0006",2012-03-29,"AA-AA-000-0000"
"SITE5217","Site",0,1,0,NA,NA,"Analysis_kri0006",2012-03-29,"AA-AA-000-0000"
"SITE5289","Site",0,1,0,NA,NA,"Analysis_kri0006",2012-03-29,"AA-AA-000-0000"
"SITE6440","Site",0,1,0,NA,NA,"Analysis_kri0006",2012-03-29,"AA-AA-000-0000"
"SITE8361","Site",0,1,0,NA,NA,"Analysis_kri0006",2012-03-29,"AA-AA-000-0000"
"SITE8616","Site",0,1,0,NA,NA,"Analysis_kri0006",2012-03-29,"AA-AA-000-0000"
"SITE9082","Site",0,1,0,NA,NA,"Analysis_kri0006",2012-03-29,"AA-AA-000-0000"
"SITE6991","Site",3,3,1,3.03023680212329,2,"Analysis_kri0007",2012-03-29,"AA-AA-000-0000"
"SITE4314","Site",6,8,0.75,3.34394021631629,2,"Analysis_kri0007",2012-03-29,"AA-AA-000-0000"
"SITE1233","Site",4,6,0.666666666666667,2.43278224050017,1,"Analysis_kri0007",2012-03-29,"AA-AA-000-0000"
"SITE1786","Site",3,5,0.6,1.88257564326059,0,"Analysis_kri0007",2012-03-29,"AA-AA-000-0000"
"SITE7011","Site",3,6,0.5,1.50647236936784,0,"Analysis_kri0007",2012-03-29,"AA-AA-000-0000"
"SITE8210","Site",3,6,0.5,1.50647236936784,0,"Analysis_kri0007",2012-03-29,"AA-AA-000-0000"
"SITE4260","Site",4,8,0.5,1.73952445596252,0,"Analysis_kri0007",2012-03-29,"AA-AA-000-0000"
"SITE9346","Site",5,11,0.454545454545455,1.69771064127156,0,"Analysis_kri0007",2012-03-29,"AA-AA-000-0000"
"SITE1748","Site",3,7,0.428571428571429,1.1983779838755,0,"Analysis_kri0007",2012-03-29,"AA-AA-000-0000"
"SITE5384","Site",3,7,0.428571428571429,1.1983779838755,0,"Analysis_kri0007",2012-03-29,"AA-AA-000-0000"
"SITE9414","Site",3,7,0.428571428571429,1.1983779838755,0,"Analysis_kri0007",2012-03-29,"AA-AA-000-0000"
"SITE213","Site",4,11,0.363636363636364,1.01358546239225,0,"Analysis_kri0007",2012-03-29,"AA-AA-000-0000"
"SITE6603","Site",3,9,0.333333333333333,0.710551044287676,0,"Analysis_kri0007",2012-03-29,"AA-AA-000-0000"
"SITE9360","Site",3,9,0.333333333333333,0.710551044287676,0,"Analysis_kri0007",2012-03-29,"AA-AA-000-0000"
"SITE4590","Site",4,12,0.333333333333333,0.820473673384919,0,"Analysis_kri0007",2012-03-29,"AA-AA-000-0000"
"SITE8799","Site",4,13,0.307692307692308,0.644208195954318,0,"Analysis_kri0007",2012-03-29,"AA-AA-000-0000"
"SITE2170","Site",3,10,0.3,0.50981438429854,0,"Analysis_kri0007",2012-03-29,"AA-AA-000-0000"
"SITE9142","Site",3,15,0.2,-0.254382151031269,0,"Analysis_kri0007",2012-03-29,"AA-AA-000-0000"
"SITE4275","Site",1,1,1,NA,NA,"Analysis_kri0007",2012-03-29,"AA-AA-000-0000"
"SITE5185","Site",1,1,1,NA,NA,"Analysis_kri0007",2012-03-29,"AA-AA-000-0000"
"SITE4028","Site",2,2,1,NA,NA,"Analysis_kri0007",2012-03-29,"AA-AA-000-0000"
"SITE3077","Site",2,3,0.666666666666667,NA,NA,"Analysis_kri0007",2012-03-29,"AA-AA-000-0000"
"SITE4543","Site",2,3,0.666666666666667,NA,NA,"Analysis_kri0007",2012-03-29,"AA-AA-000-0000"
"SITE4597","Site",2,3,0.666666666666667,NA,NA,"Analysis_kri0007",2012-03-29,"AA-AA-000-0000"
"SITE1544","Site",1,2,0.5,NA,NA,"Analysis_kri0007",2012-03-29,"AA-AA-000-0000"
"SITE4424","Site",1,2,0.5,NA,NA,"Analysis_kri0007",2012-03-29,"AA-AA-000-0000"
"SITE4671","Site",1,2,0.5,NA,NA,"Analysis_kri0007",2012-03-29,"AA-AA-000-0000"
"SITE5425","Site",1,2,0.5,NA,NA,"Analysis_kri0007",2012-03-29,"AA-AA-000-0000"
"SITE6068","Site",1,2,0.5,NA,NA,"Analysis_kri0007",2012-03-29,"AA-AA-000-0000"
"SITE7734","Site",1,2,0.5,NA,NA,"Analysis_kri0007",2012-03-29,"AA-AA-000-0000"
"SITE7913","Site",1,2,0.5,NA,NA,"Analysis_kri0007",2012-03-29,"AA-AA-000-0000"
"SITE8084","Site",1,2,0.5,NA,NA,"Analysis_kri0007",2012-03-29,"AA-AA-000-0000"
"SITE8857","Site",1,2,0.5,NA,NA,"Analysis_kri0007",2012-03-29,"AA-AA-000-0000"
"SITE9147","Site",1,2,0.5,NA,NA,"Analysis_kri0007",2012-03-29,"AA-AA-000-0000"
"SITE9766","Site",1,2,0.5,NA,NA,"Analysis_kri0007",2012-03-29,"AA-AA-000-0000"
"SITE2901","Site",2,4,0.5,NA,NA,"Analysis_kri0007",2012-03-29,"AA-AA-000-0000"
"SITE3415","Site",2,4,0.5,NA,NA,"Analysis_kri0007",2012-03-29,"AA-AA-000-0000"
"SITE7604","Site",2,4,0.5,NA,NA,"Analysis_kri0007",2012-03-29,"AA-AA-000-0000"
"SITE8764","Site",2,4,0.5,NA,NA,"Analysis_kri0007",2012-03-29,"AA-AA-000-0000"
"SITE1982","Site",2,5,0.4,NA,NA,"Analysis_kri0007",2012-03-29,"AA-AA-000-0000"
"SITE2894","Site",2,5,0.4,NA,NA,"Analysis_kri0007",2012-03-29,"AA-AA-000-0000"
"SITE4264","Site",2,5,0.4,NA,NA,"Analysis_kri0007",2012-03-29,"AA-AA-000-0000"
"SITE7184","Site",2,5,0.4,NA,NA,"Analysis_kri0007",2012-03-29,"AA-AA-000-0000"
"SITE8997","Site",2,5,0.4,NA,NA,"Analysis_kri0007",2012-03-29,"AA-AA-000-0000"
"SITE9580","Site",2,5,0.4,NA,NA,"Analysis_kri0007",2012-03-29,"AA-AA-000-0000"
"SITE9604","Site",2,5,0.4,NA,NA,"Analysis_kri0007",2012-03-29,"AA-AA-000-0000"
"SITE2354","Site",1,3,0.333333333333333,NA,NA,"Analysis_kri0007",2012-03-29,"AA-AA-000-0000"
"SITE2883","Site",1,3,0.333333333333333,NA,NA,"Analysis_kri0007",2012-03-29,"AA-AA-000-0000"
"SITE404","Site",1,3,0.333333333333333,NA,NA,"Analysis_kri0007",2012-03-29,"AA-AA-000-0000"
"SITE7838","Site",1,3,0.333333333333333,NA,NA,"Analysis_kri0007",2012-03-29,"AA-AA-000-0000"
"SITE9418","Site",1,3,0.333333333333333,NA,NA,"Analysis_kri0007",2012-03-29,"AA-AA-000-0000"
"SITE2323","Site",2,6,0.333333333333333,NA,NA,"Analysis_kri0007",2012-03-29,"AA-AA-000-0000"
"SITE3839","Site",2,6,0.333333333333333,NA,NA,"Analysis_kri0007",2012-03-29,"AA-AA-000-0000"
"SITE5611","Site",2,6,0.333333333333333,NA,NA,"Analysis_kri0007",2012-03-29,"AA-AA-000-0000"
"SITE8420","Site",2,6,0.333333333333333,NA,NA,"Analysis_kri0007",2012-03-29,"AA-AA-000-0000"
"SITE8633","Site",2,6,0.333333333333333,NA,NA,"Analysis_kri0007",2012-03-29,"AA-AA-000-0000"
"SITE1750","Site",2,7,0.285714285714286,NA,NA,"Analysis_kri0007",2012-03-29,"AA-AA-000-0000"
"SITE4874","Site",2,7,0.285714285714286,NA,NA,"Analysis_kri0007",2012-03-29,"AA-AA-000-0000"
"SITE022","Site",1,4,0.25,NA,NA,"Analysis_kri0007",2012-03-29,"AA-AA-000-0000"
"SITE1102","Site",1,4,0.25,NA,NA,"Analysis_kri0007",2012-03-29,"AA-AA-000-0000"
"SITE2980","Site",1,4,0.25,NA,NA,"Analysis_kri0007",2012-03-29,"AA-AA-000-0000"
"SITE3754","Site",1,4,0.25,NA,NA,"Analysis_kri0007",2012-03-29,"AA-AA-000-0000"
"SITE9516","Site",1,4,0.25,NA,NA,"Analysis_kri0007",2012-03-29,"AA-AA-000-0000"
"SITE216","Site",2,8,0.25,NA,NA,"Analysis_kri0007",2012-03-29,"AA-AA-000-0000"
"SITE4072","Site",2,9,0.222222222222222,NA,NA,"Analysis_kri0007",2012-03-29,"AA-AA-000-0000"
"SITE5895","Site",2,9,0.222222222222222,NA,NA,"Analysis_kri0007",2012-03-29,"AA-AA-000-0000"
"SITE8351","Site",2,9,0.222222222222222,NA,NA,"Analysis_kri0007",2012-03-29,"AA-AA-000-0000"
"SITE5033","Site",2,10,0.2,NA,NA,"Analysis_kri0007",2012-03-29,"AA-AA-000-0000"
"SITE1257","Site",1,5,0.2,NA,NA,"Analysis_kri0007",2012-03-29,"AA-AA-000-0000"
"SITE1910","Site",1,5,0.2,NA,NA,"Analysis_kri0007",2012-03-29,"AA-AA-000-0000"
"SITE3090","Site",1,5,0.2,NA,NA,"Analysis_kri0007",2012-03-29,"AA-AA-000-0000"
"SITE3319","Site",1,5,0.2,NA,NA,"Analysis_kri0007",2012-03-29,"AA-AA-000-0000"
"SITE3719","Site",1,5,0.2,NA,NA,"Analysis_kri0007",2012-03-29,"AA-AA-000-0000"
"SITE5062","Site",1,5,0.2,NA,NA,"Analysis_kri0007",2012-03-29,"AA-AA-000-0000"
"SITE6184","Site",1,5,0.2,NA,NA,"Analysis_kri0007",2012-03-29,"AA-AA-000-0000"
"SITE6832","Site",1,5,0.2,NA,NA,"Analysis_kri0007",2012-03-29,"AA-AA-000-0000"
"SITE8835","Site",1,5,0.2,NA,NA,"Analysis_kri0007",2012-03-29,"AA-AA-000-0000"
"SITE3081","Site",2,11,0.181818181818182,NA,NA,"Analysis_kri0007",2012-03-29,"AA-AA-000-0000"
"SITE4485","Site",2,11,0.181818181818182,NA,NA,"Analysis_kri0007",2012-03-29,"AA-AA-000-0000"
"SITE759","Site",1,6,0.166666666666667,NA,NA,"Analysis_kri0007",2012-03-29,"AA-AA-000-0000"
"SITE8354","Site",1,6,0.166666666666667,NA,NA,"Analysis_kri0007",2012-03-29,"AA-AA-000-0000"
"SITE9737","Site",1,6,0.166666666666667,NA,NA,"Analysis_kri0007",2012-03-29,"AA-AA-000-0000"
"SITE2192","Site",2,14,0.142857142857143,NA,NA,"Analysis_kri0007",2012-03-29,"AA-AA-000-0000"
"SITE4323","Site",2,14,0.142857142857143,NA,NA,"Analysis_kri0007",2012-03-29,"AA-AA-000-0000"
"SITE180","Site",1,7,0.142857142857143,NA,NA,"Analysis_kri0007",2012-03-29,"AA-AA-000-0000"
"SITE3289","Site",1,7,0.142857142857143,NA,NA,"Analysis_kri0007",2012-03-29,"AA-AA-000-0000"
"SITE3353","Site",1,7,0.142857142857143,NA,NA,"Analysis_kri0007",2012-03-29,"AA-AA-000-0000"
"SITE3909","Site",1,7,0.142857142857143,NA,NA,"Analysis_kri0007",2012-03-29,"AA-AA-000-0000"
"SITE4629","Site",1,7,0.142857142857143,NA,NA,"Analysis_kri0007",2012-03-29,"AA-AA-000-0000"
"SITE7809","Site",1,7,0.142857142857143,NA,NA,"Analysis_kri0007",2012-03-29,"AA-AA-000-0000"
"SITE8768","Site",1,7,0.142857142857143,NA,NA,"Analysis_kri0007",2012-03-29,"AA-AA-000-0000"
"SITE9661","Site",1,7,0.142857142857143,NA,NA,"Analysis_kri0007",2012-03-29,"AA-AA-000-0000"
"SITE8786","Site",1,8,0.125,NA,NA,"Analysis_kri0007",2012-03-29,"AA-AA-000-0000"
"SITE7004","Site",1,9,0.111111111111111,NA,NA,"Analysis_kri0007",2012-03-29,"AA-AA-000-0000"
"SITE2532","Site",1,11,0.0909090909090909,NA,NA,"Analysis_kri0007",2012-03-29,"AA-AA-000-0000"
"SITE958","Site",1,11,0.0909090909090909,NA,NA,"Analysis_kri0007",2012-03-29,"AA-AA-000-0000"
"SITE8625","Site",1,12,0.0833333333333333,NA,NA,"Analysis_kri0007",2012-03-29,"AA-AA-000-0000"
"SITE7983","Site",0,13,0,NA,NA,"Analysis_kri0007",2012-03-29,"AA-AA-000-0000"
"SITE4959","Site",0,11,0,NA,NA,"Analysis_kri0007",2012-03-29,"AA-AA-000-0000"
"SITE1727","Site",0,7,0,NA,NA,"Analysis_kri0007",2012-03-29,"AA-AA-000-0000"
"SITE2986","Site",0,7,0,NA,NA,"Analysis_kri0007",2012-03-29,"AA-AA-000-0000"
"SITE3989","Site",0,7,0,NA,NA,"Analysis_kri0007",2012-03-29,"AA-AA-000-0000"
"SITE6900","Site",0,7,0,NA,NA,"Analysis_kri0007",2012-03-29,"AA-AA-000-0000"
"SITE6405","Site",0,6,0,NA,NA,"Analysis_kri0007",2012-03-29,"AA-AA-000-0000"
"SITE8517","Site",0,6,0,NA,NA,"Analysis_kri0007",2012-03-29,"AA-AA-000-0000"
"SITE8788","Site",0,6,0,NA,NA,"Analysis_kri0007",2012-03-29,"AA-AA-000-0000"
"SITE2373","Site",0,5,0,NA,NA,"Analysis_kri0007",2012-03-29,"AA-AA-000-0000"
"SITE6384","Site",0,5,0,NA,NA,"Analysis_kri0007",2012-03-29,"AA-AA-000-0000"
"SITE7096","Site",0,5,0,NA,NA,"Analysis_kri0007",2012-03-29,"AA-AA-000-0000"
"SITE8091","Site",0,5,0,NA,NA,"Analysis_kri0007",2012-03-29,"AA-AA-000-0000"
"SITE1934","Site",0,4,0,NA,NA,"Analysis_kri0007",2012-03-29,"AA-AA-000-0000"
"SITE3068","Site",0,4,0,NA,NA,"Analysis_kri0007",2012-03-29,"AA-AA-000-0000"
"SITE3938","Site",0,4,0,NA,NA,"Analysis_kri0007",2012-03-29,"AA-AA-000-0000"
"SITE6410","Site",0,4,0,NA,NA,"Analysis_kri0007",2012-03-29,"AA-AA-000-0000"
"SITE7208","Site",0,4,0,NA,NA,"Analysis_kri0007",2012-03-29,"AA-AA-000-0000"
"SITE7860","Site",0,4,0,NA,NA,"Analysis_kri0007",2012-03-29,"AA-AA-000-0000"
"SITE9395","Site",0,4,0,NA,NA,"Analysis_kri0007",2012-03-29,"AA-AA-000-0000"
"SITE9858","Site",0,4,0,NA,NA,"Analysis_kri0007",2012-03-29,"AA-AA-000-0000"
"SITE9884","Site",0,4,0,NA,NA,"Analysis_kri0007",2012-03-29,"AA-AA-000-0000"
"SITE1841","Site",0,3,0,NA,NA,"Analysis_kri0007",2012-03-29,"AA-AA-000-0000"
"SITE2923","Site",0,3,0,NA,NA,"Analysis_kri0007",2012-03-29,"AA-AA-000-0000"
"SITE3871","Site",0,3,0,NA,NA,"Analysis_kri0007",2012-03-29,"AA-AA-000-0000"
"SITE6155","Site",0,3,0,NA,NA,"Analysis_kri0007",2012-03-29,"AA-AA-000-0000"
"SITE6572","Site",0,3,0,NA,NA,"Analysis_kri0007",2012-03-29,"AA-AA-000-0000"
"SITE101","Site",0,2,0,NA,NA,"Analysis_kri0007",2012-03-29,"AA-AA-000-0000"
"SITE1935","Site",0,2,0,NA,NA,"Analysis_kri0007",2012-03-29,"AA-AA-000-0000"
"SITE4155","Site",0,2,0,NA,NA,"Analysis_kri0007",2012-03-29,"AA-AA-000-0000"
"SITE4612","Site",0,2,0,NA,NA,"Analysis_kri0007",2012-03-29,"AA-AA-000-0000"
"SITE4703","Site",0,2,0,NA,NA,"Analysis_kri0007",2012-03-29,"AA-AA-000-0000"
"SITE4744","Site",0,2,0,NA,NA,"Analysis_kri0007",2012-03-29,"AA-AA-000-0000"
"SITE4875","Site",0,2,0,NA,NA,"Analysis_kri0007",2012-03-29,"AA-AA-000-0000"
"SITE6123","Site",0,2,0,NA,NA,"Analysis_kri0007",2012-03-29,"AA-AA-000-0000"
"SITE7246","Site",0,2,0,NA,NA,"Analysis_kri0007",2012-03-29,"AA-AA-000-0000"
"SITE7543","Site",0,2,0,NA,NA,"Analysis_kri0007",2012-03-29,"AA-AA-000-0000"
"SITE8627","Site",0,2,0,NA,NA,"Analysis_kri0007",2012-03-29,"AA-AA-000-0000"
"SITE9888","Site",0,2,0,NA,NA,"Analysis_kri0007",2012-03-29,"AA-AA-000-0000"
"SITE1273","Site",0,1,0,NA,NA,"Analysis_kri0007",2012-03-29,"AA-AA-000-0000"
"SITE2030","Site",0,1,0,NA,NA,"Analysis_kri0007",2012-03-29,"AA-AA-000-0000"
"SITE2062","Site",0,1,0,NA,NA,"Analysis_kri0007",2012-03-29,"AA-AA-000-0000"
"SITE3759","Site",0,1,0,NA,NA,"Analysis_kri0007",2012-03-29,"AA-AA-000-0000"
"SITE4754","Site",0,1,0,NA,NA,"Analysis_kri0007",2012-03-29,"AA-AA-000-0000"
"SITE4976","Site",0,1,0,NA,NA,"Analysis_kri0007",2012-03-29,"AA-AA-000-0000"
"SITE5217","Site",0,1,0,NA,NA,"Analysis_kri0007",2012-03-29,"AA-AA-000-0000"
"SITE5289","Site",0,1,0,NA,NA,"Analysis_kri0007",2012-03-29,"AA-AA-000-0000"
"SITE6440","Site",0,1,0,NA,NA,"Analysis_kri0007",2012-03-29,"AA-AA-000-0000"
"SITE8361","Site",0,1,0,NA,NA,"Analysis_kri0007",2012-03-29,"AA-AA-000-0000"
"SITE8616","Site",0,1,0,NA,NA,"Analysis_kri0007",2012-03-29,"AA-AA-000-0000"
"SITE9082","Site",0,1,0,NA,NA,"Analysis_kri0007",2012-03-29,"AA-AA-000-0000"
"SITE8091","Site",1128,2000,0.564,2.48171321654097,1,"Analysis_kri0008",2012-03-29,"AA-AA-000-0000"
"SITE8517","Site",1880,4000,0.47,2.52435042307158,1,"Analysis_kri0008",2012-03-29,"AA-AA-000-0000"
"SITE7011","Site",1692,4000,0.423,2.03168939023098,1,"Analysis_kri0008",2012-03-29,"AA-AA-000-0000"
"SITE213","Site",3854,10000,0.3854,2.58921059428934,1,"Analysis_kri0008",2012-03-29,"AA-AA-000-0000"
"SITE2323","Site",2162,6000,0.360333333333333,1.68378906320474,0,"Analysis_kri0008",2012-03-29,"AA-AA-000-0000"
"SITE3090","Site",1410,4000,0.3525,1.29269784097007,0,"Analysis_kri0008",2012-03-29,"AA-AA-000-0000"
"SITE4629","Site",1410,4000,0.3525,1.29269784097007,0,"Analysis_kri0008",2012-03-29,"AA-AA-000-0000"
"SITE9580","Site",1410,4000,0.3525,1.29269784097007,0,"Analysis_kri0008",2012-03-29,"AA-AA-000-0000"
"SITE2192","Site",3760,11000,0.341818181818182,1.95801823985907,0,"Analysis_kri0008",2012-03-29,"AA-AA-000-0000"
"SITE8625","Site",3760,11000,0.341818181818182,1.95801823985907,0,"Analysis_kri0008",2012-03-29,"AA-AA-000-0000"
"SITE5895","Site",2350,7000,0.335714285714286,1.47731804421624,0,"Analysis_kri0008",2012-03-29,"AA-AA-000-0000"
"SITE9346","Site",3666,11000,0.333272727272727,1.80947534942623,0,"Analysis_kri0008",2012-03-29,"AA-AA-000-0000"
"SITE101","Site",658,2000,0.329,0.739893430801166,0,"Analysis_kri0008",2012-03-29,"AA-AA-000-0000"
"SITE6405","Site",1974,6000,0.329,1.28153301433407,0,"Analysis_kri0008",2012-03-29,"AA-AA-000-0000"
"SITE958","Site",2632,8000,0.329,1.47978686160233,0,"Analysis_kri0008",2012-03-29,"AA-AA-000-0000"
"SITE9142","Site",4606,14000,0.329,1.95757401459026,0,"Analysis_kri0008",2012-03-29,"AA-AA-000-0000"
"SITE1982","Site",1598,5000,0.3196,1.05971187763425,0,"Analysis_kri0008",2012-03-29,"AA-AA-000-0000"
"SITE3909","Site",1598,5000,0.3196,1.05971187763425,0,"Analysis_kri0008",2012-03-29,"AA-AA-000-0000"
"SITE759","Site",1598,5000,0.3196,1.05971187763425,0,"Analysis_kri0008",2012-03-29,"AA-AA-000-0000"
"SITE9737","Site",1598,5000,0.3196,1.05971187763425,0,"Analysis_kri0008",2012-03-29,"AA-AA-000-0000"
"SITE4485","Site",2538,8000,0.31725,1.30560488302835,0,"Analysis_kri0008",2012-03-29,"AA-AA-000-0000"
"SITE2170","Site",1880,6000,0.313333333333333,1.08040498989873,0,"Analysis_kri0008",2012-03-29,"AA-AA-000-0000"
"SITE5384","Site",2162,7000,0.308857142857143,1.10490130891668,0,"Analysis_kri0008",2012-03-29,"AA-AA-000-0000"
"SITE8633","Site",1504,5000,0.3008,0.839387165774878,0,"Analysis_kri0008",2012-03-29,"AA-AA-000-0000"
"SITE8788","Site",1504,5000,0.3008,0.839387165774878,0,"Analysis_kri0008",2012-03-29,"AA-AA-000-0000"
"SITE1750","Site",1786,6000,0.297666666666667,0.87927696546339,0,"Analysis_kri0008",2012-03-29,"AA-AA-000-0000"
"SITE6900","Site",1786,6000,0.297666666666667,0.87927696546339,0,"Analysis_kri0008",2012-03-29,"AA-AA-000-0000"
"SITE4754","Site",282,1000,0.282,0.276853145854581,0,"Analysis_kri0008",2012-03-29,"AA-AA-000-0000"
"SITE8351","Site",2256,8000,0.282,0.78305894730641,0,"Analysis_kri0008",2012-03-29,"AA-AA-000-0000"
"SITE9360","Site",2256,8000,0.282,0.78305894730641,0,"Analysis_kri0008",2012-03-29,"AA-AA-000-0000"
"SITE4323","Site",3384,12000,0.282,0.959047429710823,0,"Analysis_kri0008",2012-03-29,"AA-AA-000-0000"
"SITE8799","Site",3384,12000,0.282,0.959047429710823,0,"Analysis_kri0008",2012-03-29,"AA-AA-000-0000"
"SITE4959","Site",2162,8000,0.27025,0.60887696873243,0,"Analysis_kri0008",2012-03-29,"AA-AA-000-0000"
"SITE3989","Site",1598,6000,0.266333333333333,0.477020916592713,0,"Analysis_kri0008",2012-03-29,"AA-AA-000-0000"
"SITE7809","Site",1316,5000,0.2632,0.398737742056137,0,"Analysis_kri0008",2012-03-29,"AA-AA-000-0000"
"SITE6603","Site",2350,9000,0.261111111111111,0.50211874900334,0,"Analysis_kri0008",2012-03-29,"AA-AA-000-0000"
"SITE1257","Site",1034,4000,0.2585,0.30737577528886,0,"Analysis_kri0008",2012-03-29,"AA-AA-000-0000"
"SITE4874","Site",1034,4000,0.2585,0.30737577528886,0,"Analysis_kri0008",2012-03-29,"AA-AA-000-0000"
"SITE180","Site",1786,7000,0.255142857142857,0.360067838317552,0,"Analysis_kri0008",2012-03-29,"AA-AA-000-0000"
"SITE2532","Site",1504,6000,0.250666666666667,0.275892892157375,0,"Analysis_kri0008",2012-03-29,"AA-AA-000-0000"
"SITE4590","Site",2726,11000,0.247818181818182,0.32404644509782,0,"Analysis_kri0008",2012-03-29,"AA-AA-000-0000"
"SITE3289","Site",1222,5000,0.2444,0.178413030196768,0,"Analysis_kri0008",2012-03-29,"AA-AA-000-0000"
"SITE1910","Site",940,4000,0.235,0.0610452588685566,0,"Analysis_kri0008",2012-03-29,"AA-AA-000-0000"
"SITE2901","Site",940,4000,0.235,0.0610452588685566,0,"Analysis_kri0008",2012-03-29,"AA-AA-000-0000"
"SITE8354","Site",940,4000,0.235,0.0610452588685566,0,"Analysis_kri0008",2012-03-29,"AA-AA-000-0000"
"SITE2986","Site",1128,5000,0.2256,-0.0419116816626027,0,"Analysis_kri0008",2012-03-29,"AA-AA-000-0000"
"SITE5033","Site",1786,8000,0.22325,-0.0878509455634909,0,"Analysis_kri0008",2012-03-29,"AA-AA-000-0000"
"SITE404","Site",658,3000,0.219333333333333,-0.089352245004114,0,"Analysis_kri0008",2012-03-29,"AA-AA-000-0000"
"SITE6410","Site",658,3000,0.219333333333333,-0.089352245004114,0,"Analysis_kri0008",2012-03-29,"AA-AA-000-0000"
"SITE8420","Site",658,3000,0.219333333333333,-0.089352245004114,0,"Analysis_kri0008",2012-03-29,"AA-AA-000-0000"
"SITE9661","Site",658,3000,0.219333333333333,-0.089352245004114,0,"Analysis_kri0008",2012-03-29,"AA-AA-000-0000"
"SITE8786","Site",1692,8000,0.2115,-0.262032924137471,0,"Analysis_kri0008",2012-03-29,"AA-AA-000-0000"
"SITE7004","Site",846,4000,0.2115,-0.185285257551746,0,"Analysis_kri0008",2012-03-29,"AA-AA-000-0000"
"SITE9604","Site",846,4000,0.2115,-0.185285257551746,0,"Analysis_kri0008",2012-03-29,"AA-AA-000-0000"
"SITE4264","Site",1034,5000,0.2068,-0.262236393521973,0,"Analysis_kri0008",2012-03-29,"AA-AA-000-0000"
"SITE4314","Site",1034,5000,0.2068,-0.262236393521973,0,"Analysis_kri0008",2012-03-29,"AA-AA-000-0000"
"SITE7096","Site",1034,5000,0.2068,-0.262236393521973,0,"Analysis_kri0008",2012-03-29,"AA-AA-000-0000"
"SITE7184","Site",1034,5000,0.2068,-0.262236393521973,0,"Analysis_kri0008",2012-03-29,"AA-AA-000-0000"
"SITE3081","Site",1974,10000,0.1974,-0.526651362085315,0,"Analysis_kri0008",2012-03-29,"AA-AA-000-0000"
"SITE7983","Site",2350,12000,0.195833333333333,-0.605361459902872,0,"Analysis_kri0008",2012-03-29,"AA-AA-000-0000"
"SITE8764","Site",752,4000,0.188,-0.431615773972049,0,"Analysis_kri0008",2012-03-29,"AA-AA-000-0000"
"SITE8835","Site",752,4000,0.188,-0.431615773972049,0,"Analysis_kri0008",2012-03-29,"AA-AA-000-0000"
"SITE1544","Site",376,2000,0.188,-0.305198440642716,0,"Analysis_kri0008",2012-03-29,"AA-AA-000-0000"
"SITE5425","Site",376,2000,0.188,-0.305198440642716,0,"Analysis_kri0008",2012-03-29,"AA-AA-000-0000"
"SITE6572","Site",376,2000,0.188,-0.305198440642716,0,"Analysis_kri0008",2012-03-29,"AA-AA-000-0000"
"SITE7208","Site",376,2000,0.188,-0.305198440642716,0,"Analysis_kri0008",2012-03-29,"AA-AA-000-0000"
"SITE8857","Site",376,2000,0.188,-0.305198440642716,0,"Analysis_kri0008",2012-03-29,"AA-AA-000-0000"
"SITE5289","Site",188,1000,0.188,-0.215807886986024,0,"Analysis_kri0008",2012-03-29,"AA-AA-000-0000"
"SITE9414","Site",1034,6000,0.172333333333333,-0.729747230019317,0,"Analysis_kri0008",2012-03-29,"AA-AA-000-0000"
"SITE1727","Site",846,5000,0.1692,-0.702885817240713,0,"Analysis_kri0008",2012-03-29,"AA-AA-000-0000"
"SITE1786","Site",846,5000,0.1692,-0.702885817240713,0,"Analysis_kri0008",2012-03-29,"AA-AA-000-0000"
"SITE2373","Site",846,5000,0.1692,-0.702885817240713,0,"Analysis_kri0008",2012-03-29,"AA-AA-000-0000"
"SITE3068","Site",658,4000,0.1645,-0.677946290392352,0,"Analysis_kri0008",2012-03-29,"AA-AA-000-0000"
"SITE3319","Site",658,4000,0.1645,-0.677946290392352,0,"Analysis_kri0008",2012-03-29,"AA-AA-000-0000"
"SITE3938","Site",658,4000,0.1645,-0.677946290392352,0,"Analysis_kri0008",2012-03-29,"AA-AA-000-0000"
"SITE8210","Site",658,4000,0.1645,-0.677946290392352,0,"Analysis_kri0008",2012-03-29,"AA-AA-000-0000"
"SITE2883","Site",470,3000,0.156666666666667,-0.658228204863639,0,"Analysis_kri0008",2012-03-29,"AA-AA-000-0000"
"SITE7604","Site",470,3000,0.156666666666667,-0.658228204863639,0,"Analysis_kri0008",2012-03-29,"AA-AA-000-0000"
"SITE216","Site",752,5000,0.1504,-0.923210529100083,0,"Analysis_kri0008",2012-03-29,"AA-AA-000-0000"
"SITE6384","Site",658,5000,0.1316,-1.14353524095945,0,"Analysis_kri0008",2012-03-29,"AA-AA-000-0000"
"SITE2980","Site",376,3000,0.125333333333333,-0.942666184793402,0,"Analysis_kri0008",2012-03-29,"AA-AA-000-0000"
"SITE3719","Site",376,3000,0.125333333333333,-0.942666184793402,0,"Analysis_kri0008",2012-03-29,"AA-AA-000-0000"
"SITE3754","Site",376,3000,0.125333333333333,-0.942666184793402,0,"Analysis_kri0008",2012-03-29,"AA-AA-000-0000"
"SITE4260","Site",376,3000,0.125333333333333,-0.942666184793402,0,"Analysis_kri0008",2012-03-29,"AA-AA-000-0000"
"SITE4072","Site",470,4000,0.1175,-1.17060732323296,0,"Analysis_kri0008",2012-03-29,"AA-AA-000-0000"
"SITE5062","Site",470,4000,0.1175,-1.17060732323296,0,"Analysis_kri0008",2012-03-29,"AA-AA-000-0000"
"SITE6832","Site",564,5000,0.1128,-1.36385995281882,0,"Analysis_kri0008",2012-03-29,"AA-AA-000-0000"
"SITE3839","Site",564,6000,0.094,-1.73538735219601,0,"Analysis_kri0008",2012-03-29,"AA-AA-000-0000"
"SITE1233","Site",470,5000,0.094,-1.58418466467819,0,"Analysis_kri0008",2012-03-29,"AA-AA-000-0000"
"SITE1748","Site",470,5000,0.094,-1.58418466467819,0,"Analysis_kri0008",2012-03-29,"AA-AA-000-0000"
"SITE022","Site",376,4000,0.094,-1.41693783965326,0,"Analysis_kri0008",2012-03-29,"AA-AA-000-0000"
"SITE1934","Site",376,4000,0.094,-1.41693783965326,0,"Analysis_kri0008",2012-03-29,"AA-AA-000-0000"
"SITE3353","Site",376,4000,0.094,-1.41693783965326,0,"Analysis_kri0008",2012-03-29,"AA-AA-000-0000"
"SITE8768","Site",376,4000,0.094,-1.41693783965326,0,"Analysis_kri0008",2012-03-29,"AA-AA-000-0000"
"SITE8997","Site",376,4000,0.094,-1.41693783965326,0,"Analysis_kri0008",2012-03-29,"AA-AA-000-0000"
"SITE2354","Site",282,3000,0.094,-1.22710416472317,0,"Analysis_kri0008",2012-03-29,"AA-AA-000-0000"
"SITE3415","Site",282,3000,0.094,-1.22710416472317,0,"Analysis_kri0008",2012-03-29,"AA-AA-000-0000"
"SITE6184","Site",282,3000,0.094,-1.22710416472317,0,"Analysis_kri0008",2012-03-29,"AA-AA-000-0000"
"SITE9395","Site",282,3000,0.094,-1.22710416472317,0,"Analysis_kri0008",2012-03-29,"AA-AA-000-0000"
"SITE9516","Site",282,3000,0.094,-1.22710416472317,0,"Analysis_kri0008",2012-03-29,"AA-AA-000-0000"
"SITE1102","Site",188,2000,0.094,-1.00192635493864,0,"Analysis_kri0008",2012-03-29,"AA-AA-000-0000"
"SITE1935","Site",188,2000,0.094,-1.00192635493864,0,"Analysis_kri0008",2012-03-29,"AA-AA-000-0000"
"SITE3077","Site",188,2000,0.094,-1.00192635493864,0,"Analysis_kri0008",2012-03-29,"AA-AA-000-0000"
"SITE3871","Site",188,2000,0.094,-1.00192635493864,0,"Analysis_kri0008",2012-03-29,"AA-AA-000-0000"
"SITE4424","Site",188,2000,0.094,-1.00192635493864,0,"Analysis_kri0008",2012-03-29,"AA-AA-000-0000"
"SITE4543","Site",188,2000,0.094,-1.00192635493864,0,"Analysis_kri0008",2012-03-29,"AA-AA-000-0000"
"SITE4671","Site",188,2000,0.094,-1.00192635493864,0,"Analysis_kri0008",2012-03-29,"AA-AA-000-0000"
"SITE4875","Site",188,2000,0.094,-1.00192635493864,0,"Analysis_kri0008",2012-03-29,"AA-AA-000-0000"
"SITE5611","Site",188,2000,0.094,-1.00192635493864,0,"Analysis_kri0008",2012-03-29,"AA-AA-000-0000"
"SITE6123","Site",188,2000,0.094,-1.00192635493864,0,"Analysis_kri0008",2012-03-29,"AA-AA-000-0000"
"SITE6155","Site",188,2000,0.094,-1.00192635493864,0,"Analysis_kri0008",2012-03-29,"AA-AA-000-0000"
"SITE7543","Site",188,2000,0.094,-1.00192635493864,0,"Analysis_kri0008",2012-03-29,"AA-AA-000-0000"
"SITE7860","Site",188,2000,0.094,-1.00192635493864,0,"Analysis_kri0008",2012-03-29,"AA-AA-000-0000"
"SITE9858","Site",188,2000,0.094,-1.00192635493864,0,"Analysis_kri0008",2012-03-29,"AA-AA-000-0000"
"SITE9884","Site",188,2000,0.094,-1.00192635493864,0,"Analysis_kri0008",2012-03-29,"AA-AA-000-0000"
"SITE1273","Site",94,1000,0.094,-0.70846891982663,0,"Analysis_kri0008",2012-03-29,"AA-AA-000-0000"
"SITE1841","Site",94,1000,0.094,-0.70846891982663,0,"Analysis_kri0008",2012-03-29,"AA-AA-000-0000"
"SITE2030","Site",94,1000,0.094,-0.70846891982663,0,"Analysis_kri0008",2012-03-29,"AA-AA-000-0000"
"SITE2894","Site",94,1000,0.094,-0.70846891982663,0,"Analysis_kri0008",2012-03-29,"AA-AA-000-0000"
"SITE2923","Site",94,1000,0.094,-0.70846891982663,0,"Analysis_kri0008",2012-03-29,"AA-AA-000-0000"
"SITE3759","Site",94,1000,0.094,-0.70846891982663,0,"Analysis_kri0008",2012-03-29,"AA-AA-000-0000"
"SITE4028","Site",94,1000,0.094,-0.70846891982663,0,"Analysis_kri0008",2012-03-29,"AA-AA-000-0000"
"SITE4612","Site",94,1000,0.094,-0.70846891982663,0,"Analysis_kri0008",2012-03-29,"AA-AA-000-0000"
"SITE4703","Site",94,1000,0.094,-0.70846891982663,0,"Analysis_kri0008",2012-03-29,"AA-AA-000-0000"
"SITE4744","Site",94,1000,0.094,-0.70846891982663,0,"Analysis_kri0008",2012-03-29,"AA-AA-000-0000"
"SITE4976","Site",94,1000,0.094,-0.70846891982663,0,"Analysis_kri0008",2012-03-29,"AA-AA-000-0000"
"SITE5217","Site",94,1000,0.094,-0.70846891982663,0,"Analysis_kri0008",2012-03-29,"AA-AA-000-0000"
"SITE6068","Site",94,1000,0.094,-0.70846891982663,0,"Analysis_kri0008",2012-03-29,"AA-AA-000-0000"
"SITE6440","Site",94,1000,0.094,-0.70846891982663,0,"Analysis_kri0008",2012-03-29,"AA-AA-000-0000"
"SITE6991","Site",94,1000,0.094,-0.70846891982663,0,"Analysis_kri0008",2012-03-29,"AA-AA-000-0000"
"SITE7838","Site",94,1000,0.094,-0.70846891982663,0,"Analysis_kri0008",2012-03-29,"AA-AA-000-0000"
"SITE8361","Site",94,1000,0.094,-0.70846891982663,0,"Analysis_kri0008",2012-03-29,"AA-AA-000-0000"
"SITE8616","Site",94,1000,0.094,-0.70846891982663,0,"Analysis_kri0008",2012-03-29,"AA-AA-000-0000"
"SITE8627","Site",94,1000,0.094,-0.70846891982663,0,"Analysis_kri0008",2012-03-29,"AA-AA-000-0000"
"SITE9082","Site",94,1000,0.094,-0.70846891982663,0,"Analysis_kri0008",2012-03-29,"AA-AA-000-0000"
"SITE9147","Site",94,1000,0.094,-0.70846891982663,0,"Analysis_kri0008",2012-03-29,"AA-AA-000-0000"
"SITE9418","Site",94,1000,0.094,-0.70846891982663,0,"Analysis_kri0008",2012-03-29,"AA-AA-000-0000"
"SITE9888","Site",94,1000,0.094,-0.70846891982663,0,"Analysis_kri0008",2012-03-29,"AA-AA-000-0000"
"SITE4543","Site",181,188,0.962765957446808,2.28601999144043,1,"Analysis_kri0009",2012-03-29,"AA-AA-000-0000"
"SITE7604","Site",444,470,0.94468085106383,2.19670811814848,1,"Analysis_kri0009",2012-03-29,"AA-AA-000-0000"
"SITE3759","Site",91,94,0.968085106382979,1.80294920907978,0,"Analysis_kri0009",2012-03-29,"AA-AA-000-0000"
"SITE2923","Site",90,94,0.957446808510638,1.4299712666713,0,"Analysis_kri0009",2012-03-29,"AA-AA-000-0000"
"SITE8627","Site",90,94,0.957446808510638,1.4299712666713,0,"Analysis_kri0009",2012-03-29,"AA-AA-000-0000"
"SITE7543","Site",179,188,0.952127659574468,1.75854952682035,0,"Analysis_kri0009",2012-03-29,"AA-AA-000-0000"
"SITE4703","Site",89,94,0.946808510638298,1.05699332426282,0,"Analysis_kri0009",2012-03-29,"AA-AA-000-0000"
"SITE4744","Site",89,94,0.946808510638298,1.05699332426282,0,"Analysis_kri0009",2012-03-29,"AA-AA-000-0000"
"SITE5217","Site",89,94,0.946808510638298,1.05699332426282,0,"Analysis_kri0009",2012-03-29,"AA-AA-000-0000"
"SITE9395","Site",266,282,0.943262411347518,1.61542722543301,0,"Analysis_kri0009",2012-03-29,"AA-AA-000-0000"
"SITE022","Site",353,376,0.938829787234043,1.55451973491293,0,"Analysis_kri0009",2012-03-29,"AA-AA-000-0000"
"SITE2980","Site",353,376,0.938829787234043,1.55451973491293,0,"Analysis_kri0009",2012-03-29,"AA-AA-000-0000"
"SITE8997","Site",353,376,0.938829787234043,1.55451973491293,0,"Analysis_kri0009",2012-03-29,"AA-AA-000-0000"
"SITE1273","Site",88,94,0.936170212765957,0.684015381854347,0,"Analysis_kri0009",2012-03-29,"AA-AA-000-0000"
"SITE6068","Site",88,94,0.936170212765957,0.684015381854347,0,"Analysis_kri0009",2012-03-29,"AA-AA-000-0000"
"SITE8361","Site",88,94,0.936170212765957,0.684015381854347,0,"Analysis_kri0009",2012-03-29,"AA-AA-000-0000"
"SITE9418","Site",88,94,0.936170212765957,0.684015381854347,0,"Analysis_kri0009",2012-03-29,"AA-AA-000-0000"
"SITE1748","Site",438,470,0.931914893617021,1.19590327814845,0,"Analysis_kri0009",2012-03-29,"AA-AA-000-0000"
"SITE1935","Site",175,188,0.930851063829787,0.703608597580186,0,"Analysis_kri0009",2012-03-29,"AA-AA-000-0000"
"SITE4671","Site",175,188,0.930851063829787,0.703608597580186,0,"Analysis_kri0009",2012-03-29,"AA-AA-000-0000"
"SITE6123","Site",175,188,0.930851063829787,0.703608597580186,0,"Analysis_kri0009",2012-03-29,"AA-AA-000-0000"
"SITE3719","Site",350,376,0.930851063829787,0.995052821300213,0,"Analysis_kri0009",2012-03-29,"AA-AA-000-0000"
"SITE1257","Site",962,1034,0.93036750483559,1.59387988696197,0,"Analysis_kri0009",2012-03-29,"AA-AA-000-0000"
"SITE4264","Site",962,1034,0.93036750483559,1.59387988696197,0,"Analysis_kri0009",2012-03-29,"AA-AA-000-0000"
"SITE6410","Site",611,658,0.928571428571429,1.10487253609705,0,"Analysis_kri0009",2012-03-29,"AA-AA-000-0000"
"SITE3989","Site",1483,1598,0.928035043804756,1.6442819699042,0,"Analysis_kri0009",2012-03-29,"AA-AA-000-0000"
"SITE759","Site",1482,1598,0.927409261576971,1.55382153151739,0,"Analysis_kri0009",2012-03-29,"AA-AA-000-0000"
"SITE9661","Site",610,658,0.927051671732523,0.963900124650563,0,"Analysis_kri0009",2012-03-29,"AA-AA-000-0000"
"SITE8764","Site",697,752,0.92686170212766,1.01161434669532,0,"Analysis_kri0009",2012-03-29,"AA-AA-000-0000"
"SITE2373","Site",784,846,0.926713947990544,1.05743829914043,0,"Analysis_kri0009",2012-03-29,"AA-AA-000-0000"
"SITE2323","Site",2003,2162,0.92645698427382,1.64722571125999,0,"Analysis_kri0009",2012-03-29,"AA-AA-000-0000"
"SITE2170","Site",1741,1880,0.926063829787234,1.4744021196302,0,"Analysis_kri0009",2012-03-29,"AA-AA-000-0000"
"SITE2894","Site",87,94,0.925531914893617,0.311037439445866,0,"Analysis_kri0009",2012-03-29,"AA-AA-000-0000"
"SITE6440","Site",87,94,0.925531914893617,0.311037439445866,0,"Analysis_kri0009",2012-03-29,"AA-AA-000-0000"
"SITE7838","Site",87,94,0.925531914893617,0.311037439445866,0,"Analysis_kri0009",2012-03-29,"AA-AA-000-0000"
"SITE1102","Site",174,188,0.925531914893617,0.439873365270144,0,"Analysis_kri0009",2012-03-29,"AA-AA-000-0000"
"SITE4424","Site",174,188,0.925531914893617,0.439873365270144,0,"Analysis_kri0009",2012-03-29,"AA-AA-000-0000"
"SITE5289","Site",174,188,0.925531914893617,0.439873365270144,0,"Analysis_kri0009",2012-03-29,"AA-AA-000-0000"
"SITE1934","Site",348,376,0.925531914893617,0.622074878891731,0,"Analysis_kri0009",2012-03-29,"AA-AA-000-0000"
"SITE3754","Site",348,376,0.925531914893617,0.622074878891731,0,"Analysis_kri0009",2012-03-29,"AA-AA-000-0000"
"SITE6832","Site",522,564,0.925531914893617,0.761883017544192,0,"Analysis_kri0009",2012-03-29,"AA-AA-000-0000"
"SITE6384","Site",609,658,0.925531914893617,0.822927713204073,0,"Analysis_kri0009",2012-03-29,"AA-AA-000-0000"
"SITE2192","Site",3480,3760,0.925531914893617,1.96717349247127,0,"Analysis_kri0009",2012-03-29,"AA-AA-000-0000"
"SITE8517","Site",1736,1880,0.923404255319149,1.05740010296352,0,"Analysis_kri0009",2012-03-29,"AA-AA-000-0000"
"SITE3090","Site",1301,1410,0.922695035460993,0.819432860500651,0,"Analysis_kri0009",2012-03-29,"AA-AA-000-0000"
"SITE5033","Site",1647,1786,0.922172452407615,0.842378715951153,0,"Analysis_kri0009",2012-03-29,"AA-AA-000-0000"
"SITE6184","Site",260,282,0.921985815602837,0.323393732725043,0,"Analysis_kri0009",2012-03-29,"AA-AA-000-0000"
"SITE9516","Site",260,282,0.921985815602837,0.323393732725043,0,"Analysis_kri0009",2012-03-29,"AA-AA-000-0000"
"SITE8091","Site",1040,1128,0.921985815602837,0.646787465450085,0,"Analysis_kri0009",2012-03-29,"AA-AA-000-0000"
"SITE3909","Site",1473,1598,0.921777221526909,0.739677586036138,0,"Analysis_kri0009",2012-03-29,"AA-AA-000-0000"
"SITE2986","Site",1039,1128,0.921099290780142,0.539118007724423,0,"Analysis_kri0009",2012-03-29,"AA-AA-000-0000"
"SITE1750","Site",1644,1786,0.920492721164614,0.58567769082563,0,"Analysis_kri0009",2012-03-29,"AA-AA-000-0000"
"SITE6900","Site",1644,1786,0.920492721164614,0.58567769082563,0,"Analysis_kri0009",2012-03-29,"AA-AA-000-0000"
"SITE8625","Site",3461,3760,0.920478723404255,0.846686668208073,0,"Analysis_kri0009",2012-03-29,"AA-AA-000-0000"
"SITE7860","Site",173,188,0.920212765957447,0.176138132960107,0,"Analysis_kri0009",2012-03-29,"AA-AA-000-0000"
"SITE1544","Site",346,376,0.920212765957447,0.249096936483258,0,"Analysis_kri0009",2012-03-29,"AA-AA-000-0000"
"SITE8768","Site",346,376,0.920212765957447,0.249096936483258,0,"Analysis_kri0009",2012-03-29,"AA-AA-000-0000"
"SITE8799","Site",3114,3384,0.920212765957447,0.747290809449774,0,"Analysis_kri0009",2012-03-29,"AA-AA-000-0000"
"SITE7011","Site",1556,1692,0.919621749408983,0.440502654776968,0,"Analysis_kri0009",2012-03-29,"AA-AA-000-0000"
"SITE8786","Site",1556,1692,0.919621749408983,0.440502654776968,0,"Analysis_kri0009",2012-03-29,"AA-AA-000-0000"
"SITE101","Site",605,658,0.919452887537994,0.259038067418131,0,"Analysis_kri0009",2012-03-29,"AA-AA-000-0000"
"SITE958","Site",2420,2632,0.919452887537994,0.518076134836263,0,"Analysis_kri0009",2012-03-29,"AA-AA-000-0000"
"SITE7184","Site",950,1034,0.918762088974855,0.24439491600083,0,"Analysis_kri0009",2012-03-29,"AA-AA-000-0000"
"SITE9414","Site",950,1034,0.918762088974855,0.24439491600083,0,"Analysis_kri0009",2012-03-29,"AA-AA-000-0000"
"SITE1786","Site",777,846,0.918439716312057,0.187156433520651,0,"Analysis_kri0009",2012-03-29,"AA-AA-000-0000"
"SITE1982","Site",1467,1598,0.9180225281602,0.196914955715299,0,"Analysis_kri0009",2012-03-29,"AA-AA-000-0000"
"SITE5384","Site",1984,2162,0.917668825161887,0.169571446027177,0,"Analysis_kri0009",2012-03-29,"AA-AA-000-0000"
"SITE3353","Site",345,376,0.917553191489362,0.0626079652790137,0,"Analysis_kri0009",2012-03-29,"AA-AA-000-0000"
"SITE7208","Site",345,376,0.917553191489362,0.0626079652790137,0,"Analysis_kri0009",2012-03-29,"AA-AA-000-0000"
"SITE4323","Site",3105,3384,0.917553191489362,0.187823895837041,0,"Analysis_kri0009",2012-03-29,"AA-AA-000-0000"
"SITE5895","Site",2156,2350,0.917446808510638,0.137871016077121,0,"Analysis_kri0009",2012-03-29,"AA-AA-000-0000"
"SITE1910","Site",862,940,0.917021276595745,0.0400188942245269,0,"Analysis_kri0009",2012-03-29,"AA-AA-000-0000"
"SITE8633","Site",1379,1504,0.91688829787234,0.0319714449559091,0,"Analysis_kri0009",2012-03-29,"AA-AA-000-0000"
"SITE6405","Site",1809,1974,0.916413373860182,-0.0396756643189778,0,"Analysis_kri0009",2012-03-29,"AA-AA-000-0000"
"SITE1727","Site",775,846,0.916075650118203,-0.0614955280850022,0,"Analysis_kri0009",2012-03-29,"AA-AA-000-0000"
"SITE8788","Site",1377,1504,0.915558510638298,-0.154517526248328,0,"Analysis_kri0009",2012-03-29,"AA-AA-000-0000"
"SITE4485","Site",2323,2538,0.915287628053586,-0.250072656049055,0,"Analysis_kri0009",2012-03-29,"AA-AA-000-0000"
"SITE180","Site",1634,1786,0.914893617021277,-0.269992392926105,0,"Analysis_kri0009",2012-03-29,"AA-AA-000-0000"
"SITE7809","Site",1204,1316,0.914893617021277,-0.231760140450548,0,"Analysis_kri0009",2012-03-29,"AA-AA-000-0000"
"SITE3839","Site",516,564,0.914893617021277,-0.151722626669748,0,"Analysis_kri0009",2012-03-29,"AA-AA-000-0000"
"SITE4875","Site",172,188,0.914893617021277,-0.087597099349936,0,"Analysis_kri0009",2012-03-29,"AA-AA-000-0000"
"SITE4612","Site",86,94,0.914893617021277,-0.0619405029626115,0,"Analysis_kri0009",2012-03-29,"AA-AA-000-0000"
"SITE9147","Site",86,94,0.914893617021277,-0.0619405029626115,0,"Analysis_kri0009",2012-03-29,"AA-AA-000-0000"
"SITE213","Site",3524,3854,0.91437467566165,-0.513111472533491,0,"Analysis_kri0009",2012-03-29,"AA-AA-000-0000"
"SITE6603","Site",2148,2350,0.914042553191489,-0.458893691776437,0,"Analysis_kri0009",2012-03-29,"AA-AA-000-0000"
"SITE4959","Site",1975,2162,0.913506012950971,-0.530370048030485,0,"Analysis_kri0009",2012-03-29,"AA-AA-000-0000"
"SITE9142","Site",4207,4606,0.913373860182371,-0.806561463146769,0,"Analysis_kri0009",2012-03-29,"AA-AA-000-0000"
"SITE9346","Site",3348,3666,0.913256955810147,-0.745163932988631,0,"Analysis_kri0009",2012-03-29,"AA-AA-000-0000"
"SITE4874","Site",943,1034,0.911992263056093,-0.542804650393165,0,"Analysis_kri0009",2012-03-29,"AA-AA-000-0000"
"SITE4590","Site",2486,2726,0.911958914159941,-0.887641937875443,0,"Analysis_kri0009",2012-03-29,"AA-AA-000-0000"
"SITE3068","Site",600,658,0.911854103343465,-0.4458239898143,0,"Analysis_kri0009",2012-03-29,"AA-AA-000-0000"
"SITE8354","Site",857,940,0.911702127659574,-0.549711013282427,0,"Analysis_kri0009",2012-03-29,"AA-AA-000-0000"
"SITE2354","Site",257,282,0.911347517730496,-0.322623013628938,0,"Analysis_kri0009",2012-03-29,"AA-AA-000-0000"
"SITE1233","Site",428,470,0.91063829787234,-0.472104788518271,0,"Analysis_kri0009",2012-03-29,"AA-AA-000-0000"
"SITE8420","Site",599,658,0.910334346504559,-0.58679640126079,0,"Analysis_kri0009",2012-03-29,"AA-AA-000-0000"
"SITE3081","Site",1796,1974,0.909827760891591,-1.0977516403792,0,"Analysis_kri0009",2012-03-29,"AA-AA-000-0000"
"SITE7983","Site",2138,2350,0.909787234042553,-1.2048495765934,0,"Analysis_kri0009",2012-03-29,"AA-AA-000-0000"
"SITE9360","Site",2052,2256,0.909574468085106,-1.21705089755345,0,"Analysis_kri0009",2012-03-29,"AA-AA-000-0000"
"SITE6155","Site",171,188,0.909574468085106,-0.351332331659979,0,"Analysis_kri0009",2012-03-29,"AA-AA-000-0000"
"SITE4629","Site",1282,1410,0.909219858156028,-1.0103144614703,0,"Analysis_kri0009",2012-03-29,"AA-AA-000-0000"
"SITE3289","Site",1110,1222,0.908346972176759,-1.05089341082638,0,"Analysis_kri0009",2012-03-29,"AA-AA-000-0000"
"SITE216","Site",683,752,0.908244680851064,-0.834532279474976,0,"Analysis_kri0009",2012-03-29,"AA-AA-000-0000"
"SITE9604","Site",768,846,0.907801418439716,-0.931777393704793,0,"Analysis_kri0009",2012-03-29,"AA-AA-000-0000"
"SITE3415","Site",256,282,0.907801418439716,-0.53796192908027,0,"Analysis_kri0009",2012-03-29,"AA-AA-000-0000"
"SITE8210","Site",597,658,0.907294832826748,-0.868741224153761,0,"Analysis_kri0009",2012-03-29,"AA-AA-000-0000"
"SITE4314","Site",938,1034,0.90715667311412,-1.1050900549603,0,"Analysis_kri0009",2012-03-29,"AA-AA-000-0000"
"SITE4260","Site",341,376,0.906914893617021,-0.683347919537941,0,"Analysis_kri0009",2012-03-29,"AA-AA-000-0000"
"SITE6572","Site",341,376,0.906914893617021,-0.683347919537941,0,"Analysis_kri0009",2012-03-29,"AA-AA-000-0000"
"SITE2532","Site",1363,1504,0.90625,-1.459940324678,0,"Analysis_kri0009",2012-03-29,"AA-AA-000-0000"
"SITE8351","Site",2044,2256,0.906028368794326,-1.8261213270294,0,"Analysis_kri0009",2012-03-29,"AA-AA-000-0000"
"SITE9737","Site",1447,1598,0.905506883604506,-1.61229381202082,0,"Analysis_kri0009",2012-03-29,"AA-AA-000-0000"
"SITE7096","Site",936,1034,0.905222437137331,-1.33000421678716,0,"Analysis_kri0009",2012-03-29,"AA-AA-000-0000"
"SITE2901","Site",850,940,0.904255319148936,-1.37533288379216,0,"Analysis_kri0009",2012-03-29,"AA-AA-000-0000"
"SITE3938","Site",595,658,0.904255319148936,-1.15068604704673,0,"Analysis_kri0009",2012-03-29,"AA-AA-000-0000"
"SITE2883","Site",425,470,0.904255319148936,-0.972507208518283,0,"Analysis_kri0009",2012-03-29,"AA-AA-000-0000"
"SITE5062","Site",425,470,0.904255319148936,-0.972507208518283,0,"Analysis_kri0009",2012-03-29,"AA-AA-000-0000"
"SITE5425","Site",340,376,0.904255319148936,-0.869836890742177,0,"Analysis_kri0009",2012-03-29,"AA-AA-000-0000"
"SITE8857","Site",340,376,0.904255319148936,-0.869836890742177,0,"Analysis_kri0009",2012-03-29,"AA-AA-000-0000"
"SITE9858","Site",170,188,0.904255319148936,-0.615067563970016,0,"Analysis_kri0009",2012-03-29,"AA-AA-000-0000"
"SITE1841","Site",85,94,0.904255319148936,-0.434918445371089,0,"Analysis_kri0009",2012-03-29,"AA-AA-000-0000"
"SITE2030","Site",85,94,0.904255319148936,-0.434918445371089,0,"Analysis_kri0009",2012-03-29,"AA-AA-000-0000"
"SITE9580","Site",1274,1410,0.90354609929078,-1.7807343865107,0,"Analysis_kri0009",2012-03-29,"AA-AA-000-0000"
"SITE7004","Site",764,846,0.903073286052009,-1.4290813169161,0,"Analysis_kri0009",2012-03-29,"AA-AA-000-0000"
"SITE8835","Site",679,752,0.902925531914894,-1.36200274409505,0,"Analysis_kri0009",2012-03-29,"AA-AA-000-0000"
"SITE3319","Site",594,658,0.90273556231003,-1.29165845849322,0,"Analysis_kri0009",2012-03-29,"AA-AA-000-0000"
"SITE4072","Site",423,470,0.9,-1.30610882185163,0,"Analysis_kri0009",2012-03-29,"AA-AA-000-0000"
"SITE5611","Site",169,188,0.898936170212766,-0.878802796280058,0,"Analysis_kri0009",2012-03-29,"AA-AA-000-0000"
"SITE404","Site",591,658,0.898176291793313,-1.71457569283268,0,"Analysis_kri0009",2012-03-29,"AA-AA-000-0000"
"SITE4754","Site",253,282,0.897163120567376,-1.18397867543425,0,"Analysis_kri0009",2012-03-29,"AA-AA-000-0000"
"SITE4028","Site",84,94,0.893617021276596,-0.80789638777957,0,"Analysis_kri0009",2012-03-29,"AA-AA-000-0000"
"SITE6991","Site",84,94,0.893617021276596,-0.80789638777957,0,"Analysis_kri0009",2012-03-29,"AA-AA-000-0000"
"SITE3077","Site",167,188,0.888297872340426,-1.40627326090014,0,"Analysis_kri0009",2012-03-29,"AA-AA-000-0000"
"SITE3871","Site",167,188,0.888297872340426,-1.40627326090014,0,"Analysis_kri0009",2012-03-29,"AA-AA-000-0000"
"SITE4976","Site",83,94,0.882978723404255,-1.18087433018805,0,"Analysis_kri0009",2012-03-29,"AA-AA-000-0000"
"SITE8616","Site",83,94,0.882978723404255,-1.18087433018805,0,"Analysis_kri0009",2012-03-29,"AA-AA-000-0000"
"SITE9888","Site",83,94,0.882978723404255,-1.18087433018805,0,"Analysis_kri0009",2012-03-29,"AA-AA-000-0000"
"SITE9884","Site",165,188,0.877659574468085,-1.93374372552022,0,"Analysis_kri0009",2012-03-29,"AA-AA-000-0000"
"SITE9082","Site",81,94,0.861702127659574,-1.92683021500501,0,"Analysis_kri0009",2012-03-29,"AA-AA-000-0000"
"SITE1934","Site",94,1504,0.0625,2.32842181398649,1,"Analysis_kri0010",2012-03-29,"AA-AA-000-0000"
"SITE9661","Site",157,2632,0.0596504559270517,2.36291683269198,1,"Analysis_kri0010",2012-03-29,"AA-AA-000-0000"
"SITE9346","Site",807,14664,0.0550327332242226,2.83371574815939,1,"Analysis_kri0010",2012-03-29,"AA-AA-000-0000"
"SITE4424","Site",46,752,0.0611702127659574,1.46751787029564,0,"Analysis_kri0010",2012-03-29,"AA-AA-000-0000"
"SITE3871","Site",44,752,0.0585106382978723,1.10966790262188,0,"Analysis_kri0010",2012-03-29,"AA-AA-000-0000"
"SITE1748","Site",110,1880,0.0585106382978723,1.75453900933353,0,"Analysis_kri0010",2012-03-29,"AA-AA-000-0000"
"SITE9395","Site",65,1128,0.0576241134751773,1.21296843513864,0,"Analysis_kri0010",2012-03-29,"AA-AA-000-0000"
"SITE3319","Site",149,2632,0.0566109422492401,1.59780141846149,0,"Analysis_kri0010",2012-03-29,"AA-AA-000-0000"
"SITE7184","Site",228,4136,0.0551257253384913,1.53428773693162,0,"Analysis_kri0010",2012-03-29,"AA-AA-000-0000"
"SITE404","Site",145,2632,0.0550911854103343,1.21524371134624,0,"Analysis_kri0010",2012-03-29,"AA-AA-000-0000"
"SITE3289","Site",269,4888,0.0550327332242226,1.63604655000671,0,"Analysis_kri0010",2012-03-29,"AA-AA-000-0000"
"SITE6184","Site",62,1128,0.0549645390070922,0.774693522502548,0,"Analysis_kri0010",2012-03-29,"AA-AA-000-0000"
"SITE9414","Site",227,4136,0.0548839458413926,1.45799386747574,0,"Analysis_kri0010",2012-03-29,"AA-AA-000-0000"
"SITE1786","Site",185,3384,0.0546690307328605,1.25746249500575,0,"Analysis_kri0010",2012-03-29,"AA-AA-000-0000"
"SITE1102","Site",41,752,0.0545212765957447,0.572892951111226,0,"Analysis_kri0010",2012-03-29,"AA-AA-000-0000"
"SITE5289","Site",41,752,0.0545212765957447,0.572892951111226,0,"Analysis_kri0010",2012-03-29,"AA-AA-000-0000"
"SITE5062","Site",102,1880,0.0542553191489362,0.849242242560146,0,"Analysis_kri0010",2012-03-29,"AA-AA-000-0000"
"SITE4754","Site",61,1128,0.0540780141843972,0.628601884957184,0,"Analysis_kri0010",2012-03-29,"AA-AA-000-0000"
"SITE3909","Site",345,6392,0.053973717146433,1.45545794839006,0,"Analysis_kri0010",2012-03-29,"AA-AA-000-0000"
"SITE022","Site",81,1504,0.0538563829787234,0.683673911854687,0,"Analysis_kri0010",2012-03-29,"AA-AA-000-0000"
"SITE3353","Site",81,1504,0.0538563829787234,0.683673911854687,0,"Analysis_kri0010",2012-03-29,"AA-AA-000-0000"
"SITE1982","Site",343,6392,0.0536608260325407,1.33271642209137,0,"Analysis_kri0010",2012-03-29,"AA-AA-000-0000"
"SITE3068","Site",141,2632,0.0535714285714286,0.832686004230988,0,"Analysis_kri0010",2012-03-29,"AA-AA-000-0000"
"SITE9360","Site",483,9024,0.0535239361702128,1.51969865312205,0,"Analysis_kri0010",2012-03-29,"AA-AA-000-0000"
"SITE6900","Site",382,7144,0.053471444568869,1.33039268770886,0,"Analysis_kri0010",2012-03-29,"AA-AA-000-0000"
"SITE9516","Site",60,1128,0.0531914893617021,0.482510247411819,0,"Analysis_kri0010",2012-03-29,"AA-AA-000-0000"
"SITE6572","Site",80,1504,0.0531914893617021,0.557154842459933,0,"Analysis_kri0010",2012-03-29,"AA-AA-000-0000"
"SITE2883","Site",100,1880,0.0531914893617021,0.622918050866799,0,"Analysis_kri0010",2012-03-29,"AA-AA-000-0000"
"SITE4590","Site",580,10904,0.0531914893617021,1.5001853248699,0,"Analysis_kri0010",2012-03-29,"AA-AA-000-0000"
"SITE1750","Site",377,7144,0.0527715565509519,1.04013803617068,0,"Analysis_kri0010",2012-03-29,"AA-AA-000-0000"
"SITE1233","Site",99,1880,0.0526595744680851,0.509755955020125,0,"Analysis_kri0010",2012-03-29,"AA-AA-000-0000"
"SITE7208","Site",79,1504,0.0525265957446809,0.43063577306518,0,"Analysis_kri0010",2012-03-29,"AA-AA-000-0000"
"SITE8210","Site",138,2632,0.0524316109422492,0.545767723894553,0,"Analysis_kri0010",2012-03-29,"AA-AA-000-0000"
"SITE8354","Site",197,3760,0.0523936170212766,0.640886099743446,0,"Analysis_kri0010",2012-03-29,"AA-AA-000-0000"
"SITE2323","Site",452,8648,0.0522664199814986,0.913913584467544,0,"Analysis_kri0010",2012-03-29,"AA-AA-000-0000"
"SITE4264","Site",216,4136,0.0522243713733075,0.618761303461069,0,"Analysis_kri0010",2012-03-29,"AA-AA-000-0000"
"SITE4485","Site",528,10152,0.0520094562647754,0.863164192053999,0,"Analysis_kri0010",2012-03-29,"AA-AA-000-0000"
"SITE9580","Site",293,5640,0.0519503546099291,0.621586547559096,0,"Analysis_kri0010",2012-03-29,"AA-AA-000-0000"
"SITE4671","Site",39,752,0.0518617021276596,0.215042983437457,0,"Analysis_kri0010",2012-03-29,"AA-AA-000-0000"
"SITE1257","Site",214,4136,0.0517408123791103,0.466173564549311,0,"Analysis_kri0010",2012-03-29,"AA-AA-000-0000"
"SITE1727","Site",175,3384,0.0517139479905437,0.414002032374053,0,"Analysis_kri0010",2012-03-29,"AA-AA-000-0000"
"SITE7011","Site",349,6768,0.0515661938534279,0.525845627754449,0,"Analysis_kri0010",2012-03-29,"AA-AA-000-0000"
"SITE3415","Site",58,1128,0.0514184397163121,0.19032697232109,0,"Analysis_kri0010",2012-03-29,"AA-AA-000-0000"
"SITE8764","Site",154,3008,0.0511968085106383,0.251160983038032,0,"Analysis_kri0010",2012-03-29,"AA-AA-000-0000"
"SITE7604","Site",96,1880,0.051063829787234,0.170269667480105,0,"Analysis_kri0010",2012-03-29,"AA-AA-000-0000"
"SITE8420","Site",134,2632,0.0509118541033435,0.163210016779305,0,"Analysis_kri0010",2012-03-29,"AA-AA-000-0000"
"SITE8835","Site",153,3008,0.0508643617021277,0.161698491119589,0,"Analysis_kri0010",2012-03-29,"AA-AA-000-0000"
"SITE9604","Site",172,3384,0.0508274231678487,0.160963893584545,0,"Analysis_kri0010",2012-03-29,"AA-AA-000-0000"
"SITE3081","Site",401,7896,0.0507852077001013,0.227470592570035,0,"Analysis_kri0010",2012-03-29,"AA-AA-000-0000"
"SITE8799","Site",686,13536,0.0506796690307329,0.23758174090592,0,"Analysis_kri0010",2012-03-29,"AA-AA-000-0000"
"SITE8625","Site",761,15040,0.0505984042553191,0.201533447309617,0,"Analysis_kri0010",2012-03-29,"AA-AA-000-0000"
"SITE3077","Site",38,752,0.050531914893617,0.0361179996005732,0,"Analysis_kri0010",2012-03-29,"AA-AA-000-0000"
"SITE6123","Site",38,752,0.050531914893617,0.0361179996005732,0,"Analysis_kri0010",2012-03-29,"AA-AA-000-0000"
"SITE8857","Site",76,1504,0.050531914893617,0.0510785648809167,0,"Analysis_kri0010",2012-03-29,"AA-AA-000-0000"
"SITE8091","Site",228,4512,0.050531914893617,0.0884706695514511,0,"Analysis_kri0010",2012-03-29,"AA-AA-000-0000"
"SITE213","Site",775,15416,0.0502724442138038,0.00545952625695058,0,"Analysis_kri0010",2012-03-29,"AA-AA-000-0000"
"SITE8633","Site",302,6016,0.0501994680851064,-0.0243619396329188,0,"Analysis_kri0010",2012-03-29,"AA-AA-000-0000"
"SITE216","Site",151,3008,0.0501994680851064,-0.0172264927172942,0,"Analysis_kri0010",2012-03-29,"AA-AA-000-0000"
"SITE2192","Site",754,15040,0.0501329787234043,-0.0785284514030083,0,"Analysis_kri0010",2012-03-29,"AA-AA-000-0000"
"SITE4072","Site",94,1880,0.05,-0.0560545242132404,0,"Analysis_kri0010",2012-03-29,"AA-AA-000-0000"
"SITE2373","Site",169,3384,0.0499408983451537,-0.0920742452049619,0,"Analysis_kri0010",2012-03-29,"AA-AA-000-0000"
"SITE4314","Site",206,4136,0.0498065764023211,-0.144177391097724,0,"Analysis_kri0010",2012-03-29,"AA-AA-000-0000"
"SITE8786","Site",337,6768,0.0497931442080378,-0.189854307593084,0,"Analysis_kri0010",2012-03-29,"AA-AA-000-0000"
"SITE5895","Site",465,9400,0.049468085106383,-0.378379865376722,0,"Analysis_kri0010",2012-03-29,"AA-AA-000-0000"
"SITE4629","Site",279,5640,0.049468085106383,-0.29309178342885,0,"Analysis_kri0010",2012-03-29,"AA-AA-000-0000"
"SITE9737","Site",316,6392,0.0494367959949937,-0.324294182940914,0,"Analysis_kri0010",2012-03-29,"AA-AA-000-0000"
"SITE3938","Site",130,2632,0.0493920972644377,-0.219347690335944,0,"Analysis_kri0010",2012-03-29,"AA-AA-000-0000"
"SITE2980","Site",74,1504,0.0492021276595745,-0.20195957390859,0,"Analysis_kri0010",2012-03-29,"AA-AA-000-0000"
"SITE3719","Site",74,1504,0.0492021276595745,-0.20195957390859,0,"Analysis_kri0010",2012-03-29,"AA-AA-000-0000"
"SITE8997","Site",74,1504,0.0492021276595745,-0.20195957390859,0,"Analysis_kri0010",2012-03-29,"AA-AA-000-0000"
"SITE759","Site",314,6392,0.0491239048811014,-0.4470357092396,0,"Analysis_kri0010",2012-03-29,"AA-AA-000-0000"
"SITE8351","Site",443,9024,0.0490913120567376,-0.54634909853744,0,"Analysis_kri0010",2012-03-29,"AA-AA-000-0000"
"SITE2986","Site",221,4512,0.0489804964539007,-0.422850061857324,0,"Analysis_kri0010",2012-03-29,"AA-AA-000-0000"
"SITE3989","Site",313,6392,0.0489674593241552,-0.508406472388944,0,"Analysis_kri0010",2012-03-29,"AA-AA-000-0000"
"SITE5384","Site",423,8648,0.0489130434782609,-0.616187293602279,0,"Analysis_kri0010",2012-03-29,"AA-AA-000-0000"
"SITE2170","Site",367,7520,0.0488031914893617,-0.621338479736513,0,"Analysis_kri0010",2012-03-29,"AA-AA-000-0000"
"SITE9142","Site",899,18424,0.0487950499348676,-0.977970800240254,0,"Analysis_kri0010",2012-03-29,"AA-AA-000-0000"
"SITE2901","Site",183,3760,0.0486702127659574,-0.47936149510706,0,"Analysis_kri0010",2012-03-29,"AA-AA-000-0000"
"SITE6384","Site",128,2632,0.0486322188449848,-0.410626543893568,0,"Analysis_kri0010",2012-03-29,"AA-AA-000-0000"
"SITE2532","Site",292,6016,0.0485372340425532,-0.65695728660669,0,"Analysis_kri0010",2012-03-29,"AA-AA-000-0000"
"SITE1544","Site",73,1504,0.0485372340425532,-0.328478643303345,0,"Analysis_kri0010",2012-03-29,"AA-AA-000-0000"
"SITE3754","Site",73,1504,0.0485372340425532,-0.328478643303345,0,"Analysis_kri0010",2012-03-29,"AA-AA-000-0000"
"SITE8768","Site",73,1504,0.0485372340425532,-0.328478643303345,0,"Analysis_kri0010",2012-03-29,"AA-AA-000-0000"
"SITE4959","Site",418,8648,0.0483348751156337,-0.879997789821213,0,"Analysis_kri0010",2012-03-29,"AA-AA-000-0000"
"SITE7983","Site",454,9400,0.0482978723404255,-0.93506377071364,0,"Analysis_kri0010",2012-03-29,"AA-AA-000-0000"
"SITE5033","Site",344,7144,0.0481522956326988,-0.875542663981311,0,"Analysis_kri0010",2012-03-29,"AA-AA-000-0000"
"SITE7096","Site",199,4136,0.0481141199226306,-0.67823447728888,0,"Analysis_kri0010",2012-03-29,"AA-AA-000-0000"
"SITE101","Site",126,2632,0.0478723404255319,-0.601905397451192,0,"Analysis_kri0010",2012-03-29,"AA-AA-000-0000"
"SITE4260","Site",72,1504,0.0478723404255319,-0.454997712698099,0,"Analysis_kri0010",2012-03-29,"AA-AA-000-0000"
"SITE4543","Site",36,752,0.0478723404255319,-0.321731968073194,0,"Analysis_kri0010",2012-03-29,"AA-AA-000-0000"
"SITE8517","Site",359,7520,0.0477393617021277,-1.0739868631232,0,"Analysis_kri0010",2012-03-29,"AA-AA-000-0000"
"SITE3090","Site",269,5640,0.0476950354609929,-0.946433448420241,0,"Analysis_kri0010",2012-03-29,"AA-AA-000-0000"
"SITE958","Site",499,10528,0.0473974164133739,-1.44290936184941,0,"Analysis_kri0010",2012-03-29,"AA-AA-000-0000"
"SITE6405","Site",374,7896,0.0473657548125633,-1.26340052491896,0,"Analysis_kri0010",2012-03-29,"AA-AA-000-0000"
"SITE4323","Site",641,13536,0.0473552009456265,-1.66020430001539,0,"Analysis_kri0010",2012-03-29,"AA-AA-000-0000"
"SITE1910","Site",178,3760,0.0473404255319149,-0.879449921839384,0,"Analysis_kri0010",2012-03-29,"AA-AA-000-0000"
"SITE8788","Site",283,6016,0.0470412234042553,-1.22629309888308,0,"Analysis_kri0010",2012-03-29,"AA-AA-000-0000"
"SITE7004","Site",159,3384,0.0469858156028369,-0.935534707836656,0,"Analysis_kri0010",2012-03-29,"AA-AA-000-0000"
"SITE3839","Site",106,2256,0.0469858156028369,-0.763860890287849,0,"Analysis_kri0010",2012-03-29,"AA-AA-000-0000"
"SITE2354","Site",53,1128,0.0469858156028369,-0.540131215405732,0,"Analysis_kri0010",2012-03-29,"AA-AA-000-0000"
"SITE5425","Site",70,1504,0.0465425531914894,-0.708035851487607,0,"Analysis_kri0010",2012-03-29,"AA-AA-000-0000"
"SITE180","Site",331,7144,0.0463325867861142,-1.63020475798058,0,"Analysis_kri0010",2012-03-29,"AA-AA-000-0000"
"SITE6603","Site",435,9400,0.0462765957446808,-1.89660869811377,0,"Analysis_kri0010",2012-03-29,"AA-AA-000-0000"
"SITE7809","Site",242,5264,0.0459726443768997,-1.52749564858197,0,"Analysis_kri0010",2012-03-29,"AA-AA-000-0000"
"SITE6410","Site",121,2632,0.0459726443768997,-1.08010253134525,0,"Analysis_kri0010",2012-03-29,"AA-AA-000-0000"
"SITE7860","Site",34,752,0.0452127659574468,-0.679581935746961,0,"Analysis_kri0010",2012-03-29,"AA-AA-000-0000"
"SITE1935","Site",33,752,0.0438829787234043,-0.858506919583846,0,"Analysis_kri0010",2012-03-29,"AA-AA-000-0000"
"SITE9884","Site",33,752,0.0438829787234043,-0.858506919583846,0,"Analysis_kri0010",2012-03-29,"AA-AA-000-0000"
"SITE4874","Site",177,4136,0.0427949709864603,-2.35669960531823,0,"Analysis_kri0010",2012-03-29,"AA-AA-000-0000"
"SITE4875","Site",32,752,0.0425531914893617,-1.03743190342073,0,"Analysis_kri0010",2012-03-29,"AA-AA-000-0000"
"SITE7543","Site",32,752,0.0425531914893617,-1.03743190342073,0,"Analysis_kri0010",2012-03-29,"AA-AA-000-0000"
"SITE6832","Site",90,2256,0.0398936170212766,-2.41669909161544,0,"Analysis_kri0010",2012-03-29,"AA-AA-000-0000"
"SITE5611","Site",30,752,0.0398936170212766,-1.3952818710945,0,"Analysis_kri0010",2012-03-29,"AA-AA-000-0000"
"SITE2030","Site",28,376,0.074468085106383,NA,NA,"Analysis_kri0010",2012-03-29,"AA-AA-000-0000"
"SITE3759","Site",25,376,0.0664893617021277,NA,NA,"Analysis_kri0010",2012-03-29,"AA-AA-000-0000"
"SITE4612","Site",24,376,0.0638297872340425,NA,NA,"Analysis_kri0010",2012-03-29,"AA-AA-000-0000"
"SITE4976","Site",23,376,0.0611702127659574,NA,NA,"Analysis_kri0010",2012-03-29,"AA-AA-000-0000"
"SITE5217","Site",22,376,0.0585106382978723,NA,NA,"Analysis_kri0010",2012-03-29,"AA-AA-000-0000"
"SITE6440","Site",22,376,0.0585106382978723,NA,NA,"Analysis_kri0010",2012-03-29,"AA-AA-000-0000"
"SITE9888","Site",22,376,0.0585106382978723,NA,NA,"Analysis_kri0010",2012-03-29,"AA-AA-000-0000"
"SITE1273","Site",21,376,0.0558510638297872,NA,NA,"Analysis_kri0010",2012-03-29,"AA-AA-000-0000"
"SITE2923","Site",21,376,0.0558510638297872,NA,NA,"Analysis_kri0010",2012-03-29,"AA-AA-000-0000"
"SITE4744","Site",21,376,0.0558510638297872,NA,NA,"Analysis_kri0010",2012-03-29,"AA-AA-000-0000"
"SITE7838","Site",21,376,0.0558510638297872,NA,NA,"Analysis_kri0010",2012-03-29,"AA-AA-000-0000"
"SITE1841","Site",20,376,0.0531914893617021,NA,NA,"Analysis_kri0010",2012-03-29,"AA-AA-000-0000"
"SITE6068","Site",20,376,0.0531914893617021,NA,NA,"Analysis_kri0010",2012-03-29,"AA-AA-000-0000"
"SITE6991","Site",20,376,0.0531914893617021,NA,NA,"Analysis_kri0010",2012-03-29,"AA-AA-000-0000"
"SITE9082","Site",20,376,0.0531914893617021,NA,NA,"Analysis_kri0010",2012-03-29,"AA-AA-000-0000"
"SITE4703","Site",19,376,0.050531914893617,NA,NA,"Analysis_kri0010",2012-03-29,"AA-AA-000-0000"
"SITE8361","Site",19,376,0.050531914893617,NA,NA,"Analysis_kri0010",2012-03-29,"AA-AA-000-0000"
"SITE9418","Site",18,376,0.0478723404255319,NA,NA,"Analysis_kri0010",2012-03-29,"AA-AA-000-0000"
"SITE8627","Site",15,376,0.0398936170212766,NA,NA,"Analysis_kri0010",2012-03-29,"AA-AA-000-0000"
"SITE9858","Site",29,752,0.038563829787234,NA,NA,"Analysis_kri0010",2012-03-29,"AA-AA-000-0000"
"SITE2894","Site",14,376,0.0372340425531915,NA,NA,"Analysis_kri0010",2012-03-29,"AA-AA-000-0000"
"SITE4028","Site",14,376,0.0372340425531915,NA,NA,"Analysis_kri0010",2012-03-29,"AA-AA-000-0000"
"SITE8616","Site",14,376,0.0372340425531915,NA,NA,"Analysis_kri0010",2012-03-29,"AA-AA-000-0000"
"SITE9147","Site",13,376,0.0345744680851064,NA,NA,"Analysis_kri0010",2012-03-29,"AA-AA-000-0000"
"SITE6155","Site",25,752,0.0332446808510638,NA,NA,"Analysis_kri0010",2012-03-29,"AA-AA-000-0000"
"SITE4754","Site",288,1000,0.288,2.04898913572829,1,"Analysis_kri0011",2012-03-29,"AA-AA-000-0000"
"SITE4424","Site",565,2000,0.2825,2.31073512612467,1,"Analysis_kri0011",2012-03-29,"AA-AA-000-0000"
"SITE8764","Site",1100,4000,0.275,2.13591115845491,1,"Analysis_kri0011",2012-03-29,"AA-AA-000-0000"
"SITE8361","Site",284,1000,0.284,1.74713265680496,0,"Analysis_kri0011",2012-03-29,"AA-AA-000-0000"
"SITE8616","Site",277,1000,0.277,1.21888381868912,0,"Analysis_kri0011",2012-03-29,"AA-AA-000-0000"
"SITE8627","Site",277,1000,0.277,1.21888381868912,0,"Analysis_kri0011",2012-03-29,"AA-AA-000-0000"
"SITE9888","Site",277,1000,0.277,1.21888381868912,0,"Analysis_kri0011",2012-03-29,"AA-AA-000-0000"
"SITE2980","Site",827,3000,0.275666666666667,1.93689178313011,0,"Analysis_kri0011",2012-03-29,"AA-AA-000-0000"
"SITE4671","Site",550,2000,0.275,1.51031726415548,0,"Analysis_kri0011",2012-03-29,"AA-AA-000-0000"
"SITE8997","Site",1094,4000,0.2735,1.90951879926241,0,"Analysis_kri0011",2012-03-29,"AA-AA-000-0000"
"SITE8835","Site",1092,4000,0.273,1.83405467953157,0,"Analysis_kri0011",2012-03-29,"AA-AA-000-0000"
"SITE7184","Site",1358,5000,0.2716,1.81429540672963,0,"Analysis_kri0011",2012-03-29,"AA-AA-000-0000"
"SITE8091","Site",543,2000,0.2715,1.13678892856986,0,"Analysis_kri0011",2012-03-29,"AA-AA-000-0000"
"SITE3090","Site",1085,4000,0.27125,1.56993026047365,0,"Analysis_kri0011",2012-03-29,"AA-AA-000-0000"
"SITE9884","Site",542,2000,0.271,1.08342773777191,0,"Analysis_kri0011",2012-03-29,"AA-AA-000-0000"
"SITE4874","Site",1083,4000,0.27075,1.49446614074282,0,"Analysis_kri0011",2012-03-29,"AA-AA-000-0000"
"SITE6405","Site",1624,6000,0.270666666666667,1.81493569240741,0,"Analysis_kri0011",2012-03-29,"AA-AA-000-0000"
"SITE7543","Site",541,2000,0.2705,1.03006654697397,0,"Analysis_kri0011",2012-03-29,"AA-AA-000-0000"
"SITE7860","Site",541,2000,0.2705,1.03006654697397,0,"Analysis_kri0011",2012-03-29,"AA-AA-000-0000"
"SITE8354","Site",1081,4000,0.27025,1.41900202101198,0,"Analysis_kri0011",2012-03-29,"AA-AA-000-0000"
"SITE3415","Site",810,3000,0.27,1.19621487583727,0,"Analysis_kri0011",2012-03-29,"AA-AA-000-0000"
"SITE9082","Site",269,1000,0.269,0.615170860842451,0,"Analysis_kri0011",2012-03-29,"AA-AA-000-0000"
"SITE4543","Site",536,2000,0.268,0.763260592984234,0,"Analysis_kri0011",2012-03-29,"AA-AA-000-0000"
"SITE4959","Site",2143,8000,0.267875,1.49984059056949,0,"Analysis_kri0011",2012-03-29,"AA-AA-000-0000"
"SITE4629","Site",1071,4000,0.26775,1.04168142235781,0,"Analysis_kri0011",2012-03-29,"AA-AA-000-0000"
"SITE8788","Site",1338,5000,0.2676,1.13932380040832,0,"Analysis_kri0011",2012-03-29,"AA-AA-000-0000"
"SITE8210","Site",1070,4000,0.2675,1.0039493624924,0,"Analysis_kri0011",2012-03-29,"AA-AA-000-0000"
"SITE8420","Site",802,3000,0.267333333333333,0.847661037111229,0,"Analysis_kri0011",2012-03-29,"AA-AA-000-0000"
"SITE4072","Site",1069,4000,0.26725,0.96621730262698,0,"Analysis_kri0011",2012-03-29,"AA-AA-000-0000"
"SITE6155","Site",532,2000,0.266,0.549815829792449,0,"Analysis_kri0011",2012-03-29,"AA-AA-000-0000"
"SITE8625","Site",2918,11000,0.265272727272727,1.10740611087008,0,"Analysis_kri0011",2012-03-29,"AA-AA-000-0000"
"SITE2373","Site",1326,5000,0.2652,0.734340836615535,0,"Analysis_kri0011",2012-03-29,"AA-AA-000-0000"
"SITE4875","Site",530,2000,0.265,0.443093448196557,0,"Analysis_kri0011",2012-03-29,"AA-AA-000-0000"
"SITE4264","Site",1325,5000,0.265,0.700592256299474,0,"Analysis_kri0011",2012-03-29,"AA-AA-000-0000"
"SITE4314","Site",1325,5000,0.265,0.700592256299474,0,"Analysis_kri0011",2012-03-29,"AA-AA-000-0000"
"SITE5384","Site",1854,7000,0.264857142857143,0.800429180492717,0,"Analysis_kri0011",2012-03-29,"AA-AA-000-0000"
"SITE9580","Site",1059,4000,0.26475,0.58889670397281,0,"Analysis_kri0011",2012-03-29,"AA-AA-000-0000"
"SITE9360","Site",2118,8000,0.26475,0.832825705595162,0,"Analysis_kri0011",2012-03-29,"AA-AA-000-0000"
"SITE7809","Site",1323,5000,0.2646,0.633095095667341,0,"Analysis_kri0011",2012-03-29,"AA-AA-000-0000"
"SITE8786","Site",2115,8000,0.264375,0.752783919398251,0,"Analysis_kri0011",2012-03-29,"AA-AA-000-0000"
"SITE4260","Site",793,3000,0.264333333333333,0.455537968544433,0,"Analysis_kri0011",2012-03-29,"AA-AA-000-0000"
"SITE8351","Site",2114,8000,0.26425,0.726103323999269,0,"Analysis_kri0011",2012-03-29,"AA-AA-000-0000"
"SITE2354","Site",792,3000,0.264,0.411968738703683,0,"Analysis_kri0011",2012-03-29,"AA-AA-000-0000"
"SITE6184","Site",792,3000,0.264,0.411968738703683,0,"Analysis_kri0011",2012-03-29,"AA-AA-000-0000"
"SITE2532","Site",1583,6000,0.263833333333333,0.551803679677005,0,"Analysis_kri0011",2012-03-29,"AA-AA-000-0000"
"SITE4485","Site",2110,8000,0.26375,0.619380942403377,0,"Analysis_kri0011",2012-03-29,"AA-AA-000-0000"
"SITE4323","Site",3159,12000,0.26325,0.62787594312396,0,"Analysis_kri0011",2012-03-29,"AA-AA-000-0000"
"SITE1727","Site",1315,5000,0.263,0.363106453138818,0,"Analysis_kri0011",2012-03-29,"AA-AA-000-0000"
"SITE3081","Site",2626,10000,0.2626,0.418054670626469,0,"Analysis_kri0011",2012-03-29,"AA-AA-000-0000"
"SITE6572","Site",525,2000,0.2625,0.176287494206826,0,"Analysis_kri0011",2012-03-29,"AA-AA-000-0000"
"SITE1257","Site",1050,4000,0.2625,0.249308165184062,0,"Analysis_kri0011",2012-03-29,"AA-AA-000-0000"
"SITE958","Site",2099,8000,0.262375,0.325894393014682,0,"Analysis_kri0011",2012-03-29,"AA-AA-000-0000"
"SITE9604","Site",1049,4000,0.26225,0.211576105318641,0,"Analysis_kri0011",2012-03-29,"AA-AA-000-0000"
"SITE7604","Site",786,3000,0.262,0.150553359659152,0,"Analysis_kri0011",2012-03-29,"AA-AA-000-0000"
"SITE5895","Site",1833,7000,0.261857142857143,0.20145129934415,0,"Analysis_kri0011",2012-03-29,"AA-AA-000-0000"
"SITE8768","Site",1047,4000,0.26175,0.136111985587807,0,"Analysis_kri0011",2012-03-29,"AA-AA-000-0000"
"SITE7096","Site",1308,5000,0.2616,0.126866390926357,0,"Analysis_kri0011",2012-03-29,"AA-AA-000-0000"
"SITE213","Site",2614,10000,0.2614,0.131688470663569,0,"Analysis_kri0011",2012-03-29,"AA-AA-000-0000"
"SITE3319","Site",1045,4000,0.26125,0.0606478658569727,0,"Analysis_kri0011",2012-03-29,"AA-AA-000-0000"
"SITE4590","Site",2873,11000,0.261181818181818,0.0835081415361309,0,"Analysis_kri0011",2012-03-29,"AA-AA-000-0000"
"SITE6900","Site",1567,6000,0.261166666666667,0.0588741137334375,0,"Analysis_kri0011",2012-03-29,"AA-AA-000-0000"
"SITE6068","Site",261,1000,0.261,0.01145790299578,0,"Analysis_kri0011",2012-03-29,"AA-AA-000-0000"
"SITE8857","Site",522,2000,0.261,0.0162039218129874,0,"Analysis_kri0011",2012-03-29,"AA-AA-000-0000"
"SITE7011","Site",1044,4000,0.261,0.02291580599156,0,"Analysis_kri0011",2012-03-29,"AA-AA-000-0000"
"SITE9737","Site",1304,5000,0.2608,-0.00812793033790863,0,"Analysis_kri0011",2012-03-29,"AA-AA-000-0000"
"SITE7983","Site",3128,12000,0.260666666666667,-0.0474471194077419,0,"Analysis_kri0011",2012-03-29,"AA-AA-000-0000"
"SITE180","Site",1824,7000,0.260571428571429,-0.055253506862377,0,"Analysis_kri0011",2012-03-29,"AA-AA-000-0000"
"SITE2901","Site",1042,4000,0.2605,-0.0525483137392739,0,"Analysis_kri0011",2012-03-29,"AA-AA-000-0000"
"SITE1102","Site",521,2000,0.2605,-0.0371572689849588,0,"Analysis_kri0011",2012-03-29,"AA-AA-000-0000"
"SITE2170","Site",1562,6000,0.260333333333333,-0.0951663756239217,0,"Analysis_kri0011",2012-03-29,"AA-AA-000-0000"
"SITE5062","Site",1041,4000,0.26025,-0.090280373604695,0,"Analysis_kri0011",2012-03-29,"AA-AA-000-0000"
"SITE5611","Site",520,2000,0.26,-0.090518459782905,0,"Analysis_kri0011",2012-03-29,"AA-AA-000-0000"
"SITE4976","Site",260,1000,0.26,-0.0640062167350539,0,"Analysis_kri0011",2012-03-29,"AA-AA-000-0000"
"SITE5289","Site",260,1000,0.26,-0.0640062167350539,0,"Analysis_kri0011",2012-03-29,"AA-AA-000-0000"
"SITE6603","Site",2339,9000,0.259888888888889,-0.217173356782108,0,"Analysis_kri0011",2012-03-29,"AA-AA-000-0000"
"SITE3289","Site",1299,5000,0.2598,-0.176870831918236,0,"Analysis_kri0011",2012-03-29,"AA-AA-000-0000"
"SITE3077","Site",519,2000,0.2595,-0.143879650580851,0,"Analysis_kri0011",2012-03-29,"AA-AA-000-0000"
"SITE3938","Site",1036,4000,0.259,-0.278940672931776,0,"Analysis_kri0011",2012-03-29,"AA-AA-000-0000"
"SITE1273","Site",259,1000,0.259,-0.139470336465888,0,"Analysis_kri0011",2012-03-29,"AA-AA-000-0000"
"SITE9418","Site",259,1000,0.259,-0.139470336465888,0,"Analysis_kri0011",2012-03-29,"AA-AA-000-0000"
"SITE1748","Site",1294,5000,0.2588,-0.345613733498564,0,"Analysis_kri0011",2012-03-29,"AA-AA-000-0000"
"SITE8633","Site",1294,5000,0.2588,-0.345613733498564,0,"Analysis_kri0011",2012-03-29,"AA-AA-000-0000"
"SITE2192","Site",2844,11000,0.258545454545455,-0.576337216479085,0,"Analysis_kri0011",2012-03-29,"AA-AA-000-0000"
"SITE3839","Site",1551,6000,0.2585,-0.43405545221013,0,"Analysis_kri0011",2012-03-29,"AA-AA-000-0000"
"SITE6384","Site",1292,5000,0.2584,-0.413110894130688,0,"Analysis_kri0011",2012-03-29,"AA-AA-000-0000"
"SITE5033","Site",2067,8000,0.258375,-0.527884659752457,0,"Analysis_kri0011",2012-03-29,"AA-AA-000-0000"
"SITE2323","Site",1550,6000,0.258333333333333,-0.4648635500816,0,"Analysis_kri0011",2012-03-29,"AA-AA-000-0000"
"SITE9142","Site",3612,14000,0.258,-0.804211095700704,0,"Analysis_kri0011",2012-03-29,"AA-AA-000-0000"
"SITE2923","Site",258,1000,0.258,-0.214934456196722,0,"Analysis_kri0011",2012-03-29,"AA-AA-000-0000"
"SITE6991","Site",258,1000,0.258,-0.214934456196722,0,"Analysis_kri0011",2012-03-29,"AA-AA-000-0000"
"SITE7004","Site",1031,4000,0.25775,-0.467600972258865,0,"Analysis_kri0011",2012-03-29,"AA-AA-000-0000"
"SITE9414","Site",1546,6000,0.257666666666667,-0.5880959415675,0,"Analysis_kri0011",2012-03-29,"AA-AA-000-0000"
"SITE3353","Site",1030,4000,0.2575,-0.505333032124277,0,"Analysis_kri0011",2012-03-29,"AA-AA-000-0000"
"SITE9858","Site",515,2000,0.2575,-0.357324413772636,0,"Analysis_kri0011",2012-03-29,"AA-AA-000-0000"
"SITE3909","Site",1287,5000,0.2574,-0.581853795711015,0,"Analysis_kri0011",2012-03-29,"AA-AA-000-0000"
"SITE3989","Site",1542,6000,0.257,-0.711328333053389,0,"Analysis_kri0011",2012-03-29,"AA-AA-000-0000"
"SITE9661","Site",771,3000,0.257,-0.502985087952175,0,"Analysis_kri0011",2012-03-29,"AA-AA-000-0000"
"SITE8799","Site",3083,12000,0.256916666666667,-1.02775479082472,0,"Analysis_kri0011",2012-03-29,"AA-AA-000-0000"
"SITE6410","Site",770,3000,0.256666666666667,-0.546554317792932,0,"Analysis_kri0011",2012-03-29,"AA-AA-000-0000"
"SITE9516","Site",770,3000,0.256666666666667,-0.546554317792932,0,"Analysis_kri0011",2012-03-29,"AA-AA-000-0000"
"SITE1982","Site",1281,5000,0.2562,-0.784345277607414,0,"Analysis_kri0011",2012-03-29,"AA-AA-000-0000"
"SITE404","Site",768,3000,0.256,-0.63369277747444,0,"Analysis_kri0011",2012-03-29,"AA-AA-000-0000"
"SITE3759","Site",256,1000,0.256,-0.36586269565839,0,"Analysis_kri0011",2012-03-29,"AA-AA-000-0000"
"SITE4744","Site",256,1000,0.256,-0.36586269565839,0,"Analysis_kri0011",2012-03-29,"AA-AA-000-0000"
"SITE1233","Site",1279,5000,0.2558,-0.851842438239538,0,"Analysis_kri0011",2012-03-29,"AA-AA-000-0000"
"SITE3068","Site",1022,4000,0.2555,-0.807189511047613,0,"Analysis_kri0011",2012-03-29,"AA-AA-000-0000"
"SITE1750","Site",1532,6000,0.255333333333333,-1.01940931176812,0,"Analysis_kri0011",2012-03-29,"AA-AA-000-0000"
"SITE6832","Site",1276,5000,0.2552,-0.953088179187742,0,"Analysis_kri0011",2012-03-29,"AA-AA-000-0000"
"SITE1934","Site",1020,4000,0.255,-0.882653630778447,0,"Analysis_kri0011",2012-03-29,"AA-AA-000-0000"
"SITE2894","Site",255,1000,0.255,-0.441326815389223,0,"Analysis_kri0011",2012-03-29,"AA-AA-000-0000"
"SITE9147","Site",255,1000,0.255,-0.441326815389223,0,"Analysis_kri0011",2012-03-29,"AA-AA-000-0000"
"SITE5425","Site",509,2000,0.2545,-0.677491558560313,0,"Analysis_kri0011",2012-03-29,"AA-AA-000-0000"
"SITE022","Site",1016,4000,0.254,-1.03358187024011,0,"Analysis_kri0011",2012-03-29,"AA-AA-000-0000"
"SITE5217","Site",254,1000,0.254,-0.516790935120057,0,"Analysis_kri0011",2012-03-29,"AA-AA-000-0000"
"SITE1841","Site",253,1000,0.253,-0.592255054850891,0,"Analysis_kri0011",2012-03-29,"AA-AA-000-0000"
"SITE1786","Site",1263,5000,0.2526,-1.39181972329659,0,"Analysis_kri0011",2012-03-29,"AA-AA-000-0000"
"SITE759","Site",1262,5000,0.2524,-1.42556830361265,0,"Analysis_kri0011",2012-03-29,"AA-AA-000-0000"
"SITE9395","Site",757,3000,0.252333333333333,-1.11295430572274,0,"Analysis_kri0011",2012-03-29,"AA-AA-000-0000"
"SITE9346","Site",2774,11000,0.252181818181818,-2.16906739099855,0,"Analysis_kri0011",2012-03-29,"AA-AA-000-0000"
"SITE6440","Site",252,1000,0.252,-0.667719174581725,0,"Analysis_kri0011",2012-03-29,"AA-AA-000-0000"
"SITE6123","Site",503,2000,0.2515,-0.99765870334799,0,"Analysis_kri0011",2012-03-29,"AA-AA-000-0000"
"SITE8517","Site",1005,4000,0.25125,-1.4486345287597,0,"Analysis_kri0011",2012-03-29,"AA-AA-000-0000"
"SITE3719","Site",753,3000,0.251,-1.28723122508577,0,"Analysis_kri0011",2012-03-29,"AA-AA-000-0000"
"SITE216","Site",1251,5000,0.2502,-1.79680268708938,0,"Analysis_kri0011",2012-03-29,"AA-AA-000-0000"
"SITE2986","Site",1247,5000,0.2494,-1.93179700835364,0,"Analysis_kri0011",2012-03-29,"AA-AA-000-0000"
"SITE1935","Site",498,2000,0.249,-1.26446465733772,0,"Analysis_kri0011",2012-03-29,"AA-AA-000-0000"
"SITE7208","Site",498,2000,0.249,-1.26446465733772,0,"Analysis_kri0011",2012-03-29,"AA-AA-000-0000"
"SITE2883","Site",746,3000,0.248666666666667,-1.59221583397105,0,"Analysis_kri0011",2012-03-29,"AA-AA-000-0000"
"SITE101","Site",497,2000,0.2485,-1.31782584813567,0,"Analysis_kri0011",2012-03-29,"AA-AA-000-0000"
"SITE3754","Site",742,3000,0.247333333333333,-1.76649275333407,0,"Analysis_kri0011",2012-03-29,"AA-AA-000-0000"
"SITE1544","Site",494,2000,0.247,-1.47790942052951,0,"Analysis_kri0011",2012-03-29,"AA-AA-000-0000"
"SITE1910","Site",986,4000,0.2465,-2.16554366620262,0,"Analysis_kri0011",2012-03-29,"AA-AA-000-0000"
"SITE3871","Site",491,2000,0.2455,-1.63799299292334,0,"Analysis_kri0011",2012-03-29,"AA-AA-000-0000"
"SITE4703","Site",245,1000,0.245,-1.19596801269756,0,"Analysis_kri0011",2012-03-29,"AA-AA-000-0000"
"SITE4028","Site",244,1000,0.244,-1.2714321324284,0,"Analysis_kri0011",2012-03-29,"AA-AA-000-0000"
"SITE7838","Site",242,1000,0.242,-1.42236037189006,0,"Analysis_kri0011",2012-03-29,"AA-AA-000-0000"
"SITE4612","Site",240,1000,0.24,-1.57328861135173,0,"Analysis_kri0011",2012-03-29,"AA-AA-000-0000"
"SITE2030","Site",237,1000,0.237,-1.79968097054423,0,"Analysis_kri0011",2012-03-29,"AA-AA-000-0000"
"SITE5289","Site",3,4,0.75,2.31812411289246,1,"Analysis_kri0012",2012-03-29,"AA-AA-000-0000"
"SITE9082","Site",3,4,0.75,2.31812411289246,1,"Analysis_kri0012",2012-03-29,"AA-AA-000-0000"
"SITE101","Site",5,7,0.714285714285714,2.85184275968818,1,"Analysis_kri0012",2012-03-29,"AA-AA-000-0000"
"SITE7208","Site",6,10,0.6,2.5872536808344,1,"Analysis_kri0012",2012-03-29,"AA-AA-000-0000"
"SITE4874","Site",7,14,0.5,2.2109243281572,1,"Analysis_kri0012",2012-03-29,"AA-AA-000-0000"
"SITE8351","Site",8,17,0.470588235294118,2.16071814517461,1,"Analysis_kri0012",2012-03-29,"AA-AA-000-0000"
"SITE4275","Site",2,3,0.666666666666667,1.67952261094077,0,"Analysis_kri0012",2012-03-29,"AA-AA-000-0000"
"SITE4754","Site",2,3,0.666666666666667,1.67952261094077,0,"Analysis_kri0012",2012-03-29,"AA-AA-000-0000"
"SITE4028","Site",3,5,0.6,1.82946462236786,0,"Analysis_kri0012",2012-03-29,"AA-AA-000-0000"
"SITE4744","Site",2,4,0.5,1.18178876343537,0,"Analysis_kri0012",2012-03-29,"AA-AA-000-0000"
"SITE7246","Site",2,4,0.5,1.18178876343537,0,"Analysis_kri0012",2012-03-29,"AA-AA-000-0000"
"SITE9147","Site",2,4,0.5,1.18178876343537,0,"Analysis_kri0012",2012-03-29,"AA-AA-000-0000"
"SITE6410","Site",4,8,0.5,1.67130169711043,0,"Analysis_kri0012",2012-03-29,"AA-AA-000-0000"
"SITE8091","Site",5,10,0.5,1.86857210282485,0,"Analysis_kri0012",2012-03-29,"AA-AA-000-0000"
"SITE9580","Site",4,9,0.444444444444444,1.39390469533403,0,"Analysis_kri0012",2012-03-29,"AA-AA-000-0000"
"SITE022","Site",3,7,0.428571428571429,1.13386519361096,0,"Analysis_kri0012",2012-03-29,"AA-AA-000-0000"
"SITE3415","Site",3,7,0.428571428571429,1.13386519361096,0,"Analysis_kri0012",2012-03-29,"AA-AA-000-0000"
"SITE3938","Site",3,7,0.428571428571429,1.13386519361096,0,"Analysis_kri0012",2012-03-29,"AA-AA-000-0000"
"SITE1841","Site",2,5,0.4,0.813095387719049,0,"Analysis_kri0012",2012-03-29,"AA-AA-000-0000"
"SITE2883","Site",2,5,0.4,0.813095387719049,0,"Analysis_kri0012",2012-03-29,"AA-AA-000-0000"
"SITE6155","Site",2,5,0.4,0.813095387719049,0,"Analysis_kri0012",2012-03-29,"AA-AA-000-0000"
"SITE2323","Site",4,10,0.4,1.14989052481529,0,"Analysis_kri0012",2012-03-29,"AA-AA-000-0000"
"SITE9737","Site",4,10,0.4,1.14989052481529,0,"Analysis_kri0012",2012-03-29,"AA-AA-000-0000"
"SITE8786","Site",5,13,0.384615384615385,1.18501182968444,0,"Analysis_kri0012",2012-03-29,"AA-AA-000-0000"
"SITE1257","Site",3,8,0.375,0.86779126580734,0,"Analysis_kri0012",2012-03-29,"AA-AA-000-0000"
"SITE1786","Site",3,8,0.375,0.86779126580734,0,"Analysis_kri0012",2012-03-29,"AA-AA-000-0000"
"SITE2373","Site",3,8,0.375,0.86779126580734,0,"Analysis_kri0012",2012-03-29,"AA-AA-000-0000"
"SITE4629","Site",4,11,0.363636363636364,0.931920957568455,0,"Analysis_kri0012",2012-03-29,"AA-AA-000-0000"
"SITE5384","Site",4,11,0.363636363636364,0.931920957568455,0,"Analysis_kri0012",2012-03-29,"AA-AA-000-0000"
"SITE5895","Site",5,14,0.357142857142857,0.99613074125764,0,"Analysis_kri0012",2012-03-29,"AA-AA-000-0000"
"SITE4155","Site",1,3,0.333333333333333,0.367395571143293,0,"Analysis_kri0012",2012-03-29,"AA-AA-000-0000"
"SITE4671","Site",1,3,0.333333333333333,0.367395571143293,0,"Analysis_kri0012",2012-03-29,"AA-AA-000-0000"
"SITE4875","Site",1,3,0.333333333333333,0.367395571143293,0,"Analysis_kri0012",2012-03-29,"AA-AA-000-0000"
"SITE7543","Site",1,3,0.333333333333333,0.367395571143293,0,"Analysis_kri0012",2012-03-29,"AA-AA-000-0000"
"SITE8857","Site",1,3,0.333333333333333,0.367395571143293,0,"Analysis_kri0012",2012-03-29,"AA-AA-000-0000"
"SITE9888","Site",1,3,0.333333333333333,0.367395571143293,0,"Analysis_kri0012",2012-03-29,"AA-AA-000-0000"
"SITE2901","Site",2,6,0.333333333333333,0.519575799466654,0,"Analysis_kri0012",2012-03-29,"AA-AA-000-0000"
"SITE3068","Site",2,6,0.333333333333333,0.519575799466654,0,"Analysis_kri0012",2012-03-29,"AA-AA-000-0000"
"SITE3754","Site",2,6,0.333333333333333,0.519575799466654,0,"Analysis_kri0012",2012-03-29,"AA-AA-000-0000"
"SITE8764","Site",2,6,0.333333333333333,0.519575799466654,0,"Analysis_kri0012",2012-03-29,"AA-AA-000-0000"
"SITE5611","Site",3,9,0.333333333333333,0.63634779569597,0,"Analysis_kri0012",2012-03-29,"AA-AA-000-0000"
"SITE759","Site",3,9,0.333333333333333,0.63634779569597,0,"Analysis_kri0012",2012-03-29,"AA-AA-000-0000"
"SITE4260","Site",4,12,0.333333333333333,0.734791142286586,0,"Analysis_kri0012",2012-03-29,"AA-AA-000-0000"
"SITE1748","Site",3,10,0.3,0.431208946805733,0,"Analysis_kri0012",2012-03-29,"AA-AA-000-0000"
"SITE2986","Site",3,10,0.3,0.431208946805733,0,"Analysis_kri0012",2012-03-29,"AA-AA-000-0000"
"SITE3289","Site",3,10,0.3,0.431208946805733,0,"Analysis_kri0012",2012-03-29,"AA-AA-000-0000"
"SITE1982","Site",2,7,0.285714285714286,0.274876410572355,0,"Analysis_kri0012",2012-03-29,"AA-AA-000-0000"
"SITE3319","Site",2,7,0.285714285714286,0.274876410572355,0,"Analysis_kri0012",2012-03-29,"AA-AA-000-0000"
"SITE7184","Site",2,7,0.285714285714286,0.274876410572355,0,"Analysis_kri0012",2012-03-29,"AA-AA-000-0000"
"SITE8997","Site",2,7,0.285714285714286,0.274876410572355,0,"Analysis_kri0012",2012-03-29,"AA-AA-000-0000"
"SITE2354","Site",1,4,0.25,0.0454534139782836,0,"Analysis_kri0012",2012-03-29,"AA-AA-000-0000"
"SITE2923","Site",1,4,0.25,0.0454534139782836,0,"Analysis_kri0012",2012-03-29,"AA-AA-000-0000"
"SITE3077","Site",1,4,0.25,0.0454534139782836,0,"Analysis_kri0012",2012-03-29,"AA-AA-000-0000"
"SITE404","Site",1,4,0.25,0.0454534139782836,0,"Analysis_kri0012",2012-03-29,"AA-AA-000-0000"
"SITE4543","Site",1,4,0.25,0.0454534139782836,0,"Analysis_kri0012",2012-03-29,"AA-AA-000-0000"
"SITE4597","Site",1,4,0.25,0.0454534139782836,0,"Analysis_kri0012",2012-03-29,"AA-AA-000-0000"
"SITE6991","Site",1,4,0.25,0.0454534139782836,0,"Analysis_kri0012",2012-03-29,"AA-AA-000-0000"
"SITE9418","Site",1,4,0.25,0.0454534139782836,0,"Analysis_kri0012",2012-03-29,"AA-AA-000-0000"
"SITE6405","Site",2,8,0.25,0.0642808345042474,0,"Analysis_kri0012",2012-03-29,"AA-AA-000-0000"
"SITE7011","Site",2,8,0.25,0.0642808345042474,0,"Analysis_kri0012",2012-03-29,"AA-AA-000-0000"
"SITE8210","Site",2,8,0.25,0.0642808345042474,0,"Analysis_kri0012",2012-03-29,"AA-AA-000-0000"
"SITE8354","Site",2,8,0.25,0.0642808345042474,0,"Analysis_kri0012",2012-03-29,"AA-AA-000-0000"
"SITE8517","Site",2,8,0.25,0.0642808345042474,0,"Analysis_kri0012",2012-03-29,"AA-AA-000-0000"
"SITE5033","Site",3,13,0.230769230769231,-0.0756390529585812,0,"Analysis_kri0012",2012-03-29,"AA-AA-000-0000"
"SITE1750","Site",2,9,0.222222222222222,-0.121209103942089,0,"Analysis_kri0012",2012-03-29,"AA-AA-000-0000"
"SITE180","Site",2,9,0.222222222222222,-0.121209103942089,0,"Analysis_kri0012",2012-03-29,"AA-AA-000-0000"
"SITE9414","Site",2,9,0.222222222222222,-0.121209103942089,0,"Analysis_kri0012",2012-03-29,"AA-AA-000-0000"
"SITE9661","Site",2,9,0.222222222222222,-0.121209103942089,0,"Analysis_kri0012",2012-03-29,"AA-AA-000-0000"
"SITE9346","Site",3,14,0.214285714285714,-0.218662845641921,0,"Analysis_kri0012",2012-03-29,"AA-AA-000-0000"
"SITE216","Site",2,10,0.2,-0.287472631203822,0,"Analysis_kri0012",2012-03-29,"AA-AA-000-0000"
"SITE1934","Site",1,5,0.2,-0.203273846929762,0,"Analysis_kri0012",2012-03-29,"AA-AA-000-0000"
"SITE2980","Site",1,5,0.2,-0.203273846929762,0,"Analysis_kri0012",2012-03-29,"AA-AA-000-0000"
"SITE7604","Site",1,5,0.2,-0.203273846929762,0,"Analysis_kri0012",2012-03-29,"AA-AA-000-0000"
"SITE9395","Site",1,5,0.2,-0.203273846929762,0,"Analysis_kri0012",2012-03-29,"AA-AA-000-0000"
"SITE9516","Site",1,5,0.2,-0.203273846929762,0,"Analysis_kri0012",2012-03-29,"AA-AA-000-0000"
"SITE9884","Site",1,5,0.2,-0.203273846929762,0,"Analysis_kri0012",2012-03-29,"AA-AA-000-0000"
"SITE6603","Site",2,11,0.181818181818182,-0.438551038855743,0,"Analysis_kri0012",2012-03-29,"AA-AA-000-0000"
"SITE7004","Site",2,11,0.181818181818182,-0.438551038855743,0,"Analysis_kri0012",2012-03-29,"AA-AA-000-0000"
"SITE9360","Site",2,11,0.181818181818182,-0.438551038855743,0,"Analysis_kri0012",2012-03-29,"AA-AA-000-0000"
"SITE9142","Site",3,18,0.166666666666667,-0.707089179546721,0,"Analysis_kri0012",2012-03-29,"AA-AA-000-0000"
"SITE1910","Site",1,6,0.166666666666667,-0.408238128152371,0,"Analysis_kri0012",2012-03-29,"AA-AA-000-0000"
"SITE3090","Site",1,6,0.166666666666667,-0.408238128152371,0,"Analysis_kri0012",2012-03-29,"AA-AA-000-0000"
"SITE4264","Site",1,6,0.166666666666667,-0.408238128152371,0,"Analysis_kri0012",2012-03-29,"AA-AA-000-0000"
"SITE5062","Site",1,6,0.166666666666667,-0.408238128152371,0,"Analysis_kri0012",2012-03-29,"AA-AA-000-0000"
"SITE6832","Site",1,6,0.166666666666667,-0.408238128152371,0,"Analysis_kri0012",2012-03-29,"AA-AA-000-0000"
"SITE7096","Site",1,6,0.166666666666667,-0.408238128152371,0,"Analysis_kri0012",2012-03-29,"AA-AA-000-0000"
"SITE9604","Site",1,6,0.166666666666667,-0.408238128152371,0,"Analysis_kri0012",2012-03-29,"AA-AA-000-0000"
"SITE2532","Site",2,13,0.153846153846154,-0.705964494280092,0,"Analysis_kri0012",2012-03-29,"AA-AA-000-0000"
"SITE4959","Site",2,13,0.153846153846154,-0.705964494280092,0,"Analysis_kri0012",2012-03-29,"AA-AA-000-0000"
"SITE8625","Site",2,14,0.142857142857143,-0.826059639091701,0,"Analysis_kri0012",2012-03-29,"AA-AA-000-0000"
"SITE1233","Site",1,7,0.142857142857143,-0.584112372466254,0,"Analysis_kri0012",2012-03-29,"AA-AA-000-0000"
"SITE3839","Site",1,7,0.142857142857143,-0.584112372466254,0,"Analysis_kri0012",2012-03-29,"AA-AA-000-0000"
"SITE8420","Site",1,7,0.142857142857143,-0.584112372466254,0,"Analysis_kri0012",2012-03-29,"AA-AA-000-0000"
"SITE8633","Site",1,7,0.142857142857143,-0.584112372466254,0,"Analysis_kri0012",2012-03-29,"AA-AA-000-0000"
"SITE8788","Site",1,7,0.142857142857143,-0.584112372466254,0,"Analysis_kri0012",2012-03-29,"AA-AA-000-0000"
"SITE2192","Site",2,16,0.125,-1.04542852150052,0,"Analysis_kri0012",2012-03-29,"AA-AA-000-0000"
"SITE3353","Site",1,8,0.125,-0.739229596798845,0,"Analysis_kri0012",2012-03-29,"AA-AA-000-0000"
"SITE3909","Site",1,8,0.125,-0.739229596798845,0,"Analysis_kri0012",2012-03-29,"AA-AA-000-0000"
"SITE3989","Site",1,8,0.125,-0.739229596798845,0,"Analysis_kri0012",2012-03-29,"AA-AA-000-0000"
"SITE6900","Site",1,8,0.125,-0.739229596798845,0,"Analysis_kri0012",2012-03-29,"AA-AA-000-0000"
"SITE7809","Site",1,8,0.125,-0.739229596798845,0,"Analysis_kri0012",2012-03-29,"AA-AA-000-0000"
"SITE4314","Site",1,9,0.111111111111111,-0.878766003580148,0,"Analysis_kri0012",2012-03-29,"AA-AA-000-0000"
"SITE3081","Site",1,12,0.0833333333333333,-1.23339941740963,0,"Analysis_kri0012",2012-03-29,"AA-AA-000-0000"
"SITE958","Site",1,12,0.0833333333333333,-1.23339941740963,0,"Analysis_kri0012",2012-03-29,"AA-AA-000-0000"
"SITE4590","Site",1,13,0.0769230769230769,-1.3362899356016,0,"Analysis_kri0012",2012-03-29,"AA-AA-000-0000"
"SITE7983","Site",1,14,0.0714285714285714,-1.43345643254148,0,"Analysis_kri0012",2012-03-29,"AA-AA-000-0000"
"SITE8799","Site",1,14,0.0714285714285714,-1.43345643254148,0,"Analysis_kri0012",2012-03-29,"AA-AA-000-0000"
"SITE4323","Site",1,15,0.0666666666666667,-1.52568273317342,0,"Analysis_kri0012",2012-03-29,"AA-AA-000-0000"
"SITE213","Site",0,11,0,-1.80902303527994,0,"Analysis_kri0012",2012-03-29,"AA-AA-000-0000"
"SITE4485","Site",0,11,0,-1.80902303527994,0,"Analysis_kri0012",2012-03-29,"AA-AA-000-0000"
"SITE2170","Site",0,10,0,-1.72483578722293,0,"Analysis_kri0012",2012-03-29,"AA-AA-000-0000"
"SITE4072","Site",0,9,0,-1.63632290321821,0,"Analysis_kri0012",2012-03-29,"AA-AA-000-0000"
"SITE1727","Site",0,7,0,-1.44310115550486,0,"Analysis_kri0012",2012-03-29,"AA-AA-000-0000"
"SITE8768","Site",0,7,0,-1.44310115550486,0,"Analysis_kri0012",2012-03-29,"AA-AA-000-0000"
"SITE2894","Site",0,5,0,-1.21964308157857,0,"Analysis_kri0012",2012-03-29,"AA-AA-000-0000"
"SITE3719","Site",0,5,0,-1.21964308157857,0,"Analysis_kri0012",2012-03-29,"AA-AA-000-0000"
"SITE6184","Site",0,5,0,-1.21964308157857,0,"Analysis_kri0012",2012-03-29,"AA-AA-000-0000"
"SITE6384","Site",0,5,0,-1.21964308157857,0,"Analysis_kri0012",2012-03-29,"AA-AA-000-0000"
"SITE8835","Site",0,5,0,-1.21964308157857,0,"Analysis_kri0012",2012-03-29,"AA-AA-000-0000"
"SITE1102","Site",0,4,0,-1.0908819354788,0,"Analysis_kri0012",2012-03-29,"AA-AA-000-0000"
"SITE7860","Site",0,4,0,-1.0908819354788,0,"Analysis_kri0012",2012-03-29,"AA-AA-000-0000"
"SITE9858","Site",0,4,0,-1.0908819354788,0,"Analysis_kri0012",2012-03-29,"AA-AA-000-0000"
"SITE3871","Site",0,3,0,-0.944731468654182,0,"Analysis_kri0012",2012-03-29,"AA-AA-000-0000"
"SITE6572","Site",0,3,0,-0.944731468654182,0,"Analysis_kri0012",2012-03-29,"AA-AA-000-0000"
"SITE7838","Site",0,3,0,-0.944731468654182,0,"Analysis_kri0012",2012-03-29,"AA-AA-000-0000"
"SITE4980","Site",1,1,1,NA,NA,"Analysis_kri0012",2012-03-29,"AA-AA-000-0000"
"SITE2657","Site",2,2,1,NA,NA,"Analysis_kri0012",2012-03-29,"AA-AA-000-0000"
"SITE1273","Site",1,2,0.5,NA,NA,"Analysis_kri0012",2012-03-29,"AA-AA-000-0000"
"SITE2030","Site",1,2,0.5,NA,NA,"Analysis_kri0012",2012-03-29,"AA-AA-000-0000"
"SITE2062","Site",1,2,0.5,NA,NA,"Analysis_kri0012",2012-03-29,"AA-AA-000-0000"
"SITE3759","Site",1,2,0.5,NA,NA,"Analysis_kri0012",2012-03-29,"AA-AA-000-0000"
"SITE4976","Site",1,2,0.5,NA,NA,"Analysis_kri0012",2012-03-29,"AA-AA-000-0000"
"SITE5217","Site",1,2,0.5,NA,NA,"Analysis_kri0012",2012-03-29,"AA-AA-000-0000"
"SITE8616","Site",1,2,0.5,NA,NA,"Analysis_kri0012",2012-03-29,"AA-AA-000-0000"
"SITE1544","Site",0,2,0,NA,NA,"Analysis_kri0012",2012-03-29,"AA-AA-000-0000"
"SITE1935","Site",0,2,0,NA,NA,"Analysis_kri0012",2012-03-29,"AA-AA-000-0000"
"SITE4424","Site",0,2,0,NA,NA,"Analysis_kri0012",2012-03-29,"AA-AA-000-0000"
"SITE4612","Site",0,2,0,NA,NA,"Analysis_kri0012",2012-03-29,"AA-AA-000-0000"
"SITE4703","Site",0,2,0,NA,NA,"Analysis_kri0012",2012-03-29,"AA-AA-000-0000"
"SITE5425","Site",0,2,0,NA,NA,"Analysis_kri0012",2012-03-29,"AA-AA-000-0000"
"SITE6068","Site",0,2,0,NA,NA,"Analysis_kri0012",2012-03-29,"AA-AA-000-0000"
"SITE6123","Site",0,2,0,NA,NA,"Analysis_kri0012",2012-03-29,"AA-AA-000-0000"
"SITE7734","Site",0,2,0,NA,NA,"Analysis_kri0012",2012-03-29,"AA-AA-000-0000"
"SITE7913","Site",0,2,0,NA,NA,"Analysis_kri0012",2012-03-29,"AA-AA-000-0000"
"SITE8084","Site",0,2,0,NA,NA,"Analysis_kri0012",2012-03-29,"AA-AA-000-0000"
"SITE8627","Site",0,2,0,NA,NA,"Analysis_kri0012",2012-03-29,"AA-AA-000-0000"
"SITE9766","Site",0,2,0,NA,NA,"Analysis_kri0012",2012-03-29,"AA-AA-000-0000"
"SITE5185","Site",0,1,0,NA,NA,"Analysis_kri0012",2012-03-29,"AA-AA-000-0000"
"SITE6440","Site",0,1,0,NA,NA,"Analysis_kri0012",2012-03-29,"AA-AA-000-0000"
"SITE8361","Site",0,1,0,NA,NA,"Analysis_kri0012",2012-03-29,"AA-AA-000-0000"
"AA-AA-000-0000","Study",27,760,0.0355263157894737,-0.629370682619036,0,"Analysis_qtl0001",2012-03-29,"AA-AA-000-0000"
"AA-AA-000-0000","Study",122,760,0.160526315789474,1.21564887548658,1,"Analysis_qtl0002",2012-03-29,"AA-AA-000-0000"
"SITE022","Site",5,178,2.80898876404494,2.80898876404494,NA,"Analysis_srs0001",2012-03-29,"AA-AA-000-0000"
"SITE101","Site",8,178,4.49438202247191,4.49438202247191,NA,"Analysis_srs0001",2012-03-29,"AA-AA-000-0000"
"SITE1102","Site",0,178,0,0,NA,"Analysis_srs0001",2012-03-29,"AA-AA-000-0000"
"SITE1233","Site",16,178,8.98876404494382,8.98876404494382,NA,"Analysis_srs0001",2012-03-29,"AA-AA-000-0000"
"SITE1257","Site",0,178,0,0,NA,"Analysis_srs0001",2012-03-29,"AA-AA-000-0000"
"SITE1273","Site",0,178,0,0,NA,"Analysis_srs0001",2012-03-29,"AA-AA-000-0000"
"SITE1544","Site",0,178,0,0,NA,"Analysis_srs0001",2012-03-29,"AA-AA-000-0000"
"SITE1727","Site",0,178,0,0,NA,"Analysis_srs0001",2012-03-29,"AA-AA-000-0000"
"SITE1748","Site",0,178,0,0,NA,"Analysis_srs0001",2012-03-29,"AA-AA-000-0000"
"SITE1750","Site",2,178,1.12359550561798,1.12359550561798,NA,"Analysis_srs0001",2012-03-29,"AA-AA-000-0000"
"SITE1786","Site",2,178,1.12359550561798,1.12359550561798,NA,"Analysis_srs0001",2012-03-29,"AA-AA-000-0000"
"SITE180","Site",0,178,0,0,NA,"Analysis_srs0001",2012-03-29,"AA-AA-000-0000"
"SITE1841","Site",0,178,0,0,NA,"Analysis_srs0001",2012-03-29,"AA-AA-000-0000"
"SITE1910","Site",0,178,0,0,NA,"Analysis_srs0001",2012-03-29,"AA-AA-000-0000"
"SITE1934","Site",1,178,0.561797752808989,0.561797752808989,NA,"Analysis_srs0001",2012-03-29,"AA-AA-000-0000"
"SITE1935","Site",0,178,0,0,NA,"Analysis_srs0001",2012-03-29,"AA-AA-000-0000"
"SITE1982","Site",2,178,1.12359550561798,1.12359550561798,NA,"Analysis_srs0001",2012-03-29,"AA-AA-000-0000"
"SITE2030","Site",0,178,0,0,NA,"Analysis_srs0001",2012-03-29,"AA-AA-000-0000"
"SITE213","Site",2,178,1.12359550561798,1.12359550561798,NA,"Analysis_srs0001",2012-03-29,"AA-AA-000-0000"
"SITE216","Site",0,178,0,0,NA,"Analysis_srs0001",2012-03-29,"AA-AA-000-0000"
"SITE2170","Site",16,178,8.98876404494382,8.98876404494382,NA,"Analysis_srs0001",2012-03-29,"AA-AA-000-0000"
"SITE2192","Site",1,178,0.561797752808989,0.561797752808989,NA,"Analysis_srs0001",2012-03-29,"AA-AA-000-0000"
"SITE2323","Site",18,178,10.1123595505618,10.1123595505618,NA,"Analysis_srs0001",2012-03-29,"AA-AA-000-0000"
"SITE2354","Site",0,178,0,0,NA,"Analysis_srs0001",2012-03-29,"AA-AA-000-0000"
"SITE2373","Site",16,178,8.98876404494382,8.98876404494382,NA,"Analysis_srs0001",2012-03-29,"AA-AA-000-0000"
"SITE2532","Site",0,178,0,0,NA,"Analysis_srs0001",2012-03-29,"AA-AA-000-0000"
"SITE2883","Site",16,178,8.98876404494382,8.98876404494382,NA,"Analysis_srs0001",2012-03-29,"AA-AA-000-0000"
"SITE2894","Site",0,178,0,0,NA,"Analysis_srs0001",2012-03-29,"AA-AA-000-0000"
"SITE2901","Site",9,178,5.0561797752809,5.0561797752809,NA,"Analysis_srs0001",2012-03-29,"AA-AA-000-0000"
"SITE2923","Site",0,178,0,0,NA,"Analysis_srs0001",2012-03-29,"AA-AA-000-0000"
"SITE2980","Site",0,178,0,0,NA,"Analysis_srs0001",2012-03-29,"AA-AA-000-0000"
"SITE2986","Site",16,178,8.98876404494382,8.98876404494382,NA,"Analysis_srs0001",2012-03-29,"AA-AA-000-0000"
"SITE3068","Site",0,178,0,0,NA,"Analysis_srs0001",2012-03-29,"AA-AA-000-0000"
"SITE3077","Site",0,178,0,0,NA,"Analysis_srs0001",2012-03-29,"AA-AA-000-0000"
"SITE3081","Site",0,178,0,0,NA,"Analysis_srs0001",2012-03-29,"AA-AA-000-0000"
"SITE3090","Site",0,178,0,0,NA,"Analysis_srs0001",2012-03-29,"AA-AA-000-0000"
"SITE3289","Site",0,178,0,0,NA,"Analysis_srs0001",2012-03-29,"AA-AA-000-0000"
"SITE3319","Site",0,178,0,0,NA,"Analysis_srs0001",2012-03-29,"AA-AA-000-0000"
"SITE3353","Site",0,178,0,0,NA,"Analysis_srs0001",2012-03-29,"AA-AA-000-0000"
"SITE3415","Site",0,178,0,0,NA,"Analysis_srs0001",2012-03-29,"AA-AA-000-0000"
"SITE3719","Site",0,178,0,0,NA,"Analysis_srs0001",2012-03-29,"AA-AA-000-0000"
"SITE3754","Site",0,178,0,0,NA,"Analysis_srs0001",2012-03-29,"AA-AA-000-0000"
"SITE3759","Site",0,178,0,0,NA,"Analysis_srs0001",2012-03-29,"AA-AA-000-0000"
"SITE3839","Site",4,178,2.24719101123596,2.24719101123596,NA,"Analysis_srs0001",2012-03-29,"AA-AA-000-0000"
"SITE3871","Site",0,178,0,0,NA,"Analysis_srs0001",2012-03-29,"AA-AA-000-0000"
"SITE3909","Site",0,178,0,0,NA,"Analysis_srs0001",2012-03-29,"AA-AA-000-0000"
"SITE3938","Site",0,178,0,0,NA,"Analysis_srs0001",2012-03-29,"AA-AA-000-0000"
"SITE3989","Site",0,178,0,0,NA,"Analysis_srs0001",2012-03-29,"AA-AA-000-0000"
"SITE4028","Site",0,178,0,0,NA,"Analysis_srs0001",2012-03-29,"AA-AA-000-0000"
"SITE404","Site",0,178,0,0,NA,"Analysis_srs0001",2012-03-29,"AA-AA-000-0000"
"SITE4072","Site",0,178,0,0,NA,"Analysis_srs0001",2012-03-29,"AA-AA-000-0000"
"SITE4155","Site",0,178,0,0,NA,"Analysis_srs0001",2012-03-29,"AA-AA-000-0000"
"SITE4260","Site",0,178,0,0,NA,"Analysis_srs0001",2012-03-29,"AA-AA-000-0000"
"SITE4264","Site",0,178,0,0,NA,"Analysis_srs0001",2012-03-29,"AA-AA-000-0000"
"SITE4275","Site",0,178,0,0,NA,"Analysis_srs0001",2012-03-29,"AA-AA-000-0000"
"SITE4314","Site",34,178,19.1011235955056,19.1011235955056,NA,"Analysis_srs0001",2012-03-29,"AA-AA-000-0000"
"SITE4323","Site",16,178,8.98876404494382,8.98876404494382,NA,"Analysis_srs0001",2012-03-29,"AA-AA-000-0000"
"SITE4424","Site",1,178,0.561797752808989,0.561797752808989,NA,"Analysis_srs0001",2012-03-29,"AA-AA-000-0000"
"SITE4485","Site",2,178,1.12359550561798,1.12359550561798,NA,"Analysis_srs0001",2012-03-29,"AA-AA-000-0000"
"SITE4543","Site",1,178,0.561797752808989,0.561797752808989,NA,"Analysis_srs0001",2012-03-29,"AA-AA-000-0000"
"SITE4590","Site",0,178,0,0,NA,"Analysis_srs0001",2012-03-29,"AA-AA-000-0000"
"SITE4597","Site",4,178,2.24719101123596,2.24719101123596,NA,"Analysis_srs0001",2012-03-29,"AA-AA-000-0000"
"SITE4612","Site",0,178,0,0,NA,"Analysis_srs0001",2012-03-29,"AA-AA-000-0000"
"SITE4629","Site",1,178,0.561797752808989,0.561797752808989,NA,"Analysis_srs0001",2012-03-29,"AA-AA-000-0000"
"SITE4671","Site",0,178,0,0,NA,"Analysis_srs0001",2012-03-29,"AA-AA-000-0000"
"SITE4703","Site",0,178,0,0,NA,"Analysis_srs0001",2012-03-29,"AA-AA-000-0000"
"SITE4744","Site",0,178,0,0,NA,"Analysis_srs0001",2012-03-29,"AA-AA-000-0000"
"SITE4754","Site",1,178,0.561797752808989,0.561797752808989,NA,"Analysis_srs0001",2012-03-29,"AA-AA-000-0000"
"SITE4874","Site",24,178,13.4831460674157,13.4831460674157,NA,"Analysis_srs0001",2012-03-29,"AA-AA-000-0000"
"SITE4875","Site",0,178,0,0,NA,"Analysis_srs0001",2012-03-29,"AA-AA-000-0000"
"SITE4959","Site",1,178,0.561797752808989,0.561797752808989,NA,"Analysis_srs0001",2012-03-29,"AA-AA-000-0000"
"SITE4976","Site",0,178,0,0,NA,"Analysis_srs0001",2012-03-29,"AA-AA-000-0000"
"SITE5033","Site",1,178,0.561797752808989,0.561797752808989,NA,"Analysis_srs0001",2012-03-29,"AA-AA-000-0000"
"SITE5062","Site",0,178,0,0,NA,"Analysis_srs0001",2012-03-29,"AA-AA-000-0000"
"SITE5217","Site",0,178,0,0,NA,"Analysis_srs0001",2012-03-29,"AA-AA-000-0000"
"SITE5289","Site",8,178,4.49438202247191,4.49438202247191,NA,"Analysis_srs0001",2012-03-29,"AA-AA-000-0000"
"SITE5384","Site",16,178,8.98876404494382,8.98876404494382,NA,"Analysis_srs0001",2012-03-29,"AA-AA-000-0000"
"SITE5425","Site",0,178,0,0,NA,"Analysis_srs0001",2012-03-29,"AA-AA-000-0000"
"SITE5611","Site",0,178,0,0,NA,"Analysis_srs0001",2012-03-29,"AA-AA-000-0000"
"SITE5895","Site",0,178,0,0,NA,"Analysis_srs0001",2012-03-29,"AA-AA-000-0000"
"SITE6068","Site",0,178,0,0,NA,"Analysis_srs0001",2012-03-29,"AA-AA-000-0000"
"SITE6123","Site",0,178,0,0,NA,"Analysis_srs0001",2012-03-29,"AA-AA-000-0000"
"SITE6155","Site",0,178,0,0,NA,"Analysis_srs0001",2012-03-29,"AA-AA-000-0000"
"SITE6184","Site",0,178,0,0,NA,"Analysis_srs0001",2012-03-29,"AA-AA-000-0000"
"SITE6384","Site",0,178,0,0,NA,"Analysis_srs0001",2012-03-29,"AA-AA-000-0000"
"SITE6405","Site",0,178,0,0,NA,"Analysis_srs0001",2012-03-29,"AA-AA-000-0000"
"SITE6410","Site",0,178,0,0,NA,"Analysis_srs0001",2012-03-29,"AA-AA-000-0000"
"SITE6440","Site",0,178,0,0,NA,"Analysis_srs0001",2012-03-29,"AA-AA-000-0000"
"SITE6572","Site",0,178,0,0,NA,"Analysis_srs0001",2012-03-29,"AA-AA-000-0000"
"SITE6603","Site",4,178,2.24719101123596,2.24719101123596,NA,"Analysis_srs0001",2012-03-29,"AA-AA-000-0000"
"SITE6832","Site",0,178,0,0,NA,"Analysis_srs0001",2012-03-29,"AA-AA-000-0000"
"SITE6900","Site",0,178,0,0,NA,"Analysis_srs0001",2012-03-29,"AA-AA-000-0000"
"SITE6991","Site",32,178,17.9775280898876,17.9775280898876,NA,"Analysis_srs0001",2012-03-29,"AA-AA-000-0000"
"SITE7004","Site",16,178,8.98876404494382,8.98876404494382,NA,"Analysis_srs0001",2012-03-29,"AA-AA-000-0000"
"SITE7011","Site",1,178,0.561797752808989,0.561797752808989,NA,"Analysis_srs0001",2012-03-29,"AA-AA-000-0000"
"SITE7096","Site",0,178,0,0,NA,"Analysis_srs0001",2012-03-29,"AA-AA-000-0000"
"SITE7184","Site",0,178,0,0,NA,"Analysis_srs0001",2012-03-29,"AA-AA-000-0000"
"SITE7208","Site",8,178,4.49438202247191,4.49438202247191,NA,"Analysis_srs0001",2012-03-29,"AA-AA-000-0000"
"SITE7246","Site",0,178,0,0,NA,"Analysis_srs0001",2012-03-29,"AA-AA-000-0000"
"SITE7543","Site",0,178,0,0,NA,"Analysis_srs0001",2012-03-29,"AA-AA-000-0000"
"SITE759","Site",0,178,0,0,NA,"Analysis_srs0001",2012-03-29,"AA-AA-000-0000"
"SITE7604","Site",1,178,0.561797752808989,0.561797752808989,NA,"Analysis_srs0001",2012-03-29,"AA-AA-000-0000"
"SITE7809","Site",32,178,17.9775280898876,17.9775280898876,NA,"Analysis_srs0001",2012-03-29,"AA-AA-000-0000"
"SITE7838","Site",32,178,17.9775280898876,17.9775280898876,NA,"Analysis_srs0001",2012-03-29,"AA-AA-000-0000"
"SITE7860","Site",0,178,0,0,NA,"Analysis_srs0001",2012-03-29,"AA-AA-000-0000"
"SITE7983","Site",32,178,17.9775280898876,17.9775280898876,NA,"Analysis_srs0001",2012-03-29,"AA-AA-000-0000"
"SITE8084","Site",0,178,0,0,NA,"Analysis_srs0001",2012-03-29,"AA-AA-000-0000"
"SITE8091","Site",33,178,18.5393258426966,18.5393258426966,NA,"Analysis_srs0001",2012-03-29,"AA-AA-000-0000"
"SITE8210","Site",16,178,8.98876404494382,8.98876404494382,NA,"Analysis_srs0001",2012-03-29,"AA-AA-000-0000"
"SITE8351","Site",8,178,4.49438202247191,4.49438202247191,NA,"Analysis_srs0001",2012-03-29,"AA-AA-000-0000"
"SITE8354","Site",16,178,8.98876404494382,8.98876404494382,NA,"Analysis_srs0001",2012-03-29,"AA-AA-000-0000"
"SITE8361","Site",0,178,0,0,NA,"Analysis_srs0001",2012-03-29,"AA-AA-000-0000"
"SITE8420","Site",4,178,2.24719101123596,2.24719101123596,NA,"Analysis_srs0001",2012-03-29,"AA-AA-000-0000"
"SITE8517","Site",17,178,9.55056179775281,9.55056179775281,NA,"Analysis_srs0001",2012-03-29,"AA-AA-000-0000"
"SITE8616","Site",0,178,0,0,NA,"Analysis_srs0001",2012-03-29,"AA-AA-000-0000"
"SITE8625","Site",0,178,0,0,NA,"Analysis_srs0001",2012-03-29,"AA-AA-000-0000"
"SITE8627","Site",0,178,0,0,NA,"Analysis_srs0001",2012-03-29,"AA-AA-000-0000"
"SITE8633","Site",16,178,8.98876404494382,8.98876404494382,NA,"Analysis_srs0001",2012-03-29,"AA-AA-000-0000"
"SITE8764","Site",1,178,0.561797752808989,0.561797752808989,NA,"Analysis_srs0001",2012-03-29,"AA-AA-000-0000"
"SITE8768","Site",16,178,8.98876404494382,8.98876404494382,NA,"Analysis_srs0001",2012-03-29,"AA-AA-000-0000"
"SITE8786","Site",16,178,8.98876404494382,8.98876404494382,NA,"Analysis_srs0001",2012-03-29,"AA-AA-000-0000"
"SITE8788","Site",16,178,8.98876404494382,8.98876404494382,NA,"Analysis_srs0001",2012-03-29,"AA-AA-000-0000"
"SITE8799","Site",1,178,0.561797752808989,0.561797752808989,NA,"Analysis_srs0001",2012-03-29,"AA-AA-000-0000"
"SITE8835","Site",0,178,0,0,NA,"Analysis_srs0001",2012-03-29,"AA-AA-000-0000"
"SITE8857","Site",0,178,0,0,NA,"Analysis_srs0001",2012-03-29,"AA-AA-000-0000"
"SITE8997","Site",4,178,2.24719101123596,2.24719101123596,NA,"Analysis_srs0001",2012-03-29,"AA-AA-000-0000"
"SITE9082","Site",8,178,4.49438202247191,4.49438202247191,NA,"Analysis_srs0001",2012-03-29,"AA-AA-000-0000"
"SITE9142","Site",0,178,0,0,NA,"Analysis_srs0001",2012-03-29,"AA-AA-000-0000"
"SITE9147","Site",0,178,0,0,NA,"Analysis_srs0001",2012-03-29,"AA-AA-000-0000"
"SITE9346","Site",1,178,0.561797752808989,0.561797752808989,NA,"Analysis_srs0001",2012-03-29,"AA-AA-000-0000"
"SITE9360","Site",0,178,0,0,NA,"Analysis_srs0001",2012-03-29,"AA-AA-000-0000"
"SITE9395","Site",0,178,0,0,NA,"Analysis_srs0001",2012-03-29,"AA-AA-000-0000"
"SITE9414","Site",0,178,0,0,NA,"Analysis_srs0001",2012-03-29,"AA-AA-000-0000"
"SITE9418","Site",0,178,0,0,NA,"Analysis_srs0001",2012-03-29,"AA-AA-000-0000"
"SITE9516","Site",0,178,0,0,NA,"Analysis_srs0001",2012-03-29,"AA-AA-000-0000"
"SITE958","Site",1,178,0.561797752808989,0.561797752808989,NA,"Analysis_srs0001",2012-03-29,"AA-AA-000-0000"
"SITE9580","Site",16,178,8.98876404494382,8.98876404494382,NA,"Analysis_srs0001",2012-03-29,"AA-AA-000-0000"
"SITE9604","Site",0,178,0,0,NA,"Analysis_srs0001",2012-03-29,"AA-AA-000-0000"
"SITE9661","Site",1,178,0.561797752808989,0.561797752808989,NA,"Analysis_srs0001",2012-03-29,"AA-AA-000-0000"
"SITE9737","Site",8,178,4.49438202247191,4.49438202247191,NA,"Analysis_srs0001",2012-03-29,"AA-AA-000-0000"
"SITE9858","Site",0,178,0,0,NA,"Analysis_srs0001",2012-03-29,"AA-AA-000-0000"
"SITE9884","Site",0,178,0,0,NA,"Analysis_srs0001",2012-03-29,"AA-AA-000-0000"
"SITE9888","Site",16,178,8.98876404494382,8.98876404494382,NA,"Analysis_srs0001",2012-03-29,"AA-AA-000-0000"
